player_id,full_name,first_name,last_name,position,team,status
6462,Ellis Richardson,Ellis,Richardson,TE,,Active
11255,Nick Amoah,Nick,Amoah,OL,,Active
8842,Malkelm Morrison,Malkelm,Morrison,CB,,Injured Reserve
13940,Bruno Fina,Bruno,Fina,OL,BUF,Active
7926,Carl Tucker,Carl,Tucker,TE,,Active
1875,C.J. Mosley,C.J.,Mosley,LB,,Active
8478,Samuel Womack,Samuel,Womack,CB,NYJ,Active
995,Ron Parker,Ron,Parker,FS,,Injured Reserve
1408,Le'Veon Bell,Le'Veon,Bell,RB,TB,Active
8074,Matt Seybert,Matt,Seybert,TE,,Active
156,William Gay,William,Gay,CB,,Inactive
7311,Javin White,Javin,White,LB,,Active
2091,Bashaud Breeland,Bashaud,Breeland,CB,ARI,Active
13175,Kinkead Dent,Kinkead,Dent,QB,,Inactive
11533,Brandon Aubrey,Brandon,Aubrey,K,DAL,Active
2508,Amarlo Herrera,Amarlo,Herrera,LB,,Inactive
2199,Kasim Edebali,Kasim,Edebali,DE,,Inactive
2881,Tyler Slavin,Tyler,Slavin,WR,,Inactive
2064,DeMarcus Lawrence,DeMarcus,Lawrence,DE,SEA,Active
1284,Lance Dunbar,Lance,Dunbar,RB,,Inactive
2801,DeAndrew White,DeAndrew,White,WR,,Inactive
4501,Devaroe Lawrence,Devaroe,Lawrence,DT,,Active
5852,DeAndre Baker,DeAndre,Baker,CB,,Active
1073,Taylor Thompson,Taylor,Thompson,TE,,Inactive
13569,Toriano Pride,Toriano,Pride,CB,BUF,Active
3374,Kevon Seymour,Kevon,Seymour,CB,,Active
8012,Corey Straughter,Corey,Straughter,CB,,Active
7918,A.J. Rose,A.J.,Rose,RB,,Active
777,Erik Pears,Erik,Pears,T,,Inactive
13229,Decarius Hawthorne,Decarius,Hawthorne,DL,,Active
13618,Jacob Thomas,Jacob,Thomas,DB,MIN,Active
5428,Ricky Jeune,Ricky,Jeune,WR,,Active
1982,Aaron Colvin,Aaron,Colvin,CB,,Active
12376,Marquis Wilson,Marquis,Wilson,DB,,Active
7882,Christian Uphoff,Christian,Uphoff,DB,,Active
8733,Jake Hummel,Jake,Hummel,LB,HOU,Active
13221,Brett Gabbert,Brett,Gabbert,QB,,Active
11522,Jerome Kapp,Jerome,Kapp,WR,,Active
2474,Nick Boyle,Nick,Boyle,TE,,Active
8852,Ty Clary,Ty,Clary,OL,,Inactive
8809,Aaron Shampklin,Aaron,Shampklin,RB,,Active
9487,Parker Washington,Parker,Washington,WR,JAX,Active
6923,Geno Stone,Geno,Stone,DB,BUF,Active
1907,Johnny Manziel,Johnny,Manziel,QB,,Inactive
7325,Joe Gaziano,Joe,Gaziano,DE,,Active
8716,Jarrid Williams,Jarrid,Williams,OL,,Active
6648,Brock Ruble,Brock,Ruble,OT,,Active
3342,Jakeem Grant,Jakeem,Grant,WR,,Active
1684,Jaron Brown,Jaron,Brown,WR,,Active
3268,Eric Murray,Eric,Murray,DB,JAX,Active
4449,Nicholas Morrow,Nicholas,Morrow,LB,,Active
11072,Joshua Pryor,Joshua,Pryor,DL,,Active
6918,Salvon Ahmed,Salvon,Ahmed,RB,CHI,Active
6137,Tommy Sweeney,Tommy,Sweeney,TE,,Active
12784,Jason Ivey,Jason,Ivey,OL,,Active
12602,Mykel Williams,Mykel,Williams,DL,SF,Active
11340,Brad Cecil,Brad,Cecil,OL,,Active
5668,Aaron Stinnie,Aaron,Stinnie,G,NYG,Active
13132,JJ Roberts,JJ,Roberts,DB,TB,Active
3561,Bryce Williams,Bryce,Williams,TE,,Active
832,Ryan Whalen,Ryan,Whalen,WR,,Inactive
12586,Cameron Williams,Cameron,Williams,OL,PHI,Active
6751,Duplicate Player,Duplicate,Player,,,Inactive
3356,Kyle Murphy,Kyle,Murphy,OT,NO,Active
6786,CeeDee Lamb,CeeDee,Lamb,WR,DAL,Active
5038,Michael Gallup,Michael,Gallup,WR,,Active
10938,D.J. Johnson,D.J.,Johnson,LB,WAS,Active
4433,Xavier Coleman,Xavier,Coleman,CB,,Inactive
11584,Bucky Irving,Bucky,Irving,RB,TB,Active
1195,Doug Martin,Doug,Martin,RB,,Inactive
2023,De'Anthony Thomas,De'Anthony,Thomas,WR,,Inactive
1461,Mike Catapano,Mike,Catapano,LB,,Inactive
7116,Kevin Dotson,Kevin,Dotson,OL,LAR,Active
4907,Nick Sirianni,Nick,Sirianni,,,Inactive
11649,Kendall Milton,Kendall,Milton,RB,CIN,Active
6783,Jerry Jeudy,Jerry,Jeudy,WR,CLE,Active
12887,Joshua Gray,Joshua,Gray,OL,,Active
5592,Tejan Koroma,Tejan,Koroma,C,,Active
2481,Max Valles,Max,Valles,LB,,Inactive
221,Brent Celek,Brent,Celek,TE,,Inactive
387,Knowshon Moreno,Knowshon,Moreno,RB,,Inactive
13600,Tyren Montgomery,Tyren,Montgomery,WR,TEN,Active
8432,Player Invalid,Player,Invalid,TE,,Inactive
7232,Rashad Smith,Rashad,Smith,LB,,Active
12213,Anthony Sao,Anthony,Sao,CB,,Active
11616,Jacob Cowing,Jacob,Cowing,WR,SF,Active
5965,Miles Boykin,Miles,Boykin,WR,,Active
2125,Andrew Peacock,Andrew,Peacock,WR,,Inactive
11770,JD Bertrand,JD,Bertrand,LB,ATL,Active
13064,Dorian Singer,Dorian,Singer,WR,,Active
4992,Dante Pettis,Dante,Pettis,WR,BUF,Active
1590,Eric Reid,Eric,Reid,SS,,Active
4804,Darrell Brown,Darrell,Brown,OT,,Active
4529,Ryan Lewis,Ryan,Lewis,CB,,Inactive
12739,Tommy Akingbesote,Tommy,Akingbesote,DT,BUF,Active
13479,Kyle Louis,Kyle,Louis,LB,MIA,Active
13525,Beau Stephens,Beau,Stephens,G,SEA,Active
439,JJ Jansen,JJ,Jansen,LS,CAR,Active
6858,James Lynch,James,Lynch,DT,CHI,Active
1510,Jordan Mills,Jordan,Mills,T,,Active
12785,Dom Jones,Dom,Jones,DB,,Active
4925,Jordan Wade,Jordan,Wade,G,OAK,Active
3620,Bralon Addison,Bralon,Addison,WR,,Inactive
11155,Christian Sims,Christian,Sims,TE,,Active
12814,Josh Kaltenberger,Josh,Kaltenberger,OL,LAC,Active
1995,Telvin Smith,Telvin,Smith,LB,,Injured Reserve
10926,Marte Mapu,Marte,Mapu,DB,HOU,Active
9504,Kayshon Boutte,Kayshon,Boutte,WR,NE,Active
4828,Rashard Davis,Rashard,Davis,WR,,Active
1914,Dri Archer,Dri,Archer,RB,,Inactive
11525,Daniel Whelan,Daniel,Whelan,P,,Active
1711,Darren Woodard,Darren,Woodard,CB,,Inactive
4396,Drew Morgan,Drew,Morgan,WR,,Active
12633,Wyatt Milum,Wyatt,Milum,OL,JAX,Active
4038,John Ross,John,Ross,WR,,Active
1148,Kyle Wilber,Kyle,Wilber,LB,,Active
12507,Omarion Hampton,Omarion,Hampton,RB,LAC,Active
914,Leonard Hankerson,Leonard,Hankerson,WR,,Inactive
1649,Jordan Kovacs,Jordan,Kovacs,DB,,Inactive
12758,Hayden Harris,Hayden,Harris,DE,,Active
13786,Austin Brown,Austin,Brown,DB,IND,Active
11439,Jaleel McLaughlin,Jaleel,McLaughlin,RB,DEN,Active
11282,Johnny King,Johnny,King,WR,,Active
3730,Tevin Jones,Tevin,Jones,WR,,Active
7153,Kyle Hinton,Kyle,Hinton,G,ATL,Active
3414,Anthony Sarao,Anthony,Sarao,ILB,,Active
186,DeMarcus Ware,DeMarcus,Ware,DE,,Inactive
13558,Tim Keenan,Tim,Keenan,DT,LAR,Active
13302,Adam Randall,Adam,Randall,RB,BAL,Active
11450,Tyler Beach,Tyler,Beach,OL,,Active
11109,Mark Evans,Mark,Evans,OL,,Active
1150,Shea McClellin,Shea,McClellin,LB,,Inactive
1813,Randell Johnson,Randell,Johnson,LB,,Inactive
4788,Duplicate Player,Duplicate,Player,CB,,Inactive
8533,Josh Sokol,Josh,Sokol,C,,Active
2330,Shaq Thompson,Shaq,Thompson,LB,,Active
1609,Chris Pantale,Chris,Pantale,TE,,Inactive
5718,Ryan Yurachek,Ryan,Yurachek,TE,,Active
3916,David Watford,David,Watford,WR,,Active
12964,Michael Tarquin,Michael,Tarquin,OT,,Active
12452,Ralph Holley,Ralph,Holley,DT,,Active
6639,Terrell Bonds,Terrell,Bonds,CB,,Active
5530,Evan Berry,Evan,Berry,WR,,Active
11445,Taylor Grimes,Taylor,Grimes,WR,,Active
174,Jay Ratliff,Jay,Ratliff,NT,,Inactive
5619,Dalyn Dawkins,Dalyn,Dawkins,RB,,Active
5122,Boston Scott,Boston,Scott,RB,,Active
7823,Nate Hobbs,Nate,Hobbs,CB,SF,Active
5396,Sergio Bailey II,Sergio,Bailey II,WR,,Inactive
7160,Ledarius Mack,Ledarius,Mack,LB,,Inactive
2854,Kenneth Horsley,Kenneth,Horsley,DT,,Active
11629,Devontez Walker,Devontez,Walker,WR,BAL,Active
6623,Jomon Dotson,Jomon,Dotson,DB,,Inactive
5031,Oren Burks,Oren,Burks,LB,CIN,Active
13295,Behren Morton,Behren,Morton,QB,NE,Active
13024,Jay Higgins,Jay,Higgins,LB,BAL,Active
680,Kory Lichtensteiger,Kory,Lichtensteiger,C,,Inactive
12446,Marvin Moody,Marvin,Moody,LB,,Active
526,Arthur Jones,Arthur,Jones,DE,,Inactive
12342,Travis Benham,Travis,Benham,P,,Active
7229,Dieter Eiselen,Dieter,Eiselen,OL,,Active
6478,Ryan Crozier,Ryan,Crozier,G,,Active
3060,Kevin Coyle,Kevin,Coyle,,,Inactive
2109,Ryan Groy,Ryan,Groy,G,,Inactive
5003,Shaquem Griffin,Shaquem,Griffin,LB,,Active
355,Brian Leonard,Brian,Leonard,RB,,Inactive
14033,Larry Worth,Larry,Worth,DB,SF,Active
506,David Nelson,David,Nelson,WR,,Inactive
737,Mickey Shuler,Mickey,Shuler,TE,,Inactive
12766,Devin Brandt-Epps,Devin,Brandt-Epps,DL,,Active
1749,Jake Stoneburner,Jake,Stoneburner,TE,,Inactive
4758,Brett Veach,Brett,Veach,,,Inactive
8361,Damarion Williams,Damarion,Williams,DB,TB,Active
3054,Tyreek Burwell,Tyreek,Burwell,T,,Inactive
2320,Melvin Gordon,Melvin,Gordon,RB,,Active
11037,Cory Trice,Cory,Trice,CB,,Active
1100,Jared Crick,Jared,Crick,DE,,Inactive
1895,AJ McCarron,AJ,McCarron,QB,,Active
11906,Ty James,Ty,James,WR,,Active
5040,Tarvarius Moore,Tarvarius,Moore,DB,,Active
12493,Oronde Gadsden,Oronde,Gadsden,TE,LAC,Active
2496,Malcolm Johnson,Malcolm,Johnson,FB,,Active
3876,Michael Wakefield,Michael,Wakefield,OLB,,Inactive
13523,Dalton Johnson,Dalton,Johnson,DB,LV,Active
7144,Clay Johnston,Clay,Johnston,LB,,Active
3728,Brian Price,Brian,Price,DT,,Injured Reserve
6581,Derick Roberson,Derick,Roberson,LB,,Active
4712,Johnny Ragin,Johnny,Ragin,ILB,,Active
1660,Brynden Trawick,Brynden,Trawick,FS,,Active
287,Brad Smith,Brad,Smith,WR,,Inactive
7258,Luke Sellers,Luke,Sellers,FB,,Inactive
3040,David Irving,David,Irving,DE,,Inactive
14050,Courtland Ford,Courtland,Ford,OL,NYJ,Active
12028,TaMerik Williams,TaMerik,Williams,RB,,Active
521,Jeff Cumberland,Jeff,Cumberland,TE,,Inactive
7399,Bejour Wilson,Bejour,Wilson,CB,,Active
1279,Orie Lemon,Orie,Lemon,LB,,Inactive
4379,Geoff Gray,Geoff,Gray,G,,Inactive
1991,Rashaad Reynolds,Rashaad,Reynolds,CB,,Active
11512,Tyrus Wheat,Tyrus,Wheat,DE,DAL,Active
12699,LaJohntay Wester,LaJohntay,Wester,WR,BAL,Active
3488,D.J. Foster,D.J.,Foster,RB,,Inactive
11044,Nick Broeker,Nick,Broeker,OL,BUF,Active
630,Phillip Adams,Phillip,Adams,CB,,Inactive
5557,Emmanuel Beal,Emmanuel,Beal,ILB,,Active
4909,Duce Staley,Duce,Staley,RB,,Inactive
1412,Shamarko Thomas,Shamarko,Thomas,SS,,Inactive
3697,Kyle Rose,Kyle,Rose,NT,,Inactive
4281,Josh Carraway,Josh,Carraway,OLB,,Inactive
13323,Rahsul Faison,Rahsul,Faison,RB,,Active
12244,DeAngelo Hardy,DeAngelo,Hardy,WR,,Active
13233,Joey Lombard,Joey,Lombard,OL,,Active
7497,Kamaal Seymour,Kamaal,Seymour,OT,,Active
489,Jamon Meredith,Jamon,Meredith,T,,Inactive
1387,Rex Burkhead,Rex,Burkhead,RB,,Active
3759,Gabe Hughes,Gabe,Hughes,TE,,Inactive
8030,Emmanuel Rugamba,Emmanuel,Rugamba,CB,,Active
5832,Mercy Maston,Mercy,Maston,CB,,Active
11122,Andrew Farmer,Andrew,Farmer,LB,SF,Inactive
6559,Tanner Volson,Tanner,Volson,C,,Active
7386,Malcolm Elmore,Malcolm,Elmore,DB,,Active
7553,Kyle Pitts,Kyle,Pitts,TE,ATL,Active
5143,Demario Richard,Demario,Richard,RB,,Active
5308,Duplicate Player,Duplicate,Player,DE,LAR,Inactive
12640,Teddye Buchanan,Teddye,Buchanan,LB,BAL,Active
1172,Don Barclay,Don,Barclay,G,,Inactive
5617,Austin Barnard,Austin,Barnard,P,,Active
5664,Trent Harris,Trent,Harris,LB,,Active
2874,Leon Mackey,Leon,Mackey,DE,,Inactive
4065,Derek Barnett,Derek,Barnett,DE,,Active
7501,Evan Foster,Evan,Foster,S,,Inactive
8410,Jequez Ezzard,Jequez,Ezzard,WR,,Active
12694,RJ Mickens,RJ,Mickens,DB,LAC,Active
5845,Dwayne Haskins,Dwayne,Haskins,QB,PIT,Active
2025,Albert Wilson,Albert,Wilson,WR,,Active
5838,Phillip Andersen,Phillip,Andersen,K,,Active
12300,Joshua Lingenfelter,Joshua,Lingenfelter,TE,,Active
767,Chris Baker,Chris,Baker,DT,,Inactive
8645,Benjie Franklin,Benjie,Franklin,CB,,Active
1523,Josh Boyd,Josh,Boyd,DT,,Inactive
11134,Kaleb Hayes,Kaleb,Hayes,CB,,Active
11304,E.J. Jenkins,E.J.,Jenkins,TE,PHI,Active
8502,Cade Mays,Cade,Mays,OL,DET,Active
10940,Nick Herbig,Nick,Herbig,LB,PIT,Active
5534,Elijah Campbell,Elijah,Campbell,DB,NYG,Active
4746,Ryan Reid,Ryan,Reid,CB,,Active
7970,Ar'Darius Washington,Ar'Darius,Washington,DB,NYG,Active
19,Joe Flacco,Joe,Flacco,QB,CIN,Active
12329,Cade Beresford,Cade,Beresford,OL,,Active
5296,Elijah Wellman,Elijah,Wellman,FB,,Active
7782,Isaiah McDuffie,Isaiah,McDuffie,LB,GB,Active
2782,Dominique Davis,Dominique,Davis,DE,,Active
12301,Treylen Brown,Treylen,Brown,C,,Active
11279,Chim Okorafor,Chim,Okorafor,OT,,Active
13352,Lincoln Pare,Lincoln,Pare,RB,,Active
4216,Desmond King,Desmond,King,DB,,Active
2160,Zac Kerin,Zac,Kerin,G,,Inactive
4363,Demetrious Cox,Demetrious,Cox,SS,,Inactive
13567,VJ Payne,VJ,Payne,DB,NYJ,Active
3837,Kenneth Durden,Kenneth,Durden,CB,,Inactive
10941,Tyler Lacy,Tyler,Lacy,DE,DET,Active
11756,Hunter Nourzad,Hunter,Nourzad,OL,KC,Active
3466,Andrew Williamson,Andrew,Williamson,SS,,Active
1009,Bryan Walters,Bryan,Walters,WR,,Injured Reserve
10970,Henry To'oTo'o,Henry,To'oTo'o,LB,HOU,Active
8609,Hauati Pututau,Hauati,Pututau,DT,,Active
2678,Ray Drew,Ray,Drew,DE,,Active
12967,Jacolby George,Jacolby,George,WR,,Active
3865,Chris Edwards,Chris,Edwards,DB,,Inactive
4553,Dieugot Joseph,Dieugot,Joseph,OT,,Inactive
3053,Shane McDermott,Shane,McDermott,G,,Inactive
14017,Brett Weaver,Brett,Weaver,TE,,Active
1524,Kevin Dorsey,Kevin,Dorsey,WR,,Inactive
1250,Will Johnson,Will,Johnson,TE,,Inactive
11129,Nic Melsop,Nic,Melsop,T,,Active
7246,Drake Dorbeck,Drake,Dorbeck,T,,Active
2519,Neal Sterling,Neal,Sterling,TE,,Inactive
6624,Joshua Simmons,Joshua,Simmons,CB,,Active
13228,Ife Adeyi,Ife,Adeyi,WR,,Active
2721,Chris Harper,Chris,Harper,WR,,Inactive
6459,Sean Modster,Sean,Modster,WR,,Active
12264,Cole Beck,Cole,Beck,WR,,Active
2735,Thurston Armbrister,Thurston,Armbrister,LB,,Inactive
801,Charles Clay,Charles,Clay,TE,,Active
4911,Quinton Schooley,Quinton,Schooley,C,,Active
4275,Justin Senior,Justin,Senior,OT,,Active
306,DeAngelo Williams,DeAngelo,Williams,RB,,Inactive
3484,Nelson Spruce,Nelson,Spruce,WR,,Inactive
2676,Zach Vigil,Zach,Vigil,LB,,Inactive
6374,Drew Belcher,Drew,Belcher,TE,,Active
4054,Mo Alie-Cox,Mo,Alie-Cox,TE,IND,Active
1450,Ace Sanders,Ace,Sanders,WR,,Inactive
1966,Ryan Lankford,Ryan,Lankford,WR,,Inactive
7944,Michael Strachan,Michael,Strachan,WR,,Active
11319,Truman Jones,Truman,Jones,DE,TEN,Active
219,Mario Williams,Mario,Williams,DE,,Inactive
2919,Tyler McDonald,Tyler,McDonald,WR,,Inactive
7740,Kobe Jones,Kobe,Jones,LB,,Active
1550,Ryan Griffin,Ryan,Griffin,QB,,Active
4969,Vita Vea,Vita,Vea,DT,TB,Active
13108,Julian Fleming,Julian,Fleming,WR,,Active
623,Rodger Saffold,Rodger,Saffold,G,,Active
557,Perrish Cox,Perrish,Cox,CB,,Inactive
11794,Micah Abraham,Micah,Abraham,CB,,Active
6930,Trystan Colon,Trystan,Colon,C,JAX,Active
3423,Robbie Chosen,Robbie,Chosen,WR,,Active
3175,Jack Conklin,Jack,Conklin,OT,,Active
1897,Nikita Whitlock,Nikita,Whitlock,FB,,Inactive
12121,Deshaun Fenwick,Deshaun,Fenwick,RB,,Active
3723,Josh James,Josh,James,G,,Active
1282,Ryan Davis,Ryan,Davis,DE,,Injured Reserve
406,John Phillips,John,Phillips,TE,,Inactive
3496,Stephen Anderson,Stephen,Anderson,TE,,Active
1,GJ Kinne,GJ,Kinne,QB,,Inactive
4813,Marvin Bracy,Marvin,Bracy,WR,,Active
11365,Tyreque Jones,Tyreque,Jones,DB,,Active
1800,Jordan Matthews,Jordan,Matthews,TE,,Active
7795,Rodarius Williams,Rodarius,Williams,CB,,Active
5907,Vosean Joseph,Vosean,Joseph,OLB,,Inactive
6702,Andrew Jacas,Andrew,Jacas,K,,Inactive
2780,Ian Wild,Ian,Wild,S,,Inactive
591,Major Wright,Major,Wright,SS,,Inactive
4833,Connor Bozick,Connor,Bozick,G,,Active
833,Jordan Cameron,Jordan,Cameron,TE,,Inactive
7964,Leighton McCarthy,Leighton,McCarthy,LB,,Inactive
7634,Jamin Davis,Jamin,Davis,LB,PIT,Active
7846,Caleb Johnson,Caleb,Johnson,LB,,Active
4209,Danny Isidora,Danny,Isidora,OL,,Active
2537,Mario Alford,Mario,Alford,WR,,Inactive
3953,Austin Trainor,Austin,Trainor,QB,,Inactive
12258,Buddha Jones,Buddha,Jones,NT,,Active
5100,Jordan Wilkins,Jordan,Wilkins,RB,,Active
7938,Hunter Kampmoyer,Hunter,Kampmoyer,TE,,Active
12848,Josh Kelly,Josh,Kelly,WR,HOU,Active
404,Jon Kitna,Jon,Kitna,QB,,Inactive
7392,Javelin Guidry,Javelin,Guidry,CB,,Active
4847,Mikey Bart,Mikey,Bart,DE,,Active
2758,Brennen Beyer,Brennen,Beyer,ILB,,Inactive
11376,Richard Gouraige,Richard,Gouraige,OL,,Active
7381,Niko Lalos,Niko,Lalos,DE,,Active
1872,Timmy Jernigan,Timmy,Jernigan,DT,,Active
13552,Anterio Thompson,Anterio,Thompson,DT,ATL,Active
7199,Josh Nurse,Josh,Nurse,DB,,Inactive
698,Charlie Whitehurst,Charlie,Whitehurst,QB,,Inactive
6221,Justin Skule,Justin,Skule,OT,TB,Active
8698,Jake Tonges,Jake,Tonges,TE,SF,Active
3453,Josh Ferguson,Josh,Ferguson,RB,,Active
4385,Kalif Phillips,Kalif,Phillips,RB,,Active
1623,Marcus Cromartie,Marcus,Cromartie,FS,,Injured Reserve
7013,Steven Montez,Steven,Montez,QB,,Active
8084,Mark Gilbert,Mark,Gilbert,CB,,Inactive
11849,Karsen Barnhart,Karsen,Barnhart,OL,GB,Active
2745,Brad Bars,Brad,Bars,DE,,Inactive
2193,Darrin Reaves,Darrin,Reaves,RB,,Inactive
7862,T.J. Vasher,T.J.,Vasher,WR,,Active
12459,Player Invalid,Player,Invalid,RB,,Inactive
10233,Max Duggan,Max,Duggan,QB,,Active
8079,Craig Stevens,Craig,Stevens,TE,,Inactive
1517,Theo Riddick,Theo,Riddick,RB,,Injured Reserve
5354,Canon Rooker,Canon,Rooker,K,,Inactive
1396,Josh Aubrey,Josh,Aubrey,SS,,Inactive
6279,Brandon Dillon,Brandon,Dillon,TE,,Inactive
6501,C.J. Conrad,C.J.,Conrad,TE,,Active
5704,David Tepper,David,Tepper,,,Inactive
11217,Michael Ayers,Michael,Ayers,LB,,Active
85,Justin Tuck,Justin,Tuck,DE,,Inactive
11709,Matt Goncalves,Matt,Goncalves,OL,IND,Active
11161,Kendall Smith,Kendall,Smith,DB,,Active
8796,Silas Kelly,Silas,Kelly,LB,,Active
13982,Gavin Ortega,Gavin,Ortega,C,DEN,Active
8620,Segun Olubi,Segun,Olubi,LB,LV,Active
2311,Leonard Williams,Leonard,Williams,DE,SEA,Active
6351,Corrion Ballard,Corrion,Ballard,S,,Active
3587,Stefan McClure,Stefan,McClure,SS,,Inactive
11865,Jalyn Phillips,Jalyn,Phillips,DB,,Active
3777,Dillon Gordon,Dillon,Gordon,OT,,Active
5728,Kendall Calhoun,Kendall,Calhoun,OT,,Active
1007,Kevin Brock,Kevin,Brock,TE,,Inactive
4932,Nick James,Nick,James,DT,,Active
6476,D'Angelo Ross,D'Angelo,Ross,DB,CLE,Active
3005,Lavon Hooks,Lavon,Hooks,DT,,Active
3511,Aziz Shittu,Aziz,Shittu,DT,,Inactive
5776,Mark Chapman,Mark,Chapman,WR,,Active
6818,Nnamdi Madubuike,Nnamdi,Madubuike,DT,BAL,Active
2948,Brandon Cottom,Brandon,Cottom,RB,,Active
12971,Ke'Shawn Williams,Ke'Shawn,Williams,WR,CIN,Active
5635,Rashard Fant,Rashard,Fant,CB,,Active
6381,Alexander Hollins,Alexander,Hollins,WR,,Active
6016,Dax Raymond,Dax,Raymond,TE,PIT,Active
13648,Quindarius Dunnigan,Quindarius,Dunnigan,DL,JAX,Active
13660,T.J. Bollers,T.J.,Bollers,DL,JAX,Active
5538,Fred Lauina,Fred,Lauina,G,,Active
13244,R.J. Moten,R.J.,Moten,LB,,Active
11744,Dadrion Taylor-Demerson,Dadrion,Taylor-Demerson,DB,ARI,Active
3738,Jake Bernstein,Jake,Bernstein,G,,Inactive
1163,Markus Kuhn,Markus,Kuhn,DT,,Inactive
4662,Dillon DeBoer,Dillon,DeBoer,C,,Inactive
11157,Brycen Tremayne,Brycen,Tremayne,WR,CAR,Active
3471,Aaron Green,Aaron,Green,RB,,Inactive
977,Demarcus Dobbs,Demarcus,Dobbs,DE,,Inactive
2297,Glenn Winston,Glenn,Winston,RB,,Inactive
13880,Bryce Henderson,Bryce,Henderson,OL,LAR,Active
6981,Tipa Galeai,Tipa,Galeai,LB,,Inactive
881,Ricky Stanzi,Ricky,Stanzi,QB,,Inactive
4542,B.T. Sanders,B.T.,Sanders,SS,,Active
5841,Ed Oliver,Ed,Oliver,DT,BUF,Active
8366,Isaiah Graham-Mobley,Isaiah,Graham-Mobley,LB,,Active
6908,La'Mical Perine,La'Mical,Perine,RB,,Active
7710,Janarius Robinson,Janarius,Robinson,DE,,Active
1370,William Campbell,William,Campbell,G,,Inactive
3482,Elijah Shumate,Elijah,Shumate,SS,,Active
12571,Mike Green,Mike,Green,DL,BAL,Active
4569,Brian Brown,Brian,Brown,WR,,Active
8823,Alex Mollette,Alex,Mollette,OL,,Active
12120,Zuri Henry,Zuri,Henry,OL,,Active
8277,Christopher Allen,Christopher,Allen,LB,,Active
3945,Darius White,Darius,White,WR,,Inactive
12060,Aaron Casey,Aaron,Casey,LB,,Active
5525,Justin Evans,Justin,Evans,OT,,Active
4673,Algernon Brown,Algernon,Brown,FB,,Active
5007,Keke Coutee,Keke,Coutee,WR,,Active
8116,Pierre Strong,Pierre,Strong,RB,GB,Active
2518,Hayes Pullard,Hayes,Pullard,LB,,Inactive
6823,Jacob Eason,Jacob,Eason,QB,,Active
3648,Matt Weiser,Matt,Weiser,TE,,Active
7675,Wyatt Davis,Wyatt,Davis,G,,Active
1469,John Wetzel,John,Wetzel,OG,,Inactive
7619,Mathew Sexton,Mathew,Sexton,WR,,Active
7555,Jamie Newman,Jamie,Newman,QB,,Inactive
7195,John Daka,John,Daka,DE,,Active
4333,Jhaustin Thomas,Jhaustin,Thomas,DT,,Active
3251,Jordan Jenkins,Jordan,Jenkins,DE,,Inactive
4855,Simeon Rice,Simeon,Rice,DE,,Inactive
13409,Donaven McCulley,Donaven,McCulley,WR,MIA,Active
547,Shelley Smith,Shelley,Smith,G,,Inactive
6114,Zack Bailey,Zack,Bailey,G,,Active
525,Morgan Cox,Morgan,Cox,LS,TEN,Active
7585,Davis Mills,Davis,Mills,QB,HOU,Active
3284,Deon Bush,Deon,Bush,DB,,Active
12399,Caleb Chapman,Caleb,Chapman,WR,,Active
2603,Shane Wynn,Shane,Wynn,WR,,Inactive
12221,Andre Carter,Andre,Carter,DL,,Active
1632,Deveron Carr,Deveron,Carr,CB,,Inactive
3984,Taylor Symmank,Taylor,Symmank,P,,Active
1084,Trevin Wade,Trevin,Wade,CB,,Inactive
708,Frank Zombo,Frank,Zombo,LB,,Inactive
8025,Adam Prentice,Adam,Prentice,FB,DEN,Active
11406,Corey Mayfield,Corey,Mayfield,CB,,Active
7787,Damar Hamlin,Damar,Hamlin,DB,BUF,Active
8931,Josh Ali,Josh,Ali,WR,,Active
5376,Jack Cichy,Jack,Cichy,LB,,Active
11434,Seth Benson,Seth,Benson,LB,,Active
2052,Tevin Reese,Tevin,Reese,WR,,Inactive
7700,Joshua Kaindoh,Joshua,Kaindoh,DE,,Active
8633,Stephon Robinson,Stephon,Robinson,WR,,Active
5436,Emmanuel Moseley,Emmanuel,Moseley,CB,,Active
2359,Ameer Abdullah,Ameer,Abdullah,RB,JAX,Active
6225,Kahzin Daniels,Kahzin,Daniels,OLB,,Active
1743,Brittan Golden,Brittan,Golden,WR,,Injured Reserve
1630,Darius Eubanks,Darius,Eubanks,LB,,Inactive
3489,Keith Lumpkin,Keith,Lumpkin,OT,,Active
103,Matt Forte,Matt,Forte,RB,,Inactive
6305,Austin Cutting,Austin,Cutting,LS,,Inactive
13375,Sonny Styles,Sonny,Styles,LB,WAS,Active
788,Dion Lewis,Dion,Lewis,RB,,Injured Reserve
5043,Nathan Shepherd,Nathan,Shepherd,DT,NO,Active
8241,Anthony Brown,Anthony,Brown,QB,,Active
5854,Drew Lock,Drew,Lock,QB,SEA,Active
13566,Max Llewellyn,Max,Llewellyn,DE,MIA,Active
5021,Lorenzo Carter,Lorenzo,Carter,LB,,Active
7519,Aaron Patrick,Aaron,Patrick,DE,,Active
2936,Rasheed Williams,Rasheed,Williams,RB,,Active
9,Mike Scifres,Mike,Scifres,P,,Inactive
4594,Alex Barrett,Alex,Barrett,DE,,Active
3211,Paul Perkins,Paul,Perkins,RB,,Active
7593,Trey Sermon,Trey,Sermon,RB,,Active
3731,Eric Lee,Eric,Lee,DE,,Inactive
6489,Taryn Christion,Taryn,Christion,QB,,Active
11855,Amari Gainer,Amari,Gainer,LB,NE,Active
8391,Dominique Robinson,Dominique,Robinson,DL,HOU,Active
7614,Darius Clark,Darius,Clark,RB,,Active
13142,J.R. Singleton,J.R.,Singleton,DL,SEA,Active
12832,Blayne Taylor,Blayne,Taylor,WR,,Active
12809,Mac Dalena,Mac,Dalena,WR,BUF,Active
6966,Javon Leake,Javon,Leake,RB,,Active
1209,Robert Blanton,Robert,Blanton,FS,,Inactive
4548,Joel Bouagnon,Joel,Bouagnon,RB,,Active
7967,Lawrence White,Lawrence,White,DB,,Active
114,Todd Herremans,Todd,Herremans,G,,Inactive
5316,Will Clapp,Will,Clapp,C,,Active
12354,Easton Dean,Easton,Dean,TE,,Active
3021,Devin Gardner,Devin,Gardner,WR,,Active
11579,Audric Estime,Audric,Estime,RB,NO,Active
12584,Darien Porter,Darien,Porter,DB,LV,Active
2267,Jimmie Ward,Jimmie,Ward,DB,,Active
12742,Connor Colby,Connor,Colby,OL,SF,Active
342,Cameron Wake,Cameron,Wake,DE,,Active
11572,Player Invalid,Player,Invalid,RB,,Inactive
1588,Nick Moody,Nick,Moody,LB,,Inactive
6206,Cody Brown,Cody,Brown,SS,,Inactive
13089,Caleb Etienne,Caleb,Etienne,OL,,Active
2225,Alex Bayer,Alex,Bayer,TE,,Inactive
4809,Brandon Greene,Brandon,Greene,G,,Active
6125,Jeffery Simmons,Jeffery,Simmons,DT,TEN,Active
HOU,,Houston,Texans,DEF,HOU,
3294,Dak Prescott,Dak,Prescott,QB,DAL,Active
4031,Travis Wilson,Travis,Wilson,TE,,Active
4084,Tyus Bowser,Tyus,Bowser,LB,,Active
6241,Jontrell Rocquemore,Jontrell,Rocquemore,S,,Inactive
11611,Player Invalid,Player,Invalid,WR,,Inactive
11252,Christian Young,Christian,Young,DB,,Active
1910,Connor Shaw,Connor,Shaw,QB,,Injured Reserve
7770,Patrick Johnson,Patrick,Johnson,LB,LV,Active
7373,Gus Cumberlander,Gus,Cumberlander,DE,,Active
3499,Dillon Lee,Dillon,Lee,OLB,,Active
16,Ray Rice,Ray,Rice,RB,,Inactive
51,Anthony Fasano,Anthony,Fasano,TE,,Inactive
12330,Aaron Brule,Aaron,Brule,LB,,Active
13718,Eric Gentry,Eric,Gentry,LB,CIN,Active
10934,Zach Harrison,Zach,Harrison,DE,ATL,Active
7120,Trevis Gipson,Trevis,Gipson,LB,CAR,Active
13301,Antonio Williams,Antonio,Williams,WR,WAS,Active
7274,Tyler Simmons,Tyler,Simmons,WR,,Active
5359,Dorren Miller,Dorren,Miller,WR,,Active
2127,Mohammed Seisay,Mohammed,Seisay,CB,,Inactive
934,Ryan Taylor,Ryan,Taylor,TE,,Inactive
7017,Trajan Bandy,Trajan,Bandy,CB,,Active
8010,Kenny Randall,Kenny,Randall,DT,,Active
7873,Jordan Meredith,Jordan,Meredith,OL,LV,Active
3768,Darius Powe,Darius,Powe,WR,,Inactive
6880,Logan Wilson,Logan,Wilson,LB,,Active
8296,Kaiir Elam,Kaiir,Elam,DB,KC,Active
5079,Darius Phillips,Darius,Phillips,CB,,Inactive
11324,Anderson Hardy,Anderson,Hardy,OL,,Active
12752,Eric Gregory,Eric,Gregory,DT,NE,Active
8473,Eric Johnson,Eric,Johnson,DT,MIN,Active
3517,Hunter Sharp,Hunter,Sharp,WR,,Inactive
2851,Kaleb Eulls,Kaleb,Eulls,DT,,Injured Reserve
12180,Alex McNulty,Alex,McNulty,K,,Active
2498,Derron Smith,Derron,Smith,SS,,Inactive
2661,Brock Hekking,Brock,Hekking,OLB,,Inactive
7869,David Moore,David,Moore,G,,Active
3609,Chris King,Chris,King,WR,,Active
421,Matthew Stafford,Matthew,Stafford,QB,LAR,Active
6654,JoJo Tillery,JoJo,Tillery,FS,,Active
1293,Jeremy Stewart,Jeremy,Stewart,RB,,Inactive
4368,Hardy Nickerson,Hardy,Nickerson,LB,,Active
11636,Johnny Wilson,Johnny,Wilson,WR,PHI,Active
5258,Damon Gibson,Damon,Gibson,WR,,Inactive
8134,Khalil Shakir,Khalil,Shakir,WR,BUF,Active
13817,Louis Moore,Louis,Moore,DB,MIA,Active
7380,Tyler Haycraft,Tyler,Haycraft,T,,Active
6023,Iman Marshall,Iman,Marshall,CB,,Active
13467,Trey Zuhn,Trey,Zuhn,OT,LV,Active
1634,Jason Weaver,Jason,Weaver,OT,,Inactive
5513,Tracy Sprinkle,Tracy,Sprinkle,DT,,Active
467,Sean Smith,Sean,Smith,CB,,Active
6555,AJ Cole,AJ,Cole,P,LV,Active
3823,Sam Carlson,Sam,Carlson,G,,Inactive
5398,Justin Crawford,Justin,Crawford,RB,,Active
8312,Kalon Barnes,Kalon,Barnes,DB,,Active
7828,Noah Gray,Noah,Gray,TE,KC,Active
3603,Kameron Canaday,Kameron,Canaday,LS,,Active
10861,Xazavian Valladay,Xazavian,Valladay,RB,,Active
13262,Paschal Ekeji,Paschal,Ekeji,DE,NYJ,Active
11667,Dallas Turner,Dallas,Turner,LB,MIN,Active
6098,Ben Burr-Kirven,Ben,Burr-Kirven,LB,,Active
13095,Wande Owens,Wande,Owens,DB,,Active
12564,Kenneth Grant,Kenneth,Grant,DL,MIA,Active
11218,Cam Bright,Cam,Bright,LB,,Active
12006,Sheridan Jones,Sheridan,Jones,CB,,Active
5482,Austin Davis,Austin,Davis,C,,Active
NE,,New England,Patriots,DEF,NE,
4814,De'Quan Hampton,De'Quan,Hampton,WR,,Active
7397,Parker Houston,Parker,Houston,TE,,Active
13148,Aaron Smith,Aaron,Smith,LB,,Active
12579,Jordan Burch,Jordan,Burch,DL,ARI,Active
6841,Jordan Elliott,Jordan,Elliott,DT,TEN,Active
11557,Joe Milton,Joe,Milton,QB,DAL,Active
5052,Ronald Jones,Ronald,Jones,RB,,Active
4128,Chad Williams,Chad,Williams,WR,,Active
888,Sterling Moore,Sterling,Moore,CB,,Inactive
3059,Dan Campbell,Dan,Campbell,,,Inactive
6516,Blake Blackmar,Blake,Blackmar,G,,Inactive
5677,Mo Porter,Mo,Porter,OT,,Active
3128,Jim Schwartz,Jim,Schwartz,,,Inactive
11054,Travis Bell,Travis,Bell,DL,,Active
6626,Isaac Zico,Isaac,Zico,WR,,Active
6757,James Fisher,James,Fisher,LS,,Active
13898,Corey Rucker,Corey,Rucker,WR,LV,Inactive
13304,O'Mega Blake,O'Mega,Blake,WR,,Active
6780,Joe Houston,Joe,Houston,,,Inactive
2550,Taurean Nixon,Taurean,Nixon,CB,,Inactive
5995,Justice Hill,Justice,Hill,RB,BAL,Active
3524,Marquise Williams,Marquise,Williams,QB,,Active
1375,Marc Anthony,Marc,Anthony,CB,,Inactive
7753,Pressley Harvin,Pressley,Harvin,P,,Active
3941,Tylor Harris,Tylor,Harris,DT,,Active
4115,Pat Elflein,Pat,Elflein,G,,Inactive
11764,Josh Newton,Josh,Newton,CB,CIN,Active
1784,Ross Weaver,Ross,Weaver,CB,,Inactive
5895,Chris Lindstrom,Chris,Lindstrom,G,ATL,Active
5477,Reggie Hunter,Reggie,Hunter,LB,,Active
4421,Jacob Hollister,Jacob,Hollister,TE,,Active
5055,M.J. Stewart,M.J.,Stewart,DB,HOU,Active
10886,Peter Skoronski,Peter,Skoronski,OL,TEN,Active
2926,Earnest Pettway,Earnest,Pettway,TE,,Inactive
2887,Quan Bray,Quan,Bray,WR,,Inactive
2681,Terry Redden,Terry,Redden,DT,,Active
12925,Jamaal Pritchett,Jamaal,Pritchett,WR,NYJ,Active
2891,Deontay Greenberry,Deontay,Greenberry,DE,,Active
11373,DJ Scaife,DJ,Scaife,OL,,Active
939,Brandon Fusco,Brandon,Fusco,G,,Inactive
1732,Willie Jefferson,Willie,Jefferson,OLB,,Inactive
13884,Chad Lindberg,Chad,Lindberg,OL,,Inactive
12517,Colston Loveland,Colston,Loveland,TE,CHI,Active
6081,Kendall Blanton,Kendall,Blanton,TE,,Active
1637,Kevin McDermott,Kevin,McDermott,LS,,Inactive
2762,Diaheem Watkins,Diaheem,Watkins,ILB,,Active
13,Sam Koch,Sam,Koch,P,,Active
4053,Garett Bolles,Garett,Bolles,OT,DEN,Active
4634,Kenneth Walker,Kenneth,Walker,WR,,Active
4479,Thomas Sperbeck,Thomas,Sperbeck,WR,,Active
3081,Doug Whaley,Doug,Whaley,,,Inactive
2370,D'Joun Smith,D'Joun,Smith,CB,,Inactive
3323,Marqui Christian,Marqui,Christian,DB,,Active
1464,Eric Fisher,Eric,Fisher,OT,,Inactive
7709,Rashad Weaver,Rashad,Weaver,LB,,Active
133,Greg Jones,Greg,Jones,RB,,Inactive
6974,Javaris Davis,Javaris,Davis,CB,,Active
1447,Luke Joeckel,Luke,Joeckel,G,,Inactive
3318,Kevin Hogan,Kevin,Hogan,QB,,Active
3346,Josh Forrest,Josh,Forrest,DE,,Inactive
3848,Greg Townsend,Greg,Townsend,DE,,Active
1251,Alameda Ta'amu,Alameda,Ta'amu,NT,,Inactive
3799,David Glidden,David,Glidden,WR,,Inactive
13686,Aidan Hubbard,Aidan,Hubbard,DE,SEA,Active
1856,Jeremiah George,Jeremiah,George,LB,,Injured Reserve
6005,Kevin Givens,Kevin,Givens,DT,SF,Active
7722,Bobby Brown,Bobby,Brown,DT,CAR,Active
5269,Codey McElroy,Codey,McElroy,TE,,Active
4817,Jimmy Herman,Jimmy,Herman,OLB,,Active
13739,Erick Hunter,Erick,Hunter,LB,DET,Active
14052,Jai'Onte' McMillan,Jai'Onte',McMillan,CB,IND,Active
2553,Rory Anderson,Rory,Anderson,TE,,Active
6331,Koa Farmer,Koa,Farmer,OLB,,Active
2167,Ricardo Allen,Ricardo,Allen,DB,CIN,Active
8389,Akayleb Evans,Akayleb,Evans,DB,CAR,Active
7974,Nick McCloud,Nick,McCloud,CB,,Active
4585,Anthony Nash,Anthony,Nash,WR,,Active
3815,Bryson Keeton,Bryson,Keeton,CB,,Inactive
2270,Justin Britt,Justin,Britt,OL,,Active
11229,Calvin Tyler,Calvin,Tyler,RB,,Active
2941,Milton Williams,Milton,Williams,WR,,Active
89,Chad Henne,Chad,Henne,QB,,Active
11076,NaJee Thompson,NaJee,Thompson,CB,,Active
8138,James Cook,James,Cook,RB,BUF,Active
3679,Mario Ojemudia,Mario,Ojemudia,DE,,Inactive
3134,Matt Nagy,Matt,Nagy,,,Inactive
5665,Darren Andrews,Darren,Andrews,WR,,Inactive
13906,Jaden Nixon,Jaden,Nixon,RB,GB,Active
2770,Harold Spears,Harold,Spears,TE,,Active
11281,Liam Anderson,Liam,Anderson,LB,CIN,Active
12081,Dyshawn Gales,Dyshawn,Gales,CB,,Active
2608,Dylan Wynn,Dylan,Wynn,DE,,Inactive
13727,Lardarius Webb,Lardarius,Webb,DB,BAL,Active
13385,Mansoor Delane,Mansoor,Delane,DB,KC,Active
5082,Simeon Thomas,Simeon,Thomas,CB,,Inactive
1876,Deji Olatoye,Deji,Olatoye,CB,,Inactive
8024,Andre Mintze,Andre,Mintze,LB,,Active
7723,Elerson G. Smith,Elerson G.,Smith,LB,,Active
2092,Akeem Davis,Akeem,Davis,S,,Inactive
13988,Stone Eby,Stone,Eby,TE,,Active
7159,Reid Sinnett,Reid,Sinnett,QB,,Active
7108,Hasise Dubois,Hasise,Dubois,WR,,Inactive
6000,Ryan Bates,Ryan,Bates,OL,,Active
1013,Doug Worthington,Doug,Worthington,DT,,Inactive
13574,Landon Robinson,Landon,Robinson,NT,CIN,Active
13894,Justin Pickett,Justin,Pickett,G,LV,Active
12844,Ricky Barber,Ricky,Barber,DT,WAS,Active
364,Ryan Mundy,Ryan,Mundy,SS,,Inactive
9231,Jaren Hall,Jaren,Hall,QB,,Active
5674,Andre Chachere,Andre,Chachere,DB,,Active
12201,Nick Torres,Nick,Torres,G,,Active
7262,Jalen Morton,Jalen,Morton,QB,IND,Active
4076,Ryan Ramczyk,Ryan,Ramczyk,T,,Active
7293,Luq Barcoo,Luq,Barcoo,CB,,Active
8442,Jarrett Guarantano,Jarrett,Guarantano,QB,,Active
11345,Chris Smith,Chris,Smith,DL,DET,Active
12937,Keith Cooper,Keith,Cooper,DL,MIA,Active
2352,Eric Rowe,Eric,Rowe,DB,,Active
6671,Jerald Foster,Jerald,Foster,G,,Active
12877,Brandon Johnson,Brandon,Johnson,DB,SEA,Active
8119,Jahan Dotson,Jahan,Dotson,WR,ATL,Active
8194,Jashaun Corbin,Jashaun,Corbin,RB,,Active
3223,Su'a Cravens,Su'a,Cravens,SS,,Inactive
5748,DeMarquis Gates,DeMarquis,Gates,ILB,,Active
2406,Trey Flowers,Trey,Flowers,LB,,Inactive
7863,JaQuan Hardy,JaQuan,Hardy,RB,,Active
11828,Marcus Harris,Marcus,Harris,DL,KC,Active
5231,Cole Hunt,Cole,Hunt,TE,,Active
13563,Deven Eastern,Deven,Eastern,DT,SEA,Active
2365,Randy Gregory,Randy,Gregory,DE,,Active
8476,DaRon Bland,DaRon,Bland,DB,DAL,Active
409,King Dunlap,King,Dunlap,T,,Inactive
1955,Jeoffrey Pagan,Jeoffrey,Pagan,DE,,Inactive
7407,Isaiah Wright,Isaiah,Wright,WR,,Active
5268,Ben Johnson,Ben,Johnson,TE,,Active
2185,Corey Brown,Corey,Brown,WR,,Injured Reserve
8375,Kalia Davis,Kalia,Davis,DL,CLE,Active
14019,Dylan Ray,Dylan,Ray,OL,,Active
4659,Nelson Adams,Nelson,Adams,DE,,Active
6087,Chris Johnson,Chris,Johnson,DB,,Active
8511,Rasheed Walker,Rasheed,Walker,OL,CAR,Active
6075,Jesper Horsted,Jesper,Horsted,TE,,Active
13838,Will Ferrin,Will,Ferrin,K,,Active
12297,Jake Kradel,Jake,Kradel,OL,,Active
2860,Bryce Callahan,Bryce,Callahan,CB,,Active
11110,Duplicate Player,Duplicate,Player,,,
11145,Tanner Brown,Tanner,Brown,K,NO,Active
4697,Khalid Abdullah,Khalid,Abdullah,RB,,Active
11819,Levi Drake Rodriguez,Levi Drake,Rodriguez,DT,MIN,Active
1042,Tank Carder,Tank,Carder,LB,,Inactive
1946,Max Bullough,Max,Bullough,LB,,Inactive
539,Marc Mariani,Marc,Mariani,WR,,Inactive
12172,Pheldarius Payne,Pheldarius,Payne,DL,,Active
12831,Tyler Kahmann,Tyler,Kahmann,WR,,Active
4020,Matt Lafleur,Matt,Lafleur,,,Inactive
12220,Brevin Easton,Brevin,Easton,WR,,Active
13137,Trace Ford,Trace,Ford,DL,NYG,Active
2591,La'el Collins,La'el,Collins,T,,Active
6350,Parker Baldwin,Parker,Baldwin,SS,,Active
3089,Jim Tomsula,Jim,Tomsula,,,Inactive
4118,Alex Anzalone,Alex,Anzalone,LB,TB,Active
7829,Tommy Doyle,Tommy,Doyle,OT,,Active
4918,Brock Miller,Brock,Miller,P,,Active
11958,X'Zauvea Gadlin,X'Zauvea,Gadlin,G,,Active
2856,Brian Blechen,Brian,Blechen,OLB,,Inactive
4106,Larry Ogunjobi,Larry,Ogunjobi,DT,,Active
3557,Brandon Williams,Brandon,Williams,CB,NYG,Inactive
3589,Chris Milton,Chris,Milton,DB,MIA,Active
13418,Robert Henry,Robert,Henry,RB,WAS,Active
5550,John David Moore,John David,Moore,RB,,Active
3479,Antwaun Woods,Antwaun,Woods,DT,,Inactive
7208,Josh Thomas,Josh,Thomas,DB,,Active
5876,Julian Love,Julian,Love,DB,SEA,Active
11612,Player Invalid,Player,Invalid,WR,,Inactive
12542,Efton Chism,Efton,Chism,WR,NE,Active
3549,Pearce Slater,Pearce,Slater,G,,Active
4979,Jaire Alexander,Jaire,Alexander,CB,,Active
3763,Woodrow Hamilton,Woodrow,Hamilton,DT,NYG,Active
1631,Rodney Smith,Rodney,Smith,WR,,Inactive
7552,Blake Proehl,Blake,Proehl,WR,,Active
4733,Alex Gray,Alex,Gray,TE,,Inactive
11156,Cameron McCutcheon,Cameron,McCutcheon,CB,,Inactive
5893,C.J. Gardner-Johnson,C.J.,Gardner-Johnson,DB,BUF,Active
3540,Jamaal Jones,Jamaal,Jones,WR,,Active
4078,Adoree' Jackson,Adoree',Jackson,DB,,Active
8518,Thayer Munford,Thayer,Munford,OL,,Active
11428,Brandon Bouyer-Randle,Brandon,Bouyer-Randle,LB,,Inactive
7049,Jauan Jennings,Jauan,Jennings,WR,MIN,Active
2310,Brandon Scherff,Brandon,Scherff,G,,Active
6486,C.J. Toogood,C.J.,Toogood,G,,Active
3057,B.J. Finney,B.J.,Finney,OL,,Active
3886,Javien Elliott,Javien,Elliott,CB,,Active
5448,Robert Jackson,Robert,Jackson,CB,,Active
5466,John Franklin-Myers,John,Franklin-Myers,DT,TEN,Active
8886,Tre Webb,Tre,Webb,DB,,Active
3338,Keenan Reynolds,Keenan,Reynolds,WR,,Inactive
8136,Rachaad White,Rachaad,White,RB,WAS,Active
6496,Cole Hedlund,Cole,Hedlund,K,,Active
951,Byron Bell,Byron,Bell,G,,Inactive
11610,Malik Washington,Malik,Washington,WR,MIA,Active
5543,C.J. Johnson,C.J.,Johnson,ILB,,Active
5024,James Washington,James,Washington,WR,,Active
11098,Caleb Murphy,Caleb,Murphy,DE,NYG,Active
3317,Christian Westerman,Christian,Westerman,G,,Inactive
356,Rey Maualuga,Rey,Maualuga,LB,,Inactive
4597,Leo Koloamatangi,Leo,Koloamatangi,OL,,Inactive
4655,Tyler Orlosky,Tyler,Orlosky,C,,Active
13537,Micah Morris,Micah,Morris,G,PHI,Active
13454,Davison Igbinosun,Davison,Igbinosun,CB,BUF,Active
8321,Tariq Castro-Fields,Tariq,Castro-Fields,DB,PHI,Active
13599,Kyron Drones,Kyron,Drones,QB,GB,Active
7879,Tristen Hoge,Tristen,Hoge,G,DEN,Active
11291,Habakkuk Baldonado,Habakkuk,Baldonado,DE,,Active
4023,Martin Mayhew,Martin,Mayhew,,,Inactive
13195,Jahfari Harvey,Jahfari,Harvey,DE,LV,Active
2204,Stanley Jean-Baptiste,Stanley,Jean-Baptiste,CB,,Inactive
8855,Tommy Heatherly,Tommy,Heatherly,P,,Active
3822,Kelby Johnson,Kelby,Johnson,OT,,Active
5948,Bobby Evans,Bobby,Evans,OL,,Active
8069,Adam Coon,Adam,Coon,G,,Inactive
12413,Hamze El-Zayat,Hamze,El-Zayat,WR,,Active
1093,Zach Brown,Zach,Brown,LB,,Active
1027,Fletcher Cox,Fletcher,Cox,DT,,Active
8412,Roy Mbaeteka,Roy,Mbaeteka,OL,,Active
2964,Michael Liedtke,Michael,Liedtke,G,,Inactive
5792,Jeremy Reaves,Jeremy,Reaves,DB,WAS,Active
860,Armon Binns,Armon,Binns,WR,,Inactive
7886,Drake Jackson,Drake,Jackson,C,,Active
5572,Henry Mondeaux,Henry,Mondeaux,DE,,Active
2304,Jerome Cunningham,Jerome,Cunningham,TE,,Active
8070,Travis Toivonen,Travis,Toivonen,WR,,Active
6310,Tae Hayes,Tae,Hayes,CB,,Active
655,Anquan Boldin,Anquan,Boldin,WR,,Inactive
8642,Grant Morgan,Grant,Morgan,LB,,Active
6519,Darrius Shepherd,Darrius,Shepherd,WR,,Active
13751,Michael Coats,Michael,Coats,CB,CLE,Active
11499,Scott Lashley,Scott,Lashley,OT,,Active
1196,Keith Tandy,Keith,Tandy,FS,,Inactive
2263,Kaleb Ramsey,Kaleb,Ramsey,NT,,Inactive
8383,Cameron Thomas,Cameron,Thomas,DL,ATL,Active
11918,Ahmarean Brown,Ahmarean,Brown,WR,,Active
7461,Austrian Robinson,Austrian,Robinson,DE,,Active
4009,Mark Dominik,Mark,Dominik,,,Inactive
13675,Fred Davis,Fred,Davis,CB,WAS,Active
1176,Dezman Moses,Dezman,Moses,LB,,Inactive
2565,Jean Sifrin,Jean,Sifrin,TE,,Active
4943,Sam Darnold,Sam,Darnold,QB,SEA,Active
5809,Ja'Quan Gardner,Ja'Quan,Gardner,RB,,Active
4215,Brian Allen,Brian,Allen,CB,,Active
10228,Charlie Jones,Charlie,Jones,WR,CIN,Active
4026,DeShone Kizer,DeShone,Kizer,QB,,Active
8097,Dominique Martin,Dominique,Martin,CB,,Active
12155,Nate Lynn,Nate,Lynn,DL,,Active
1353,Mike Gillislee,Mike,Gillislee,RB,,Inactive
13499,Kage Casey,Kage,Casey,OT,DEN,Active
1900,Joel Bitonio,Joel,Bitonio,OG,,Active
7170,Jarren Williams,Jarren,Williams,CB,,Active
10905,Brian Branch,Brian,Branch,DB,DET,Active
12819,Kevin Knowles,Kevin,Knowles,DB,KC,Active
1169,Robert Griffin,Robert,Griffin,QB,,Inactive
5952,Chase Hansen,Chase,Hansen,LB,,Active
3383,Riley Dixon,Riley,Dixon,P,TB,Active
11598,Tanner McLachlan,Tanner,McLachlan,TE,SF,Inactive
11995,Zack Annexstad,Zack,Annexstad,QB,,Active
11998,Emani Bailey,Emani,Bailey,RB,,Active
11516,T.J. Bass,T.J.,Bass,OL,DAL,Active
11436,P.J. Mustipher,P.J.,Mustipher,NT,ARI,Inactive
829,Andy Dalton,Andy,Dalton,QB,PHI,Active
7248,Jeffery Whatley,Jeffery,Whatley,DT,,Active
10222,Jayden Reed,Jayden,Reed,WR,GB,Active
2552,Xzavier Dickson,Xzavier,Dickson,ILB,,Active
7534,Seth Williams,Seth,Williams,WR,,Inactive
2754,Michael Johnson,Michael,Johnson,WR,,Active
5657,Asantay Brown,Asantay,Brown,OLB,,Active
4003,Woody Johnson,Woody,Johnson,,,Inactive
1023,Mike Pouncey,Mike,Pouncey,C,,Injured Reserve
3698,Patrick Skov,Patrick,Skov,FB,,Inactive
6431,Nydair Rouse,Nydair,Rouse,CB,,Active
11714,Jonah Elliss,Jonah,Elliss,DE,DEN,Active
1751,Toben Opurum,Toben,Opurum,FB,,Inactive
770,Andrew Sendejo,Andrew,Sendejo,DB,,Active
895,Jordan Todman,Jordan,Todman,RB,,Inactive
5874,Kaleb McGary,Kaleb,McGary,T,,Active
7721,Chris Rumph,Chris,Rumph,LB,NO,Active
6388,Romello Brooker,Romello,Brooker,TE,,Active
3712,Adam Fuehne,Adam,Fuehne,TE,,Inactive
12924,Fatorma Mulbah,Fatorma,Mulbah,DL,,Active
234,Matt McCants,Matt,McCants,T,,Inactive
6003,Anthony Nelson,Anthony,Nelson,LB,TB,Active
2684,Corbin Louks,Corbin,Louks,WR,,Active
13588,Zach Durfee,Zach,Durfee,DE,JAX,Active
1266,Greg Zuerlein,Greg,Zuerlein,K,,Active
3345,Anthony Brown,Anthony,Brown,CB,,Inactive
7431,Eli Mencer,Eli,Mencer,DE,,Inactive
8562,Jake Dixon,Jake,Dixon,T,,Inactive
5369,Dane Cruikshank,Dane,Cruikshank,DB,,Active
7905,Dylan Soehner,Dylan,Soehner,TE,,Active
12284,Michael Herzog,Michael,Herzog,RB,,Active
11311,Jason Brownlee,Jason,Brownlee,WR,KC,Active
194,Reggie Wayne,Reggie,Wayne,WR,,Inactive
8816,Demetrius Taylor,Demetrius,Taylor,DT,,Active
1953,Travis Labhart,Travis,Labhart,WR,,Inactive
466,Vontae Davis,Vontae,Davis,CB,,Injured Reserve
4330,JoJo Natson,JoJo,Natson,WR,,Active
6072,Bruce Anderson,Bruce,Anderson,RB,,Inactive
414,Brian Orakpo,Brian,Orakpo,LB,,Injured Reserve
10943,Isaiah McGuire,Isaiah,McGuire,DL,CLE,Active
12532,Ja'Corey Brooks,Ja'Corey,Brooks,WR,,Active
10944,Tavius Robinson,Tavius,Robinson,DE,BAL,Active
2202,Je'Ron Hamm,Je'Ron,Hamm,TE,,Inactive
12262,Michael Furtney,Michael,Furtney,OL,,Active
11008,Anders Carlson,Anders,Carlson,K,,Active
3278,Pharoh Cooper,Pharoh,Cooper,WR,,Active
5165,Quinton Flowers,Quinton,Flowers,QB,,Inactive
11683,Jackson Powers-Johnson,Jackson,Powers-Johnson,OL,LV,Active
12703,Branson Taylor,Branson,Taylor,OL,LAC,Active
5351,Da'Shawn Hand,Da'Shawn,Hand,DT,ATL,Active
12890,R.J. Delancy,R.J.,Delancy,CB,,Active
12981,Gee Scott,Gee,Scott,TE,NYJ,Inactive
2581,Jahwan Edwards,Jahwan,Edwards,RB,,Active
4544,Daikiel Shorts,Daikiel,Shorts,WR,,Active
4418,LeShun Daniels,LeShun,Daniels,RB,,Inactive
5672,Ryan McKinley,Ryan,McKinley,CB,,Active
8481,Ja'Sir Taylor,Ja'Sir,Taylor,DB,CIN,Active
11370,Chris Brooks,Chris,Brooks,RB,GB,Active
1958,Xavier Su'a-Filo,Xavier,Su'a-Filo,G,CIN,Active
13388,CJ Allen,CJ,Allen,LB,IND,Active
6196,Christian Wade,Christian,Wade,RB,,Inactive
12749,Luke Elkin,Luke,Elkin,LS,CHI,Active
12805,Glendon Miller,Glendon,Miller,DB,,Active
4104,Taylor Moton,Taylor,Moton,T,CAR,Active
11002,Keondre Coburn,Keondre,Coburn,DT,,Active
7776,Israel Mukuamu,Israel,Mukuamu,DB,,Active
7794,Chris Evans,Chris,Evans,RB,,Active
530,Jermaine Gresham,Jermaine,Gresham,TE,,Inactive
11117,Johari Branch,Johari,Branch,C,,Active
3304,Quinton Jefferson,Quinton,Jefferson,DT,,Active
4,Roddy White,Roddy,White,WR,,Inactive
13234,Ryan Nelson,Ryan,Nelson,T,,Active
11574,Dylan Laube,Dylan,Laube,RB,LV,Active
917,Ryan Kerrigan,Ryan,Kerrigan,DE,,Active
6323,Andrew Beck,Andrew,Beck,RB,NYJ,Active
7606,Kadarius Toney,Kadarius,Toney,WR,,Active
1335,Matt Tobin,Matt,Tobin,G,,Inactive
6927,Quez Watkins,Quez,Watkins,WR,PHI,Active
1414,Nick Williams,Nick,Williams,DE,,Active
1178,Sean Richardson,Sean,Richardson,SS,,Inactive
13123,Parker Clements,Parker,Clements,OT,,Active
12730,Micah Robinson,Micah,Robinson,CB,TEN,Active
3898,Bryce Cheek,Bryce,Cheek,CB,,Inactive
1589,Quinton Patton,Quinton,Patton,WR,,Injured Reserve
316,Malcom Floyd,Malcom,Floyd,WR,,Inactive
3615,Sione Houma,Sione,Houma,RB,,Active
2561,Anthony Boone,Anthony,Boone,QB,,Active
3870,Vi Teofilo,Vi,Teofilo,G,,Inactive
226,Antwaan Randle El,Antwaan,Randle El,WR,,Inactive
304,Jake Long,Jake,Long,T,,Inactive
6948,Leki Fotu,Leki,Fotu,DT,NYG,Active
13246,Jaden Smith,Jaden,Smith,WR,DAL,Active
8111,Cade Otton,Cade,Otton,TE,TB,Active
2929,Adrian Coxson,Adrian,Coxson,WR,,Active
1781,Kourtnei Brown,Kourtnei,Brown,LB,,Injured Reserve
974,Ryan Williams,Ryan,Williams,RB,,Inactive
12915,James Carpenter,James,Carpenter,DL,,Active
6742,Marquis Young,Marquis,Young,RB,,Active
13073,Sebastian Valdez,Sebastian,Valdez,DL,SF,Active
3772,Julien Obioha,Julien,Obioha,DE,,Active
3221,Nick Martin,Nick,Martin,C,,Active
8245,Derrick Deese,Derrick,Deese,TE,,Active
4061,Davis Webb,Davis,Webb,QB,,Active
13957,Kenny Fletcher,Kenny,Fletcher,TE,TB,Active
3269,Chris Moore,Chris,Moore,WR,BAL,Active
6970,Stephen Sullivan,Stephen,Sullivan,TE,,Active
1944,Alfred Blue,Alfred,Blue,RB,,Inactive
1351,Duke Williams,Duke,Williams,SS,,Inactive
8092,Corey Taylor,Corey,Taylor,RB,,Active
6259,Darnell Holland,Darnell,Holland,RB,,Active
12374,Brenden Bates,Brenden,Bates,TE,CLE,Active
5645,Nick Gates,Nick,Gates,C,,Active
8468,Max Mitchell,Max,Mitchell,T,NYJ,Active
4970,Quenton Nelson,Quenton,Nelson,OL,IND,Active
2957,Ernst Brun,Ernst,Brun,TE,,Active
13554,CJ Williams,CJ,Williams,WR,JAX,Active
5495,Austin Larkin,Austin,Larkin,DE,,Active
2717,Leon Orr,Leon,Orr,DT,,Inactive
12866,Jalin Conyers,Jalin,Conyers,TE,,Active
37,Charles Johnson,Charles,Johnson,DE,,Inactive
2789,Lucky Whitehead,Lucky,Whitehead,WR,,Injured Reserve
4756,John Dorsey,John,Dorsey,,,Inactive
8930,Corey Dublin,Corey,Dublin,OL,,Inactive
6522,T.J. Linta,T.J.,Linta,QB,,Active
6437,John Leglue,John,Leglue,OT,,Active
1911,Willie Snead,Willie,Snead,WR,,Inactive
1034,Brandon Bolden,Brandon,Bolden,RB,,Active
3673,Nick Rose,Nick,Rose,K,,Inactive
4798,C.J. Germany,C.J.,Germany,WR,,Active
7030,Casey Toohill,Casey,Toohill,DE,,Active
13270,CJ Daniels,CJ,Daniels,WR,LAR,Active
8566,T.D. Moultry,T.D.,Moultry,LB,,Active
7326,Breiden Fehoko,Breiden,Fehoko,NT,,Active
2503,A.J. Derby,A.J.,Derby,TE,,Inactive
11843,Michael Barrett,Michael,Barrett,LB,,Active
2718,Tevin McDonald,Tevin,McDonald,FS,,Inactive
11489,Kahlef Hailassie,Kahlef,Hailassie,CB,MIN,Active
2484,Tayo Fabuluje,Tayo,Fabuluje,T,,Inactive
11170,DeAndre Square,DeAndre,Square,LB,,Active
12669,Collin Oliver,Collin,Oliver,DE,GB,Active
13805,E.J. Williams,E.J.,Williams,WR,LV,Active
1008,Donald Butler,Donald,Butler,LB,,Inactive
520,John Conner,John,Conner,FB,,Inactive
11721,Bralen Trice,Bralen,Trice,DE,ATL,Active
5808,Connor Jessop,Connor,Jessop,QB,,Active
8278,Christian Harris,Christian,Harris,LB,ATL,Active
7216,Giovanni Ricci,Giovanni,Ricci,FB,,Active
4210,Avery Moss,Avery,Moss,DE,,Active
5242,Dontez Byrd,Dontez,Byrd,WR,,Active
4321,Deyshawn Bond,Deyshawn,Bond,C,,Inactive
1664,Ryan Otten,Ryan,Otten,TE,,Inactive
3924,Clayton Echard,Clayton,Echard,TE,,Inactive
5026,Tre'Quan Smith,Tre'Quan,Smith,WR,,Inactive
11647,Kimani Vidal,Kimani,Vidal,RB,LAC,Active
4423,David Jones,David,Jones,FS,,Active
6045,Gary Jennings,Gary,Jennings,WR,,Active
13133,Mason Narcisse,Mason,Narcisse,DL,,Active
4821,Jamari Staples,Jamari,Staples,WR,,Active
12947,Zeke Correll,Zeke,Correll,OL,,Active
2433,Jon Feliciano,Jon,Feliciano,OG,,Active
5737,Drew Scott,Drew,Scott,LS,KC,Active
7630,Greg Newsome,Greg,Newsome,CB,NYG,Active
4967,Bradley Chubb,Bradley,Chubb,LB,BUF,Active
13273,Josh Cuevas,Josh,Cuevas,TE,BAL,Active
5753,Chris Board,Chris,Board,LB,,Active
7881,Jon Dietzen,Jon,Dietzen,OL,,Active
8401,Player Invalid,Player,Invalid,LB,,Inactive
177,Wes Welker,Wes,Welker,WR,,Inactive
714,Reshad Jones,Reshad,Jones,FS,,Active
8774,Alec Anderson,Alec,Anderson,OL,BUF,Active
13608,Jerand Bradley,Jerand,Bradley,WR,LAC,Active
13282,Jack Endries,Jack,Endries,TE,CIN,Active
7817,Earnest Brown,Earnest,Brown,DE,TEN,Active
2282,Fitzgerald Toussaint,Fitzgerald,Toussaint,RB,,Inactive
1899,Ray Agnew,Ray,Agnew,FB,,Inactive
1445,Dwayne Gratz,Dwayne,Gratz,CB,,Inactive
3850,Louis Palmer,Louis,Palmer,DE,,Inactive
2400,Matt Jones,Matt,Jones,RB,,Inactive
7626,Odafe Oweh,Odafe,Oweh,LB,WAS,Active
3899,Jeff Overbaugh,Jeff,Overbaugh,LS,,Inactive
6395,Trinity Benson,Trinity,Benson,WR,,Active
2858,B.J. Larsen,B.J.,Larsen,DE,,Active
1317,Brandon Barden,Brandon,Barden,TE,,Inactive
12083,Winston Reid,Winston,Reid,LB,CLE,Active
1206,Isaiah Pead,Isaiah,Pead,RB,,Inactive
2993,Rakeem Nunez-Roches,Rakeem,Nunez-Roches,DT,TB,Active
5524,Duplicate Player,Duplicate,Player,,ARI,Inactive
13785,West Weeks,West,Weeks,LB,IND,Active
3235,Max Tuerk,Max,Tuerk,G,,Inactive
7852,Tory Carter,Tory,Carter,FB,,Active
11478,Gavin Holmes,Gavin,Holmes,WR,,Active
668,Jason Babin,Jason,Babin,LB,,Inactive
8528,Ryan Wright,Ryan,Wright,P,NO,Active
12139,Kenny Logan,Kenny,Logan,DB,,Active
8549,Trevon Clark,Trevon,Clark,WR,,Active
3001,Kyle Woestmann,Kyle,Woestmann,OLB,,Active
11266,Thyrick Pitts,Thyrick,Pitts,WR,,Inactive
7608,Khalil Herbert,Khalil,Herbert,RB,SF,Active
11274,Trevor Reid,Trevor,Reid,OT,,Active
4227,Harrison Butker,Harrison,Butker,K,KC,Active
1435,Dax Swanson,Dax,Swanson,CB,,Inactive
1964,Ulrick John,Ulrick,John,T,,Inactive
8279,Perrion Winfrey,Perrion,Winfrey,DL,,Active
7269,Marc-Antoine Dequoy,Marc-Antoine,Dequoy,DB,,Active
6402,Steven Sims,Steven,Sims,WR,,Active
3013,Isaiah Battle,Isaiah,Battle,T,,Inactive
13164,Blake Mangelson,Blake,Mangelson,DE,,Active
2658,Ryan Mueller,Ryan,Mueller,FB,,Active
5251,Tyler Davis,Tyler,Davis,K,,Active
7323,Nate Gilliam,Nate,Gilliam,G,,Active
8902,Tae Daley,Tae,Daley,DB,,Active
4913,Aiulua Fanene,Aiulua,Fanene,DT,GB,Active
8484,Ko Kieft,Ko,Kieft,TE,TB,Active
5090,Folorunso Fatukasi,Folorunso,Fatukasi,DT,,Active
6176,Cameron Smith,Cameron,Smith,LB,,Injured Reserve
8213,Dai'Jean Dixon,Dai'Jean,Dixon,WR,,Active
11226,Tyjon Lindsey,Tyjon,Lindsey,WR,,Active
1587,Vance McDonald,Vance,McDonald,TE,,Injured Reserve
8048,Jaylon McClain-Sapp,Jaylon,McClain-Sapp,DB,,Inactive
2628,Boris Anyama,Boris,Anyama,ILB,,Active
2471,Michael Burton,Michael,Burton,FB,CLE,Active
12593,Jack Sawyer,Jack,Sawyer,DL,PIT,Active
11971,Keaton Ellis,Keaton,Ellis,DB,,Active
8460,Sean Rhyan,Sean,Rhyan,OL,GB,Active
5473,Lyndon Johnson,Lyndon,Johnson,NT,,Inactive
7653,Azeez Ojulari,Azeez,Ojulari,LB,ATL,Active
6534,Ray Smith,Ray,Smith,DT,,Injured Reserve
1767,Garth Gerhart,Garth,Gerhart,C,,Inactive
7412,Sandro Platzgummer,Sandro,Platzgummer,RB,,Active
1193,Najee Goode,Najee,Goode,LB,,Active
7499,Paul Quessenberry,Paul,Quessenberry,TE,,Active
9488,Jaxon Smith-Njigba,Jaxon,Smith-Njigba,WR,SEA,Active
9510,Lew Nichols,Lew,Nichols,RB,PIT,Active
13012,Trey Wedig,Trey,Wedig,OT,,Active
12870,Tedi Kushi,Tedi,Kushi,OT,,Active
5655,Ryan Neal,Ryan,Neal,SS,,Active
11141,Jayson Ademilola,Jayson,Ademilola,DT,,Active
4851,Stephen Ross,Stephen,Ross,,,Inactive
1359,Jamar Taylor,Jamar,Taylor,CB,,Active
13106,Evan Slocum,Evan,Slocum,DB,,Active
11007,Bryce Baringer,Bryce,Baringer,P,NE,Active
11571,Isaiah Davis,Isaiah,Davis,RB,NYJ,Active
562,J.D. Walton,J.D.,Walton,C,,Inactive
7526,Jaylen Waddle,Jaylen,Waddle,WR,DEN,Active
6738,Cedric Benson,Cedric,Benson,RB,,Inactive
4510,Duplicate Player,Duplicate,Player,,,
1286,Antonio Allen,Antonio,Allen,FS,,Inactive
1877,Zach Orr,Zach,Orr,LB,,Inactive
13556,TJ Hall,TJ,Hall,CB,NO,Active
13023,Gerad Lichtenhan,Gerad,Lichtenhan,OT,BAL,Active
8425,Player Invalid,Player,Invalid,RB,,Inactive
4949,Derrius Guice,Derrius,Guice,RB,,Active
3103,Sean McDermott,Sean,McDermott,,,Inactive
2083,Bennett Jackson,Bennett,Jackson,DB,,Active
1137,Juron Criner,Juron,Criner,WR,,Inactive
7853,Naquan Jones,Naquan,Jones,DT,HOU,Active
12842,Timothy McKay,Timothy,McKay,OG,WAS,Active
1045,Trevor Graham,Trevor,Graham,WR,,Inactive
5350,Chris Campbell,Chris,Campbell,CB,,Active
3563,Steve Longa,Steve,Longa,OLB,,Active
3073,Chip Kelly,Chip,Kelly,,,Inactive
13079,Jahdae Walker,Jahdae,Walker,WR,CHI,Active
8115,Jalen Wydermyer,Jalen,Wydermyer,TE,,Active
5452,J.T. Gray,J.T.,Gray,DB,PHI,Active
6248,Trevion Thompson,Trevion,Thompson,WR,,Active
11779,Tarheeb Still,Tarheeb,Still,DB,LAC,Active
8929,Nate Wieland,Nate,Wieland,LB,,Active
844,Akeem Ayers,Akeem,Ayers,LB,,Inactive
2134,Carl Bradford,Carl,Bradford,ILB,,Inactive
3386,Thomas Duarte,Thomas,Duarte,TE,,Inactive
394,Darrius Heyward-Bey,Darrius,Heyward-Bey,WR,,Inactive
1707,Spencer Lanning,Spencer,Lanning,P,,Inactive
12143,Bayron Matos,Bayron,Matos,OL,IND,Active
2235,Mitchell VanDyk,Mitchell,VanDyk,OT,,Inactive
1136,Jack Crawford,Jack,Crawford,DT,,Active
7265,Zack Johnson,Zack,Johnson,OL,,Active
7349,Tyrique McGhee,Tyrique,McGhee,DB,,Active
3409,Beniquez Brown,Beniquez,Brown,OLB,,Active
13378,Dante McClellan,Dante,McClellan,LB,,Active
569,Jared Veldheer,Jared,Veldheer,OT,,Active
2824,Donteea Dye,Donteea,Dye,WR,,Inactive
13047,Jacardia Wright,Jacardia,Wright,RB,SEA,Active
4508,Gabe Marks,Gabe,Marks,WR,,Active
12820,Landon Parker,Landon,Parker,WR,,Active
13254,Nate Matlack,Nate,Matlack,DE,,Active
4957,Moubarak Djeri,Moubarak,Djeri,DE,,Active
11211,Kadeem Telfort,Kadeem,Telfort,T,,Active
11505,David Durden,David,Durden,WR,,Active
13318,Noah Thomas,Noah,Thomas,WR,CIN,Active
298,Lawrence Timmons,Lawrence,Timmons,LB,,Inactive
2911,Justin Manton,Justin,Manton,K,,Active
8558,Drew Hartlaub,Drew,Hartlaub,DB,,Active
5911,Jalen Hurd,Jalen,Hurd,WR,,Active
6232,Jalin Burrell,Jalin,Burrell,CB,,Active
4986,Kolton Miller,Kolton,Miller,T,LV,Active
13526,Parker Brailsford,Parker,Brailsford,C,CLE,Active
195,Courtney Roby,Courtney,Roby,WR,,Inactive
BAL,,Baltimore,Ravens,DEF,BAL,
13866,Luke Basso,Luke,Basso,LS,DEN,Active
1242,Bruce Irvin,Bruce,Irvin,LB,,Active
4302,Quincy Mauger,Quincy,Mauger,SS,,Active
13380,Brenen Thompson,Brenen,Thompson,WR,LAC,Active
6214,Quincy Williams,Quincy,Williams,LB,CLE,Active
1844,Tyler Ott,Tyler,Ott,LS,WAS,Active
13939,Gabriel Benyard,Gabriel,Benyard,WR,CAR,Active
8067,Jovan Swann,Jovan,Swann,DE,,Active
6382,Tito Odenigbo,Tito,Odenigbo,DT,,Active
3650,Maurice Harris,Maurice,Harris,WR,,Inactive
2944,Matt LaCosse,Matt,LaCosse,TE,NE,Active
12145,Andrew Meyer,Andrew,Meyer,C,MIA,Active
1815,Kenny Ladler,Kenny,Ladler,FS,,Active
3036,Matt Lengel,Matt,Lengel,TE,,Active
12636,Que Robinson,Que,Robinson,LB,DEN,Active
4041,Jay Gruden,Jay,Gruden,,,Inactive
6343,Manny Wilkins,Manny,Wilkins,QB,,Active
6078,Nick Natour,Nick,Natour,G,,Inactive
5691,Mike Ford,Mike,Ford,DB,ATL,Active
5132,Steven Mitchell,Steven,Mitchell,WR,,Inactive
6993,Dominick Wood-Anderson,Dominick,Wood-Anderson,TE,,Active
12082,Jalen Sundell,Jalen,Sundell,C,SEA,Active
345,Brian Hoyer,Brian,Hoyer,QB,,Active
7214,Calvin Taylor,Calvin,Taylor,DE,,Active
128,Vincent Jackson,Vincent,Jackson,WR,,Inactive
8369,Chance Campbell,Chance,Campbell,LB,PHI,Active
3919,Mike Zimmer,Mike,Zimmer,,,Inactive
6226,Rashard Causey,Rashard,Causey,CB,,Active
6025,Mike Jackson,Mike,Jackson,CB,CAR,Active
6820,Clyde Edwards-Helaire,Clyde,Edwards-Helaire,RB,,Active
13724,Daylan Carnell,Daylan,Carnell,DB,,Active
7252,Elijah Benton,Elijah,Benton,DB,,Active
7008,Brian Lewerke,Brian,Lewerke,QB,,Active
14001,Julius Davis,Julius,Davis,RB,,Active
700,Josh Wilson,Josh,Wilson,CB,,Inactive
13400,Justin Joly,Justin,Joly,TE,DEN,Active
2642,Houston Bates,Houston,Bates,LB,,Physically Unable to Perform
907,Josh Thomas,Josh,Thomas,CB,,Inactive
5169,Malik Earl,Malik,Earl,WR,,Active
11757,Edefuan Ulofoshio,Edefuan,Ulofoshio,LB,CLE,Active
8462,Luke Fortner,Luke,Fortner,G,CAR,Active
11931,Austin Reed,Austin,Reed,QB,,Active
7713,Jaelon Darden,Jaelon,Darden,WR,,Active
12333,Dakereon Joyner,Dakereon,Joyner,WR,,Active
8363,Jack Sanborn,Jack,Sanborn,LB,CHI,Active
4933,Anthony McMeans,Anthony,McMeans,G,LAR,Active
11972,Isaiah Iton,Isaiah,Iton,DL,NE,Active
1168,Adam Gettis,Adam,Gettis,G,,Inactive
840,Corbin Bryant,Corbin,Bryant,DT,,Injured Reserve
7731,Jay Tufele,Jay,Tufele,DT,,Active
8291,Myjai Sanders,Myjai,Sanders,DL,,Active
4784,Levonte Whitfield,Levonte,Whitfield,WR,,Inactive
929,Davon House,Davon,House,CB,,Injured Reserve
2100,Silas Redd,Silas,Redd,RB,,Inactive
4915,Michael Coe,Michael,Coe,CB,DAL,Active
4666,Younghoe Koo,Younghoe,Koo,K,,Active
5092,Troy Fumagalli,Troy,Fumagalli,TE,,Active
4858,Ken Norton Jr.,Ken,Norton Jr.,,,Inactive
2197,Brandin Cooks,Brandin,Cooks,WR,,Active
645,Dwan Edwards,Dwan,Edwards,DT,,Inactive
1676,Ja'Gared Davis,Ja'Gared,Davis,ILB,,Inactive
1718,Derek Carrier,Derek,Carrier,TE,,Active
13340,Rueben Bain,Rueben,Bain,DL,TB,Active
948,Cliff Matthews,Cliff,Matthews,DT,,Inactive
3092,Sashi Brown,Sashi,Brown,,,Inactive
3873,Ben Roberts,Ben,Roberts,WR,,Inactive
3623,Vontarrius Dora,Vontarrius,Dora,OLB,,Active
6236,Travon McMillian,Travon,McMillian,RB,,Active
12050,Dee Williams,Dee,Williams,DB,,Active
5870,Daniel Jones,Daniel,Jones,QB,IND,Active
457,Colin Cole,Colin,Cole,DT,,Inactive
1941,Jason Ankrah,Jason,Ankrah,OLB,,Inactive
12565,Will Johnson,Will,Johnson,DB,ARI,Active
8905,Travis Koontz,Travis,Koontz,TE,,Active
12437,Landon Honeycutt,Landon,Honeycutt,LB,,Active
12373,Peter LeBlanc,Peter,LeBlanc,WR,,Active
11138,Samuel Jackson,Samuel,Jackson,OL,,Active
8385,George Karlaftis,George,Karlaftis,DL,KC,Active
5290,Deontay Burnett,Deontay,Burnett,WR,,Active
11330,Rejzohn Wright,Rejzohn,Wright,CB,NO,Active
297,Eddie Royal,Eddie,Royal,WR,,Inactive
4486,David Talley,David,Talley,OLB,,Active
1394,Sean Porter,Sean,Porter,OLB,,Inactive
4782,Jake Simonich,Jake,Simonich,C,,Active
2463,Jesse James,Jesse,James,TE,,Active
4723,Justin Thomas,Justin,Thomas,WR,,Active
13524,Justin Jefferson,Justin,Jefferson,LB,CLE,Active
7301,Tershawn Wharton,Tershawn,Wharton,DT,CAR,Active
13421,Eli Raridon,Eli,Raridon,TE,NE,Active
12250,Riley Sharp,Riley,Sharp,TE,,Active
11976,Tre Colbert,Tre,Colbert,DL,,Active
8785,Cal Adomitis,Cal,Adomitis,LS,GB,Active
2139,Adrian Hubbard,Adrian,Hubbard,OLB,,Inactive
8347,Eyioma Uwazurike,Eyioma,Uwazurike,DL,DEN,Active
6750,Logan Tago,Logan,Tago,LB,,Inactive
8882,Nijuel Hill,Nijuel,Hill,DB,,Active
4555,Andy Phillips,Andy,Phillips,K,,Active
6119,Devin White,Devin,White,LB,DET,Active
3568,Marken Michel,Marken,Michel,WR,,Active
5594,Jamar Summers,Jamar,Summers,FS,,Active
6306,Patrick Mekari,Patrick,Mekari,OL,JAX,Active
4625,Hunter Dimick,Hunter,Dimick,OLB,,Active
3435,Chase Farris,Chase,Farris,G,,Active
5322,James Looney,James,Looney,TE,,Active
8878,Jared Scott,Jared,Scott,TE,,Active
8792,Ben Petrula,Ben,Petrula,T,,Inactive
14016,DQ Smith,DQ,Smith,DB,,Active
550,Jerry Hughes,Jerry,Hughes,DE,,Active
4214,Shelton Gibson,Shelton,Gibson,WR,,Active
2391,David Johnson,David,Johnson,RB,,Active
6782,Chase Young,Chase,Young,DE,NO,Active
8044,Isaiah Dunn,Isaiah,Dunn,DB,,Inactive
6616,Iseoluwapo Jegede,Iseoluwapo,Jegede,NT,,Active
7064,Darrynton Evans,Darrynton,Evans,RB,,Inactive
1143,Kendall Reyes,Kendall,Reyes,DE,,Inactive
124,Josh Sitton,Josh,Sitton,G,,Injured Reserve
8327,Amare Barno,Amare,Barno,DL,,Active
11988,Judge Culpepper,Judge,Culpepper,DT,,Active
12999,Malik Dixon-Williams,Malik,Dixon-Williams,DB,,Active
3226,Cody Whitehair,Cody,Whitehair,OL,,Active
14044,Miles Davis,Miles,Davis,RB,CAR,Active
389,Matt Cassel,Matt,Cassel,QB,,Inactive
12205,Jalen Cunningham,Jalen,Cunningham,OG,,Active
7088,Xavier Jones,Xavier,Jones,RB,,Active
11999,Keaton Bills,Keaton,Bills,OL,,Active
3693,John Weidenaar,John,Weidenaar,OT,,Inactive
7816,Jason Pinnock,Jason,Pinnock,CB,NYG,Active
13688,Jordan Crook,Jordan,Crook,LB,,Active
615,Charles Brown,Charles,Brown,T,,Inactive
418,Louis Delmas,Louis,Delmas,FS,,Inactive
5348,Kyzir White,Kyzir,White,LB,,Active
8474,Luke Wattenberg,Luke,Wattenberg,OL,DEN,Active
13832,Ben Mann,Ben,Mann,LS,NYG,Active
3007,Avius Capers,Avius,Capers,WR,,Inactive
5844,T.J. Hockenson,T.J.,Hockenson,TE,MIN,Active
3920,Harvey Binford,Harvey,Binford,WR,,Inactive
2296,Terrance Parks,Terrance,Parks,SS,,Inactive
2835,Paul Lasike,Paul,Lasike,RB,,Inactive
2135,Ha Ha Clinton-Dix,Ha Ha,Clinton-Dix,DB,DEN,Active
493,Dan Skuta,Dan,Skuta,LB,,Inactive
12961,Ryan Fitzgerald,Ryan,Fitzgerald,K,CAR,Active
11947,Austin Jones,Austin,Jones,RB,,Active
11254,Micah Baskerville,Micah,Baskerville,LB,,Active
154,Tarvaris Jackson,Tarvaris,Jackson,QB,,Inactive
5963,Nate Herbig,Nate,Herbig,G,,Active
10955,Chad Ryland,Chad,Ryland,K,ARI,Active
2088,Andre Williams,Andre,Williams,RB,,Inactive
4710,Gio Pascascio,Gio,Pascascio,WR,,Active
1682,Cierre Wood,Cierre,Wood,RB,,Inactive
12529,TreVeyon Henderson,TreVeyon,Henderson,RB,NE,Active
7385,Christian Angulo,Christian,Angulo,DB,,Active
1355,Don Jones,Don,Jones,FS,,Inactive
565,Tony Moeaki,Tony,Moeaki,TE,,Inactive
14024,Bangally Kamara,Bangally,Kamara,LB,MIN,Active
13795,VJ Anthony,VJ,Anthony,DE,KC,Active
4716,Dan Skipper,Dan,Skipper,T,,Active
4313,Jake Eldrenkamp,Jake,Eldrenkamp,OL,HOU,Active
11356,Bralen Trahan,Bralen,Trahan,DB,,Active
3826,Nick Ritcher,Nick,Ritcher,G,,Inactive
12411,Nathan Pickering,Nathan,Pickering,DT,,Active
7188,Tyler Hall,Tyler,Hall,DB,,Active
13174,Cooper McDonald,Cooper,McDonald,LB,KC,Active
6977,Justin Strnad,Justin,Strnad,LB,DEN,Active
1288,Lawrence Guy,Lawrence,Guy,DT,,Active
980,Colin Kaepernick,Colin,Kaepernick,QB,,Inactive
3664,J.D. McKissic,J.D.,McKissic,RB,,Inactive
3130,John Defilippo,John,Defilippo,,,Inactive
6193,Cole Murphy,Cole,Murphy,K,,Active
4580,Dante Barnett,Dante,Barnett,FS,,Active
7933,Alex Kessman,Alex,Kessman,K,CAR,Active
12017,Clayton Isbell,Clayton,Isbell,DB,,Active
6733,DeJuan Neal,DeJuan,Neal,DB,,Active
4127,C.J. Beathard,C.J.,Beathard,QB,,Active
2612,Ronald Martin,Ronald,Martin,SS,,Inactive
12351,Julius Wilkerson,Julius,Wilkerson,LB,,Active
13431,Miles Kitselman,Miles,Kitselman,TE,DET,Active
13310,Miller Moss,Miller,Moss,QB,CHI,Active
7295,Ross Matiscik,Ross,Matiscik,LS,JAX,Active
7306,Hakeem Bailey,Hakeem,Bailey,CB,,Active
12615,Omarr Norman-Lott,Omarr,Norman-Lott,DT,KC,Active
1017,Tom Johnson,Tom,Johnson,DT,,Injured Reserve
4399,Eric Smith,Eric,Smith,T,,Active
11101,Maxwell Worship,Maxwell,Worship,LB,,Active
3095,Mike Mularkey,Mike,Mularkey,,,Inactive
12913,J.J. Jones,J.J.,Jones,WR,,Active
6521,Jalen Harvey,Jalen,Harvey,DB,,Active
11740,Brandon Dorlus,Brandon,Dorlus,DE,ATL,Active
6840,Damon Arnette,Damon,Arnette,CB,,Active
1070,Trevor Robinson,Trevor,Robinson,C,,Inactive
7181,Sailosi Latu,Sailosi,Latu,DT,,Inactive
12396,Shaun Peterson,Shaun,Peterson,DE,,Active
3058,Joe Philbin,Joe,Philbin,,,Inactive
613,Brandon LaFell,Brandon,LaFell,WR,,Inactive
7889,Jerry Jacobs,Jerry,Jacobs,CB,,Active
3743,Morgan Fox,Morgan,Fox,DE,,Active
682,Darrel Young,Darrel,Young,FB,,Inactive
12067,Briason Mays,Briason,Mays,C,,Active
6207,Jordan Martin,Jordan,Martin,SS,,Active
6053,Jesse Burkett,Jesse,Burkett,C,,Inactive
430,Phil Loadholt,Phil,Loadholt,OT,,Inactive
5957,Isaac Nauta,Isaac,Nauta,TE,GB,Inactive
7601,Rondale Moore,Rondale,Moore,WR,,Active
10977,Jordan McFadden,Jordan,McFadden,OL,CHI,Active
8704,Jaylan Alexander,Jaylan,Alexander,LB,,Active
611,Jimmy Clausen,Jimmy,Clausen,QB,,Inactive
6326,Trevon Sanders,Trevon,Sanders,NT,,Active
5891,Yodny Cajuste,Yodny,Cajuste,OL,,Active
13290,Jalen Moss,Jalen,Moss,WR,,Active
367,Jared Cook,Jared,Cook,TE,,Active
3576,Reid Ferguson,Reid,Ferguson,LS,BUF,Active
13154,Marcus Major,Marcus,Major,RB,,Active
4630,I'Tavius Mathers,I'Tavius,Mathers,RB,,Active
960,Allen Bradford,Allen,Bradford,LB,,Inactive
6792,Javon Kinlaw,Javon,Kinlaw,DT,WAS,Active
7957,Jon Rhattigan,Jon,Rhattigan,LB,CHI,Active
5196,Ethan Wolf,Ethan,Wolf,TE,,Active
4902,Chad O'Shea,Chad,O'Shea,,,Inactive
3231,James Bradberry,James,Bradberry,CB,,Active
13268,Elijah Sarratt,Elijah,Sarratt,WR,BAL,Active
1650,Cameron Marshall,Cameron,Marshall,RB,,Inactive
12535,Isaac TeSlaa,Isaac,TeSlaa,WR,DET,Active
8738,Dion Novil,Dion,Novil,DT,,Active
5562,Skyler Phillips,Skyler,Phillips,C,,Active
5170,Phillip Lindsay,Phillip,Lindsay,RB,,Active
6790,D'Andre Swift,D'Andre,Swift,RB,CHI,Active
2034,Gabe Jackson,Gabe,Jackson,G,,Active
7467,Blake Gillikin,Blake,Gillikin,P,ARI,Active
8552,Rayshad Nichols,Rayshad,Nichols,DT,,Active
2808,Jacob Hagen,Jacob,Hagen,FS,,Active
6830,Jason Strowbridge,Jason,Strowbridge,DE,,Active
2409,James Sample,James,Sample,FS,,Inactive
5739,Afolabi Laguda,Afolabi,Laguda,FS,,Active
11731,Malik Mustapha,Malik,Mustapha,DB,SF,Active
6146,Kaden Smith,Kaden,Smith,TE,,Inactive
4334,Jerry Ugokwe,Jerry,Ugokwe,OT,,Active
5606,Gaelin Elmore,Gaelin,Elmore,DE,,Active
4685,Roubbens Joseph,Roubbens,Joseph,OT,,Active
1763,Greg Orton,Greg,Orton,WR,,Inactive
1373,Geno Smith,Geno,Smith,QB,NYJ,Active
7162,Ryan Becker,Ryan,Becker,TE,,Active
12491,Corey Kiner,Corey,Kiner,RB,ARI,Active
2068,Tyler Patmon,Tyler,Patmon,CB,,Inactive
7150,Chris Jackson,Chris,Jackson,DB,,Active
13901,Anthony Dunn,Anthony,Dunn,DE,KC,Active
6720,John Yarbrough,John,Yarbrough,C,,Active
2475,D.J. Alexander,D.J.,Alexander,LB,,Active
8297,Jeremiah Moon,Jeremiah,Moon,LB,,Active
6358,Kahlil Lewis,Kahlil,Lewis,WR,,Active
7804,Marlon Tuipulotu,Marlon,Tuipulotu,DT,,Active
4608,T.J. Daniel,T.J.,Daniel,DE,,Active
8639,Shabari Davis,Shabari,Davis,CB,,Active
8709,Mike Caliendo,Mike,Caliendo,G,KC,Active
13704,Riley Mahlman,Riley,Mahlman,OT,ATL,Active
6768,Tua Tagovailoa,Tua,Tagovailoa,QB,ATL,Active
2828,Erick Dargan,Erick,Dargan,S,,Active
6130,Devin Singletary,Devin,Singletary,RB,NYG,Active
5187,Mike Hughes,Mike,Hughes,NT,,Inactive
1545,Desmond Trufant,Desmond,Trufant,CB,,Active
3531,Marshaun Coprich,Marshaun,Coprich,RB,,Active
11414,Raiqwon O'Neal,Raiqwon,O'Neal,OT,,Active
12276,RJ Mobley,RJ,Mobley,WR,,Active
5424,Tony Brown,Tony,Brown,DB,,Active
5004,Ito Smith,Ito,Smith,RB,DAL,Active
11795,Jaden Crumedy,Jaden,Crumedy,DT,GB,Active
2087,Jordan Stanton,Jordan,Stanton,DE,,Inactive
2479,Deiontrez Mount,Deiontrez,Mount,LB,,Inactive
4923,Rushel Shell,Rushel,Shell,RB,,Active
7642,Jaycee Horn,Jaycee,Horn,CB,CAR,Active
12356,Jabari Small,Jabari,Small,RB,DET,Active
12955,Sebastian Castro,Sebastian,Castro,DB,PIT,Active
13826,Caullin Lacy,Caullin,Lacy,WR,NYJ,Active
6904,Jalen Hurts,Jalen,Hurts,QB,PHI,Active
2450,Brett Hundley,Brett,Hundley,QB,,Active
4797,Josh Rounds,Josh,Rounds,RB,,Active
13905,Omari Evans,Omari,Evans,WR,KC,Active
11869,Robert Kennedy,Robert,Kennedy,DB,,Active
3438,Trevor Williams,Trevor,Williams,CB,,Inactive
1321,Mike Brown,Mike,Brown,WR,,Inactive
6432,Otaro Alaka,Otaro,Alaka,LB,,Active
6976,Zach Shackelford,Zach,Shackelford,C,,Active
1135,Christo Bilukidi,Christo,Bilukidi,DT,,Inactive
13021,Desmond Igbinosun,Desmond,Igbinosun,DB,,Active
8054,Daniel Archibong,Daniel,Archibong,DT,,Active
2564,Duron Carter,Duron,Carter,WR,,Inactive
7515,Sergio Castillo,Sergio,Castillo,K,,Active
648,Brandon Marshall,Brandon,Marshall,WR,,Inactive
5053,Alex Cappa,Alex,Cappa,G,,Active
13284,Dylan Devezin,Dylan,Devezin,RB,,Active
7118,Danny Pinter,Danny,Pinter,G,BAL,Active
3535,Shaq Petteway,Shaq,Petteway,ILB,,Active
13571,Brandon Cleveland,Brandon,Cleveland,DT,LV,Active
1371,Dee Milliner,Dee,Milliner,CB,,Inactive
5626,Bunmi Rotimi,Bunmi,Rotimi,DE,,Inactive
3749,Kache Palacio,Kache,Palacio,ILB,,Inactive
454,Chris Ogbonnaya,Chris,Ogbonnaya,RB,,Inactive
7105,Ramiz Ahmed,Ramiz,Ahmed,K,,Active
1505,Josh Lenz,Josh,Lenz,WR,,Inactive
7097,Tra Barnett,Tra,Barnett,RB,,Inactive
4495,J.R. Nelson,J.R.,Nelson,CB,,Inactive
5221,Mike McCray,Mike,McCray,OLB,,Active
7538,Zach Wilson,Zach,Wilson,QB,NO,Active
2769,Larry Pinkard,Larry,Pinkard,WR,,Inactive
646,Karlos Dansby,Karlos,Dansby,LB,,Inactive
7561,Elijah Mitchell,Elijah,Mitchell,RB,PHI,Active
1556,Kenny Vaccaro,Kenny,Vaccaro,SS,,Injured Reserve
4062,Sam Irwin-Hill,Sam,Irwin-Hill,P,,Active
7376,Case Cookus,Case,Cookus,QB,,Active
3288,Evan Boehm,Evan,Boehm,C,,Active
12020,Leo Lowin,Leo,Lowin,LB,,Active
7451,Cam Gill,Cam,Gill,LB,CAR,Active
5129,Adonis Jennings,Adonis,Jennings,WR,,Active
5828,Diontae Spencer,Diontae,Spencer,WR,,Inactive
11012,Jaelyn Duncan,Jaelyn,Duncan,OL,,Active
4638,Josh Banks,Josh,Banks,DT,,Active
603,C.J. Wilson,C.J.,Wilson,DE,,Inactive
12727,Julian Ashby,Julian,Ashby,LS,NE,Active
3209,Devontae Booker,Devontae,Booker,RB,,Active
13977,Devonta Smith,Devonta,Smith,CB,CAR,Active
3136,Anthony Lynn,Anthony,Lynn,,,Inactive
3789,David Perkins,David,Perkins,DE,,Inactive
13440,Damien Alford,Damien,Alford,WR,,Active
8409,Tyler Snead,Tyler,Snead,WR,,Active
12875,BJ Mayes,BJ,Mayes,CB,,Active
12898,Seth Henigan,Seth,Henigan,QB,,Active
6726,Patrick Lawrence,Patrick,Lawrence,OT,,Active
1666,LaRoy Reynolds,LaRoy,Reynolds,LB,NE,Active
3612,Hakeem Valles,Hakeem,Valles,TE,,Inactive
7934,Jared Goldwire,Jared,Goldwire,DT,,Active
1348,Dustin Hopkins,Dustin,Hopkins,K,,Active
12608,Tyler Batty,Tyler,Batty,DL,MIN,Active
2994,Steven Clark,Steven,Clark,P,,Inactive
7500,Michael Barnett,Michael,Barnett,DT,,Active
8505,AJ Arcuri,AJ,Arcuri,OT,LAR,Active
1677,Travis Howard,Travis,Howard,CB,,Inactive
2008,Bradley Roby,Bradley,Roby,CB,,Active
5826,Jameer Thurman,Jameer,Thurman,ILB,,Active
1703,Michael J. Thomas,Michael J.,Thomas,DB,,Active
1239,Peter Konz,Peter,Konz,C,,Inactive
2288,Chas Alecxih,Chas,Alecxih,DT,,Inactive
13591,Deontae Lawson,Deontae,Lawson,LB,PHI,Active
4905,Lake Dawson,Lake,Dawson,,,Inactive
456,Deon Butler,Deon,Butler,TE,,Inactive
12950,Robert Lewis,Robert,Lewis,WR,,Active
8653,Derrick Tangelo,Derrick,Tangelo,DT,,Inactive
256,Rian Lindell,Rian,Lindell,K,,Inactive
7760,Shaka Toney,Shaka,Toney,DE,,Inactive
7737,Jack Batho,Jack,Batho,OL,,Inactive
2967,Kaleb Johnson,Kaleb,Johnson,G,,Inactive
8904,Ross Reiter,Ross,Reiter,LS,,Active
11471,Dalton Wagner,Dalton,Wagner,T,LV,Active
12978,Elijah Ponder,Elijah,Ponder,DE,NE,Active
7458,Isaiah Zuber,Isaiah,Zuber,WR,,Inactive
13815,Rene Konga,Rene,Konga,DL,MIA,Active
13775,TJ Quinn,TJ,Quinn,LB,GB,Active
11635,Ladd McConkey,Ladd,McConkey,WR,LAC,Active
11463,Brock Martin,Brock,Martin,DE,,Active
1922,Roy Philon,Roy,Philon,NT,,Active
4325,Thomas Hennessy,Thomas,Hennessy,LS,NYJ,Active
3117,Mark Davis,Mark,Davis,,,Inactive
6461,Matt Orzech,Matt,Orzech,LS,GB,Active
716,Steve Maneri,Steve,Maneri,TE,,Inactive
11880,Woo Governor,Woo,Governor,DB,,Active
6411,Kyle Vasey,Kyle,Vasey,LS,,Active
13347,Demond Claiborne,Demond,Claiborne,RB,MIN,Active
48,James Harrison,James,Harrison,LB,,Inactive
11591,Player Invalid,Player,Invalid,TE,,Inactive
12475,Ricky White,Ricky,White,WR,SEA,Active
11722,Adisa Isaac,Adisa,Isaac,DE,BAL,Active
8154,Brian Robinson,Brian,Robinson,RB,ATL,Active
4502,Cameron Lee,Cameron,Lee,G,,Inactive
6743,Quart'e Sapp,Quart'e,Sapp,LB,,Active
5412,Zack Golditch,Zack,Golditch,G,,Inactive
783,Rafael Bush,Rafael,Bush,SS,,Injured Reserve
828,Clint Boling,Clint,Boling,G,,Injured Reserve
4060,Jason Licht,Jason,Licht,,,Inactive
162,Lyle Sendlein,Lyle,Sendlein,C,,Inactive
1881,Brent Urban,Brent,Urban,DE,,Active
11060,Robert Burns,Robert,Burns,RB,,Active
7427,Tyler Mabry,Tyler,Mabry,TE,,Inactive
515,Rob Gronkowski,Rob,Gronkowski,TE,,Active
1419,Brian Schwenke,Brian,Schwenke,C,,Inactive
2960,DreQuan Hoskey,DreQuan,Hoskey,CB,,Active
7739,Bryce Hargrove,Bryce,Hargrove,OL,,Active
12098,Ovie Oghoufo,Ovie,Oghoufo,DE,,Active
13331,Dae'Quan Wright,Dae'Quan,Wright,TE,PHI,Active
11119,Jerrod Clark,Jerrod,Clark,DL,,Active
11890,Luquay Washington,Luquay,Washington,LB,,Active
6090,Montre Hartage,Montre,Hartage,DB,,Active
6015,Deshaun Davis,Deshaun,Davis,OLB,,Active
12619,Jonas Sanker,Jonas,Sanker,DB,NO,Active
11806,Casey Washington,Casey,Washington,WR,CAR,Active
4469,Richie Brown,Richie,Brown,OLB,,Inactive
6816,Cesar Ruiz,Cesar,Ruiz,OL,NO,Active
5941,Felton Davis,Felton,Davis,WR,,Active
6068,Devine Ozigbo,Devine,Ozigbo,RB,,Active
2689,Todd Davis,Todd,Davis,LB,,Injured Reserve
6111,Jake Browning,Jake,Browning,QB,TB,Active
12965,Ethan Garbers,Ethan,Garbers,QB,,Active
12553,Josh Simmons,Josh,Simmons,OL,KC,Active
5733,Clayton Wilson,Clayton,Wilson,TE,,Active
4044,Scott Linehan,Scott,Linehan,,,Inactive
7102,Mason Fine,Mason,Fine,QB,,Inactive
8513,Dawson Deaton,Dawson,Deaton,OL,,Active
6100,Ed Alexander,Ed,Alexander,DT,,Inactive
8430,Player Invalid,Player,Invalid,QB,,Inactive
12871,Eugene Asante,Eugene,Asante,LB,,Active
6018,Zach Gentry,Zach,Gentry,TE,,Active
4289,Ishmael Zamora,Ishmael,Zamora,WR,,Active
349,Ropati Pitoitua,Ropati,Pitoitua,DE,,Inactive
5065,Brandon Parker,Brandon,Parker,T,SF,Active
6586,Moral Stephens,Moral,Stephens,TE,,Active
932,Derek Sherrod,Derek,Sherrod,OT,,Inactive
4964,Denzel Ward,Denzel,Ward,CB,CLE,Active
7743,Alani Pututau,Alani,Pututau,LB,,Inactive
1389,Reid Fragel,Reid,Fragel,T,,Inactive
13447,Vega Ioane,Vega,Ioane,OG,BAL,Active
11273,Ben VanSumeren,Ben,VanSumeren,LB,BUF,Active
196,Leodis McKelvin,Leodis,McKelvin,CB,,Inactive
5569,Johnny Stanton,Johnny,Stanton,FB,,Active
883,Joe Barksdale,Joe,Barksdale,T,,Inactive
8488,Zachary Thomas,Zachary,Thomas,OL,TEN,Active
2447,Mykkele Thompson,Mykkele,Thompson,FS,,Inactive
6597,Wes Farnsworth,Wes,Farnsworth,LS,,Inactive
5964,Dennis Daley,Dennis,Daley,G,,Active
12111,Levelle Bailey,Levelle,Bailey,LB,DEN,Active
5138,Martez Carter,Martez,Carter,RB,,Active
369,Fernando Velasco,Fernando,Velasco,C,,Inactive
5203,K.J. Malone,K.J.,Malone,T,,Inactive
2269,Dion Bailey,Dion,Bailey,SS,,Inactive
13576,Robert Spears-Jennings,Robert,Spears-Jennings,DB,PIT,Active
2252,Corey Washington,Corey,Washington,WR,,Inactive
13627,Devin Grant,Devin,Grant,DB,LAC,Active
14049,Brandon Hayes,Brandon,Hayes,WR,,Active
13080,Deion Hankins,Deion,Hankins,RB,,Active
329,Derrick Johnson,Derrick,Johnson,LB,,Injured Reserve
1869,Derrick Hopkins,Derrick,Hopkins,NT,,Inactive
1149,Alshon Jeffery,Alshon,Jeffery,WR,,Active
6663,Micah Wright,Micah,Wright,WR,,Active
7333,Donte Vaughn,Donte,Vaughn,CB,,Active
7583,Sam Ehlinger,Sam,Ehlinger,QB,DEN,Active
12422,Shayne Simon,Shayne,Simon,LB,,Active
7125,Khalil Davis,Khalil,Davis,DT,,Active
11881,Jake Johanning,Jake,Johanning,C,,Active
5949,Paul Adams,Paul,Adams,OT,,Active
13585,Evan Beerntsen,Evan,Beerntsen,OL,BAL,Active
7930,Raymond Johnson,Raymond,Johnson,DE,,Active
981,Daniel Kilgore,Daniel,Kilgore,C,,Injured Reserve
11490,Ian Swenson,Ian,Swenson,LB,,Active
11622,Player Invalid,Player,Invalid,WR,,Inactive
11856,Clark Barrington,Clark,Barrington,OL,,Active
8584,Skyler Thomas,Skyler,Thomas,DB,CHI,Active
422,Evan Smith,Evan,Smith,G,,Inactive
6637,Nico Evans,Nico,Evans,RB,,Active
911,Spencer Paysinger,Spencer,Paysinger,LB,,Inactive
12618,Vernon Broughton,Vernon,Broughton,DT,NO,Active
5161,Ezekiel Turner,Ezekiel,Turner,LB,,Active
2903,Shane Carden,Shane,Carden,QB,,Active
3715,Cole Wick,Cole,Wick,TE,,Inactive
7156,J'Mar Smith,J'Mar,Smith,QB,,Active
5284,Jeff Wilson,Jeff,Wilson,RB,,Active
3422,Kyle Friend,Kyle,Friend,C,,Active
2647,Dyshawn Davis,Dyshawn,Davis,OLB,,Active
5399,Curtis Cothran,Curtis,Cothran,NT,,Active
12088,Brock Mogensen,Brock,Mogensen,LB,,Active
2985,Kendall Lamm,Kendall,Lamm,OT,,Active
13129,Jermaine Terry,Jermaine,Terry,TE,,Active
5983,Sheldrick Redwine,Sheldrick,Redwine,DB,,Active
13438,DeaMonte Trayanum,DeaMonte,Trayanum,RB,NYJ,Active
11510,Hunter Luepke,Hunter,Luepke,FB,DAL,Active
2085,Kelcy Quarles,Kelcy,Quarles,DE,,Inactive
4445,Keon Hatcher,Keon,Hatcher,WR,,Active
5998,Clifton Duck,Clifton,Duck,CB,,Active
2959,Sage Harold,Sage,Harold,OLB,,Active
619,Gerald McCoy,Gerald,McCoy,DT,,Active
7068,Francis Bernard,Francis,Bernard,LB,,Active
11930,Taki Taimani,Taki,Taimani,DL,MIN,Active
4898,Christian Schneider,Christian,Schneider,OT,,Active
11475,BJ Wilson,BJ,Wilson,OL,,Active
7849,Charles Snowden,Charles,Snowden,LB,,Active
7857,Anthony Hines,Anthony,Hines,LB,,Active
6380,Davion Davis,Davion,Davis,WR,,Active
13373,Caden Curry,Caden,Curry,DL,IND,Active
1056,Asa Jackson,Asa,Jackson,CB,,Inactive
3762,Brandon Shippen,Brandon,Shippen,WR,,Active
12836,Trey Washington,Trey,Washington,DB,IND,Active
4744,Barrett Burns,Barrett,Burns,TE,BAL,Active
2162,Jabari Price,Jabari,Price,CB,,Inactive
6194,Rick Spielman,Rick,Spielman,,,Inactive
1109,Chandler Harnish,Chandler,Harnish,QB,,Inactive
4279,Pita Taumoepenu,Pita,Taumoepenu,LB,,Active
11620,Rome Odunze,Rome,Odunze,WR,CHI,Active
4286,Josh Harvey-Clemons,Josh,Harvey-Clemons,LB,,Active
5289,Cameron Batson,Cameron,Batson,WR,,Active
3056,Ryan Pace,Ryan,Pace,,,Inactive
11602,Player Invalid,Player,Invalid,TE,,Inactive
6019,Johnnie Dixon,Johnnie,Dixon,WR,,Active
2099,Trent Murphy,Trent,Murphy,DE,,Inactive
12878,Logan Brown,Logan,Brown,OT,SEA,Active
5179,Joe Ostman,Joe,Ostman,DE,,Active
4584,Tyrique Jarrett,Tyrique,Jarrett,NT,,Inactive
7940,Ryan Langan,Ryan,Langan,LS,,Active
6249,Josh Corcoran,Josh,Corcoran,OLB,,Active
13084,Shaquan Loyal,Shaquan,Loyal,DB,,Active
865,Chris Prosinski,Chris,Prosinski,FS,,Injured Reserve
2583,Tyrell Williams,Tyrell,Williams,WR,,Active
4182,Montae Nicholson,Montae,Nicholson,SS,,Active
7792,Landon Young,Landon,Young,T,NYJ,Active
3274,Nick Kwiatkoski,Nick,Kwiatkoski,LB,,Active
8096,Lakiem Williams,Lakiem,Williams,LB,,Active
12242,Easton Gibbs,Easton,Gibbs,LB,,Active
12414,Ryan Johnson,Ryan,Johnson,OL,,Active
10232,Michael Wilson,Michael,Wilson,WR,ARI,Active
3022,De'Vante Bausby,De'Vante,Bausby,CB,,Active
7012,Mykal Walker,Mykal,Walker,LB,NYJ,Active
12597,Nick Emmanwori,Nick,Emmanwori,DB,SEA,Active
1237,Dominique Davis,Dominique,Davis,QB,,Inactive
718,Junior Galette,Junior,Galette,OLB,,Inactive
3756,Ryan DiSalvo,Ryan,DiSalvo,LS,,Inactive
14022,Yasir Holmes,Yasir,Holmes,LB,TB,Active
8575,Erik Krommenhoek,Erik,Krommenhoek,TE,,Active
12810,Elijhah Badger,Elijhah,Badger,WR,,Active
2725,Jimmy Jean,Jimmy,Jean,S,,Active
8868,Jordan Young,Jordan,Young,LB,,Active
11326,Martez Manuel,Martez,Manuel,DB,,Active
8847,Kellen Diesch,Kellen,Diesch,OL,,Active
6844,Isaiah Wilson,Isaiah,Wilson,T,,Active
4582,Deon Hollins,Deon,Hollins,OLB,,Active
6946,Myles Bryant,Myles,Bryant,DB,CLE,Active
PIT,,Pittsburgh,Steelers,DEF,PIT,
1071,Mohamed Sanu,Mohamed,Sanu,WR,,Active
42,Frostee Rucker,Frostee,Rucker,DE,,Inactive
1931,Gabe Ikard,Gabe,Ikard,C,,Inactive
8646,Israel Antwine,Israel,Antwine,DT,,Active
12435,Geor'Quarius Spivey,Geor'Quarius,Spivey,TE,,Active
1434,Sheldon Price,Sheldon,Price,CB,,Inactive
7180,Scottie Dill,Scottie,Dill,OT,,Active
13916,Xavier Loyd,Xavier,Loyd,WR,KC,Active
7643,Penei Sewell,Penei,Sewell,T,DET,Active
7822,Richard LeCounte,Richard,LeCounte,DB,,Active
6303,Joshua Miles,Joshua,Miles,OL,,Active
4200,DeAngelo Yancey,DeAngelo,Yancey,WR,,Active
893,Marcus Gilchrist,Marcus,Gilchrist,DB,,Active
6804,Jordan Love,Jordan,Love,QB,GB,Active
3225,Tyler Boyd,Tyler,Boyd,WR,,Active
3922,Montario Hunter,Montario,Hunter,WR,,Inactive
7963,Elijah Ponder,Elijah,Ponder,LB,,Active
12549,Jordan Petaia,Jordan,Petaia,TE,,Active
13997,Kekoura Tarnue,Kekoura,Tarnue,DB,,Active
2169,Devonta Glover-Wright,Devonta,Glover-Wright,CB,,Inactive
2596,Wes Saxton,Wes,Saxton,TE,,Inactive
6260,Jake Powell,Jake,Powell,TE,,Active
13973,Keelan Marion,Keelan,Marion,WR,ATL,Active
13592,Chandler Morris,Chandler,Morris,QB,,Active
7874,Jeremiah Haydel,Jeremiah,Haydel,WR,,Active
3933,Malcolm Jackson,Malcolm,Jackson,CB,,Inactive
2119,James Franklin,James,Franklin,QB,,Active
13955,Josiah Green,Josiah,Green,DT,TB,Active
11191,Justin Marshall,Justin,Marshall,WR,,Active
5121,Braxton Berrios,Braxton,Berrios,WR,NYG,Active
13607,Lander Barton,Lander,Barton,LB,LAC,Active
7093,Adrian Killins,Adrian,Killins,RB,DEN,Inactive
3156,Joey Bosa,Joey,Bosa,LB,,Active
12360,Latreal Jones,Latreal,Jones,WR,,Active
24,Matt Ryan,Matt,Ryan,QB,,Active
12572,Armand Membou,Armand,Membou,OL,NYJ,Active
2257,Carlos Hyde,Carlos,Hyde,RB,,Active
1993,Tyler Shatley,Tyler,Shatley,OL,,Active
6083,Matt Gay,Matt,Gay,K,LV,Active
11553,Chad Cota,Chad,Cota,S,HOU,Active
IND,,Indianapolis,Colts,DEF,IND,
3316,Kentrell Brothers,Kentrell,Brothers,ILB,,Active
8379,Josh Thompson,Josh,Thompson,DB,,Active
5696,Chris Okoye,Chris,Okoye,DT,,Active
5736,Dallin Leavitt,Dallin,Leavitt,DB,,Active
7059,Jordan Mack,Jordan,Mack,LB,,Active
8236,Jerreth Sterns,Jerreth,Sterns,WR,,Active
11099,Kearis Jackson,Kearis,Jackson,WR,,Active
720,Jason Pierre-Paul,Jason,Pierre-Paul,LB,,Active
5263,Chase Litton,Chase,Litton,QB,,Active
5267,JJ Jones,JJ,Jones,WR,,Inactive
8147,John Metchie,John,Metchie,WR,CAR,Active
8403,Sterling Weatherford,Sterling,Weatherford,DB,,Active
9483,Zack Kuntz,Zack,Kuntz,TE,LV,Active
13342,John Michael Gyllenborg,John Michael,Gyllenborg,TE,KC,Inactive
987,Ian Williams,Ian,Williams,NT,,Injured Reserve
4492,Ashton Lampkin,Ashton,Lampkin,CB,,Active
5406,Josh Liddell,Josh,Liddell,S,,Active
190,Manuel Ramirez,Manuel,Ramirez,G,,Inactive
5888,Amani Oruwariye,Amani,Oruwariye,CB,BAL,Active
7257,Douglas Coleman,Douglas,Coleman,S,,Active
13676,Deshawn McKnight,Deshawn,McKnight,DL,TB,Active
14035,Eric O'Neill,Eric,O'Neill,DE,DET,Active
12771,Jaden Robinson,Jaden,Robinson,CB,DEN,Active
5283,Ka'Raun White,Ka'Raun,White,WR,,Active
7956,Cade Johnson,Cade,Johnson,WR,,Active
924,Stephen Paea,Stephen,Paea,DT,,Inactive
1403,Garrett Gilkey,Garrett,Gilkey,G,,Inactive
13136,Redd Douglas,Redd,Douglas,WR,,Active
6952,Jonah Jackson,Jonah,Jackson,G,CHI,Active
4577,Lucas Wacha,Lucas,Wacha,OLB,,Active
11289,Aaron Maddox,Aaron,Maddox,DB,,Active
11592,Erick All,Erick,All,TE,CIN,Active
1220,Senio Kelemete,Senio,Kelemete,OL,,Active
3255,Kyler Fackrell,Kyler,Fackrell,LB,,Active
7496,Nick Westbrook-Ikhine,Nick,Westbrook-Ikhine,WR,IND,Active
6412,Jaelin Robinson,Jaelin,Robinson,OT,,Active
2677,Neville Hewitt,Neville,Hewitt,LB,,Active
810,Ryan Mallett,Ryan,Mallett,QB,,Inactive
1112,Matt Overton,Matt,Overton,LS,,Active
5966,Wyatt Ray,Wyatt,Ray,DE,,Inactive
5981,Greg Gaines,Greg,Gaines,DT,,Active
7126,Justin Herron,Justin,Herron,OL,,Inactive
11224,Griffin Hebert,Griffin,Hebert,TE,,Active
7409,Isaac Alarcon,Isaac,Alarcon,OT,SF,Active
13604,Sincere Brown,Sincere,Brown,WR,LAC,Active
3634,Kalif Raymond,Kalif,Raymond,WR,CHI,Active
8563,Jordan Tucker,Jordan,Tucker,T,,Inactive
12018,Sam Pinckney,Sam,Pinckney,WR,,Active
5773,KhaDarel Hodge,KhaDarel,Hodge,WR,,Active
3638,John Tidwell,John,Tidwell,CB,,Active
12004,Branson Deen,Branson,Deen,DL,,Active
11520,Lucky Jackson,Lucky,Jackson,WR,DET,Active
11305,Claudin Cherelus,Claudin,Cherelus,LB,CAR,Active
4848,Christian Kuntz,Christian,Kuntz,LS,PIT,Active
1058,Kelechi Osemele,Kelechi,Osemele,OG,,Inactive
5413,Shane Tripucka,Shane,Tripucka,P,,Active
11120,Tyler Baker-Williams,Tyler,Baker-Williams,DB,,Active
12657,Denzel Burke,Denzel,Burke,CB,ARI,Active
11328,Jalen Redmond,Jalen,Redmond,DE,MIN,Active
2940,Des Lawrence,Des,Lawrence,WR,,Active
2300,Chandler Fenner,Chandler,Fenner,CB,,Inactive
2547,Ryan Murphy,Ryan,Murphy,SS,,Inactive
6132,Oshane Ximines,Oshane,Ximines,LB,,Active
13833,Dominic Zvada,Dominic,Zvada,K,NYG,Active
7249,Solomon Ajayi,Solomon,Ajayi,LB,,Inactive
7656,Jackson Carman,Jackson,Carman,G,,Active
11392,Anthony Montalvo,Anthony,Montalvo,DT,,Active
4134,Cordrea Tankersley,Cordrea,Tankersley,CB,,Active
8776,Kingsley Jonathan,Kingsley,Jonathan,DT,NYJ,Active
12295,Ben Farrell,Ben,Farrell,OL,,Active
4574,Cooper Rush,Cooper,Rush,QB,ATL,Active
626,Jim Dray,Jim,Dray,TE,,Inactive
5663,Shane Wimann,Shane,Wimann,RB,,Inactive
13114,Coziah Izzard,Coziah,Izzard,DT,ARI,Active
212,John Denney,John,Denney,LS,,Inactive
14047,Heinrich Haarberg,Heinrich,Haarberg,TE,,Active
6205,Brandon Silvers,Brandon,Silvers,QB,,Active
1052,Demario Davis,Demario,Davis,LB,NYJ,Active
14000,Randy Franklin,Randy,Franklin,DB,,Active
9998,Hendon Hooker,Hendon,Hooker,QB,TEN,Active
8500,John FitzPatrick,John,FitzPatrick,TE,,Active
1538,Ryan Schraeder,Ryan,Schraeder,T,,Inactive
4037,Chris Godwin,Chris,Godwin,WR,TB,Active
153,Ahtyba Rubin,Ahtyba,Rubin,DT,,Inactive
401,Louis Vasquez,Louis,Vasquez,G,,Inactive
5244,Devin Gray,Devin,Gray,WR,,Active
12186,Isaiah Coe,Isaiah,Coe,DL,,Active
6817,Noah Igbinoghene,Noah,Igbinoghene,CB,SEA,Active
5783,Christian Boutte,Christian,Boutte,CB,,Active
4222,Brad Kaaya,Brad,Kaaya,QB,,Inactive
1709,Fozzy Whittaker,Fozzy,Whittaker,RB,,Inactive
6485,Azeez Al-Shaair,Azeez,Al-Shaair,LB,HOU,Active
3176,Reggie Ragland,Reggie,Ragland,LB,,Active
11606,Dallin Holker,Dallin,Holker,TE,,Active
7123,Mike Onwenu,Mike,Onwenu,OL,NE,Active
3094,Adam Gase,Adam,Gase,,,Inactive
2164,Brandon Watts,Brandon,Watts,LB,,Injured Reserve
4415,Adam Butler,Adam,Butler,DT,LV,Active
11035,Jordon Riley,Jordon,Riley,DL,GB,Active
5137,Richie James,Richie,James,WR,,Active
6569,Malcolm Pridgeon,Malcolm,Pridgeon,G,,Active
7243,Kevin Davidson,Kevin,Davidson,QB,,Inactive
1503,Michael Ford,Michael,Ford,RB,,Inactive
12038,Noah Atagi,Noah,Atagi,OL,,Active
743,C.J. Mosley,C.J.,Mosley,DT,,Inactive
2895,Quayshawn Nealy,Quayshawn,Nealy,OLB,,Inactive
12310,Deshawn McCarthy,Deshawn,McCarthy,DE,,Active
8553,Tre Ford,Tre,Ford,QB,,Active
671,Brady Quinn,Brady,Quinn,QB,,Inactive
12270,Andrew Peasley,Andrew,Peasley,QB,,Active
12753,Jamoi Mayes,Jamoi,Mayes,WR,,Active
6375,Jerome Washington,Jerome,Washington,TE,,Active
8900,Will Ulmer,Will,Ulmer,T,,Active
2675,Aundrey Walker,Aundrey,Walker,OT,,Active
2170,Ra'Shede Hageman,Ra'Shede,Hageman,DT,,Injured Reserve
11997,Eyabi Okie-Anoma,Eyabi,Okie-Anoma,DL,,Active
8834,Trevor Denbow,Trevor,Denbow,DB,,Active
1654,Zach Sudfeld,Zach,Sudfeld,TE,,Inactive
258,Ronnie Brown,Ronnie,Brown,RB,,Inactive
5013,Anthony Miller,Anthony,Miller,WR,,Active
1747,Matthew McGloin,Matthew,McGloin,QB,,Inactive
1651,Tristan Okpalaugo,Tristan,Okpalaugo,OLB,,Inactive
5456,Randin Crecelius,Randin,Crecelius,OT,,Active
3341,DeAndre Houston-Carson,DeAndre,Houston-Carson,DB,,Active
6390,Marquise Copeland,Marquise,Copeland,DT,,Active
3710,Jace Billingsley,Jace,Billingsley,WR,,Inactive
6017,DaMarkus Lodge,DaMarkus,Lodge,WR,,Active
4874,Chris Bazile,Chris,Bazile,TE,,Active
2739,Desmond Cooper,Desmond,Cooper,FS,,Active
2682,Christion Jones,Christion,Jones,WR,,Inactive
6577,Marquez Sanford,Marquez,Sanford,DB,,Active
13520,Jaden Dugger,Jaden,Dugger,LB,SF,Active
3925,Lee Hightower,Lee,Hightower,FS,,Active
12956,Bam Martin-Scott,Bam,Martin-Scott,LB,CAR,Active
4377,Montay Crockett,Montay,Crockett,WR,,Inactive
6041,Breckyn Hager,Breckyn,Hager,OLB,,Inactive
1889,Marquis Flowers,Marquis,Flowers,ILB,,Inactive
7858,Brenden Knox,Brenden,Knox,RB,,Active
8582,Isaac Weaver,Isaac,Weaver,C,,Active
2146,Richard Rodgers,Richard,Rodgers,TE,,Inactive
3787,Lars Koht,Lars,Koht,DE,,Inactive
10993,Tre Hawkins,Tre,Hawkins,CB,,Active
13516,Max Bredeson,Max,Bredeson,TE,MIN,Active
12611,Lathan Ransom,Lathan,Ransom,DB,CAR,Active
3413,Delvon Simmons,Delvon,Simmons,DT,,Active
11561,Michael Pratt,Michael,Pratt,QB,,Active
8509,Elijah Hicks,Elijah,Hicks,DB,CHI,Active
5906,Dawson Knox,Dawson,Knox,TE,BUF,Active
7812,Simi Fehoko,Simi,Fehoko,WR,ARI,Active
14006,Marcellus Marshall,Marcellus,Marshall,OL,,Active
6765,Ed Dodds,Ed,Dodds,,,Inactive
12908,Chandler Brayboy,Chandler,Brayboy,WR,JAX,Active
6672,Deion Harris,Deion,Harris,DB,,Active
5600,Lucas Gravelle,Lucas,Gravelle,C,,Active
8446,Charles Cross,Charles,Cross,OL,SEA,Active
1091,David Paulson,David,Paulson,TE,,Inactive
6477,Duplicate Player,Duplicate,Player,ILB,DEN,Inactive
2114,Senorise Perry,Senorise,Perry,RB,,Inactive
7004,Rashard Lawrence,Rashard,Lawrence,DT,,Active
11250,Jonathan Sutherland,Jonathan,Sutherland,DB,,Active
10887,Darnell Wright,Darnell,Wright,OL,CHI,Active
5217,Jason Reese,Jason,Reese,TE,,Active
10893,Juice Scruggs,Juice,Scruggs,OL,DET,Active
22,LaMarr Woodley,LaMarr,Woodley,LB,,Inactive
12403,Valentino Ambrosio,Valentino,Ambrosio,K,,Active
12368,Duplicate Player,Duplicate,Player,,,
4459,Jimmie Gilbert,Jimmie,Gilbert,OLB,,Active
12055,Tre Jenkins,Tre,Jenkins,DB,,Active
8507,Marquis Hayes,Marquis,Hayes,OL,NYJ,Active
7066,K.J. Osborn,K.J.,Osborn,WR,TEN,Active
13332,Player Invalid,Player,Invalid,QB,,Inactive
4783,Noor Davis,Noor,Davis,OLB,,Active
7786,Rachad Wildgoose,Rachad,Wildgoose,CB,,Active
3949,Alex Ross,Alex,Ross,,,Inactive
249,Chad Greenway,Chad,Greenway,LB,,Inactive
135,Jon Ryan,Jon,Ryan,P,,Inactive
6724,C.J. Moore,C.J.,Moore,DB,DET,Active
3782,Myke Tavarres,Myke,Tavarres,OLB,,Inactive
7696,Milton Williams,Milton,Williams,DT,NE,Active
1979,Blake Bortles,Blake,Bortles,QB,NO,Active
11735,Tanor Bortolini,Tanor,Bortolini,OL,IND,Active
8818,Obinna Eze,Obinna,Eze,T,,Active
1104,DeVier Posey,DeVier,Posey,WR,,Inactive
1529,J.C. Tretter,J.C.,Tretter,C,CLE,Active
6868,DJ Wonnum,DJ,Wonnum,DE,DET,Active
11689,Ennis Rakestraw,Ennis,Rakestraw,DB,DET,Active
2497,Randall Evans,Randall,Evans,DB,,Inactive
8008,Josh Imatorbhebhe,Josh,Imatorbhebhe,WR,,Active
13049,Alijah Huzzie,Alijah,Huzzie,DB,HOU,Active
2372,A.J. Cann,A.J.,Cann,OL,,Active
8475,Montrell Washington,Montrell,Washington,WR,,Active
2278,Eric Pinkins,Eric,Pinkins,LB,,Inactive
6698,Casey Tucker,Casey,Tucker,T,,Inactive
6266,Alexander Myres,Alexander,Myres,CB,,Active
6762,Darion Clark,Darion,Clark,TE,,Inactive
983,Mike Person,Mike,Person,G,,Active
7268,Krys Barnes,Krys,Barnes,LB,,Active
11921,Xavier Weaver,Xavier,Weaver,WR,ARI,Active
260,Josh Johnson,Josh,Johnson,QB,CIN,Active
8113,Player Invalid,Player,Invalid,RB,,Inactive
11173,D'Shawn Jamison,D'Shawn,Jamison,CB,PIT,Active
8913,Caeveon Patton,Caeveon,Patton,DT,,Active
8372,DeAngelo Malone,DeAngelo,Malone,DL,ATL,Active
10924,Zacch Pickens,Zacch,Pickens,DL,NYG,Active
8735,Jairon McVea,Jairon,McVea,DB,,Active
2711,Taylor Heinicke,Taylor,Heinicke,QB,,Active
6857,Collin Johnson,Collin,Johnson,WR,,Active
157,Vince Young,Vince,Young,QB,,Inactive
13513,Charles Demmings,Charles,Demmings,CB,MIN,Active
5416,Brandon Facyson,Brandon,Facyson,CB,,Inactive
12916,Jabbar Muhammad,Jabbar,Muhammad,CB,JAX,Active
1202,Johnny Hekker,Johnny,Hekker,P,MIN,Active
13557,Athan Kaliakmanis,Athan,Kaliakmanis,QB,WAS,Active
12918,Valentin Senn,Valentin,Senn,OL,ARI,Active
13846,Jack Velling,Jack,Velling,TE,ATL,Active
11215,MJ Anderson,MJ,Anderson,DE,,Active
11227,Ifeanyi Maijeh,Ifeanyi,Maijeh,DL,,Active
12537,Ryan-DUP Cooper-DUP,Ryan-DUP,Cooper-DUP,CB,,Active
8182,Chase Allen,Chase,Allen,TE,,Active
7147,Bopete Keyes,Bopete,Keyes,CB,,Inactive
1316,Emil Igwenagu,Emil,Igwenagu,RB,,Inactive
1846,Bryan Stork,Bryan,Stork,C,,Inactive
4157,Tarik Cohen,Tarik,Cohen,RB,,Active
5601,Jamiyus Pittman,Jamiyus,Pittman,DT,,Inactive
3324,Spencer Drango,Spencer,Drango,G,,Active
3452,Tyler Johnstone,Tyler,Johnstone,OT,,Active
2255,Bruce Ellington,Bruce,Ellington,WR,,Inactive
1756,Jordan Hill,Jordan,Hill,DT,,Inactive
2003,Bennie Fowler,Bennie,Fowler,WR,,Active
2594,Brandon Wegher,Brandon,Wegher,RB,,Inactive
4194,J.J. Dielman,J.J.,Dielman,G,,Inactive
678,Lorenzo Alexander,Lorenzo,Alexander,LB,,Injured Reserve
12285,Cade Peterson,Cade,Peterson,QB,,Active
7533,Anthony Schwartz,Anthony,Schwartz,WR,,Active
7460,Jake Burt,Jake,Burt,TE,,Active
13693,Kody Huisman,Kody,Huisman,DL,BUF,Active
2283,James Wilder,James,Wilder,RB,,Inactive
1837,Jimmy Garoppolo,Jimmy,Garoppolo,QB,,Active
3303,Matthew Judon,Matthew,Judon,LB,,Active
4340,Ondre Pipkins,Ondre,Pipkins,DE,,Active
57,Steven Jackson,Steven,Jackson,RB,,Inactive
5370,Marcell Harris,Marcell,Harris,LB,,Active
4528,Trevor Knight,Trevor,Knight,QB,,Active
4387,Justin Vogel,Justin,Vogel,P,,Inactive
8259,Cameron Dicker,Cameron,Dicker,K,LAC,Active
13706,Aaron Hall,Aaron,Hall,DT,CAR,Active
10220,Will Mallory,Will,Mallory,TE,IND,Active
12153,Donovan Jennings,Donovan,Jennings,OL,GB,Active
13570,Ar'maj Reed-Adams,Ar'maj,Reed-Adams,G,BUF,Active
13363,David Bailey,David,Bailey,LB,NYJ,Active
11811,Logan Lee,Logan,Lee,DL,PIT,Active
1270,Brandon Thompson,Brandon,Thompson,DT,,Inactive
12063,Rocky Lombardi,Rocky,Lombardi,QB,,Active
8263,Darien Butler,Darien,Butler,LB,,Active
8045,Parker Ferguson,Parker,Ferguson,OL,,Active
4375,Johnathan Calvin,Johnathan,Calvin,DT,,Inactive
13249,Thomas Gordon,Thomas,Gordon,TE,DET,Active
11295,Cameron Lyons,Cameron,Lyons,LS,,Active
2698,Abou Toure,Abou,Toure,RB,,Inactive
6510,Jalen Dalton,Jalen,Dalton,DT,,Active
1560,Mike James,Mike,James,RB,,Inactive
11444,Demontrey Jacobs,Demontrey,Jacobs,T,ARI,Active
12588,Kevin Winston,Kevin,Winston,DB,TEN,Active
3779,Bruce Johnson,Bruce,Johnson,C,,Inactive
13128,Rushawn Baker,Rushawn,Baker,RB,,Active
7345,Greg Reaves,Greg,Reaves,OLB,,Active
9507,Titus Swen,Titus,Swen,RB,,Active
8916,Keenan Forbes,Keenan,Forbes,G,,Active
1939,Derel Walker,Derel,Walker,WR,,Active
13058,Cam Horsley,Cam,Horsley,DT,,Active
399,Larry English,Larry,English,DE,,Inactive
12434,Kairee Robinson,Kairee,Robinson,RB,,Active
1364,Jamie Collins,Jamie,Collins,LB,,Active
8205,Isiah Pacheco,Isiah,Pacheco,RB,DET,Active
2713,Josh Harper,Josh,Harper,WR,,Active
6342,Stephen Louis,Stephen,Louis,WR,,Active
1166,Kirk Cousins,Kirk,Cousins,QB,LV,Active
152,Anthony Spencer,Anthony,Spencer,OLB,,Inactive
12468,Player Invalid,Player,Invalid,WR,,Inactive
508,Nolan Carroll,Nolan,Carroll,CB,,Inactive
8530,Luiji Vilain,Luiji,Vilain,LB,,Active
8108,DeVonte Dedmon,DeVonte,Dedmon,WR,,Active
8494,James Houston,James,Houston,LB,DAL,Active
7372,Darrin Paulo,Darrin,Paulo,T,,Active
2767,Jawon Chisholm,Jawon,Chisholm,RB,,Active
537,Maurkice Pouncey,Maurkice,Pouncey,C,,Injured Reserve
5185,Allen Lazard,Allen,Lazard,WR,,Active
11003,Amari Burney,Amari,Burney,LB,,Active
2715,Gary Wilkins,Gary,Wilkins,OLB,,Active
8110,Jake Ferguson,Jake,Ferguson,TE,DAL,Active
5834,Sean Ryan,Sean,Ryan,TE,,Inactive
11827,Jonah Laulu,Jonah,Laulu,DL,LV,Active
11026,Gervarrius Owens,Gervarrius,Owens,DB,CHI,Active
5958,JoJo McIntosh,JoJo,McIntosh,SS,,Active
317,Caleb Hanie,Caleb,Hanie,QB,,Inactive
12197,John Paddock,John,Paddock,QB,,Active
13192,Wesley Steiner,Wesley,Steiner,LB,,Active
2814,Jay Hughes,Jay,Hughes,CB,,Active
3644,Lawrence Thomas,Lawrence,Thomas,RB,,Inactive
12649,C.J. West,C.J.,West,DT,SF,Active
1305,Patrick DiMarco,Patrick,DiMarco,FB,,Injured Reserve
8251,Calvin Jackson,Calvin,Jackson,WR,,Active
2878,Jean Fanor,Jean,Fanor,FS,,Inactive
10981,Colby Sorsdal,Colby,Sorsdal,OL,DET,Active
6410,Brian Wallace,Brian,Wallace,OT,,Active
7189,Delrick Abrams,Delrick,Abrams,DB,,Active
1908,Jacobbi McDaniel,Jacobbi,McDaniel,NT,,Inactive
2620,Jake Heaps,Jake,Heaps,QB,,Active
2832,Chris Hackett,Chris,Hackett,FS,,Inactive
11225,Noah Gindorff,Noah,Gindorff,TE,,Active
1932,DaQuan Jones,DaQuan,Jones,DT,,Active
3263,Charles Tapper,Charles,Tapper,DE,,Inactive
2702,John Chiles,John,Chiles,WR,,Inactive
4441,Chauncey Briggs,Chauncey,Briggs,OT,,Active
4491,Marcus Kemp,Marcus,Kemp,WR,,Active
4961,DJ Moore,DJ,Moore,CB,,Inactive
3105,Paul Guenther,Paul,Guenther,,,Inactive
11772,De'Antre Prince,De'Antre,Prince,CB,,Active
3658,Joe Kerridge,Joe,Kerridge,FB,,Inactive
7505,Duplicate Player,Duplicate,Player,,,Inactive
2748,Kevin Monangai,Kevin,Monangai,RB,,Inactive
7040,Evan Weaver,Evan,Weaver,LB,,Active
3794,Darren Lake,Darren,Lake,NT,,Inactive
7842,Luke Farrell,Luke,Farrell,TE,SF,Active
5136,Josh Adams,Josh,Adams,RB,,Active
11853,Tomari Fox,Tomari,Fox,DL,,Active
2340,Mario Edwards,Mario,Edwards,DE,HOU,Active
8317,Leon O'Neal,Leon,O'Neal,DB,,Active
3500,Devon Cajuste,Devon,Cajuste,WR,,Active
7969,Adrian Ealy,Adrian,Ealy,OT,,Active
5765,Bo Bower,Bo,Bower,OLB,,Inactive
450,Billy Bajema,Billy,Bajema,TE,,Inactive
877,Jalil Brown,Jalil,Brown,CB,,Inactive
2011,Juwan Thompson,Juwan,Thompson,RB,,Inactive
6737,Micky Crum,Micky,Crum,TE,,Active
12359,Jett Stanley,Jett,Stanley,DT,,Active
13753,DeCarlos Nicholson,DeCarlos,Nicholson,CB,CAR,Active
4073,Taco Charlton,Taco,Charlton,DE,,Inactive
848,Byron Stingily,Byron,Stingily,T,,Inactive
727,Anthony Dixon,Anthony,Dixon,RB,,Inactive
13759,DJ Withers,DJ,Withers,DT,DAL,Active
6242,Aaron Wade,Aaron,Wade,S,,Inactive
11232,Isaiah Winstead,Isaiah,Winstead,WR,,Active
2871,Isaac Fruechte,Isaac,Fruechte,WR,,Inactive
13975,Le'Meke Brockington,Le'Meke,Brockington,WR,ATL,Active
7018,Malcolm Roach,Malcolm,Roach,DT,DEN,Active
13559,Gavin Gerhardt,Gavin,Gerhardt,OL,MIN,Active
1970,Jack Mewhort,Jack,Mewhort,G,,Inactive
7421,Jonas Griffith,Jonas,Griffith,LB,,Active
12239,Peewee Jarrett,Peewee,Jarrett,QB,,Active
4785,Kermit Whitfield,Kermit,Whitfield,WR,,Active
11046,Colton Dowell,Colton,Dowell,WR,SF,Active
558,Eric Decker,Eric,Decker,WR,,Inactive
11127,Amechi Uzodinma,Amechi,Uzodinma,CB,,Inactive
976,Chris Culliver,Chris,Culliver,CB,,Injured Reserve
3871,Sam Bergen,Sam,Bergen,FB,,Inactive
6615,Chris Rayford,Chris,Rayford,DB,,Active
6288,Marcus Green,Marcus,Green,WR,,Active
2324,Cameron Erving,Cameron,Erving,T,,Active
6218,E.J. Speed,E.J.,Speed,LB,HOU,Active
8531,Zach McCloud,Zach,McCloud,LB,,Active
11507,D'Angelo Mandell,D'Angelo,Mandell,CB,,Active
4100,Tim Williams,Tim,Williams,LB,,Active
12604,Andrew Mukuba,Andrew,Mukuba,DB,PHI,Active
6619,Kabion Ento,Kabion,Ento,CB,,Active
4893,Ryan Day,Ryan,Day,,,Inactive
3167,Jaylon Smith,Jaylon,Smith,LB,,Active
1533,Jeff Locke,Jeff,Locke,P,,Inactive
4882,George Paton,George,Paton,,,Inactive
12152,Trente Jones,Trente,Jones,OT,,Injured Reserve
134,Brandon Meriweather,Brandon,Meriweather,FS,,Inactive
6320,Jonathan Duhart,Jonathan,Duhart,WR,,Active
4082,Curtis Samuel,Curtis,Samuel,WR,,Active
7048,Benny LeMay,Benny,LeMay,RB,CLE,Active
2630,Jordan Williams,Jordan,Williams,LB,,Inactive
10883,Will McDonald,Will,McDonald,DE,NYJ,Active
13521,Jager Burton,Jager,Burton,C,GB,Active
4887,Brian Gaine,Brian,Gaine,,,Inactive
7060,Ben Bartch,Ben,Bartch,OL,DET,Active
916,Jarvis Jenkins,Jarvis,Jenkins,DE,,Inactive
12587,Joshua Farmer,Joshua,Farmer,DL,NE,Active
4575,Nate Theaker,Nate,Theaker,G,,Active
3793,Lenny Jones,Lenny,Jones,DE,,Active
1049,Ryan Tannehill,Ryan,Tannehill,QB,,Active
1337,Brad Wing,Brad,Wing,P,,Active
5595,Step Durham,Step,Durham,CB,,Active
6686,Joe Horn,Joe,Horn,WR,,Active
5882,Taylor Rapp,Taylor,Rapp,DB,,Active
2407,Daryl Williams,Daryl,Williams,OL,BUF,Active
511,Marlon Moore,Marlon,Moore,WR,,Inactive
5414,Bijhon Jackson,Bijhon,Jackson,NT,,Active
8384,Zyon McCollum,Zyon,McCollum,DB,TB,Active
11908,Gabriel Murphy,Gabriel,Murphy,DL,,Active
12350,Anthony Grant,Anthony,Grant,RB,,Active
5703,Deontez Alexander,Deontez,Alexander,WR,,Active
12976,DeMeer Blankumsee,DeMeer,Blankumsee,WR,,Active
2222,Austin Seferian-Jenkins,Austin,Seferian-Jenkins,TE,,Inactive
3788,Tanner McEvoy,Tanner,McEvoy,WR,,Inactive
12442,Chris Russell,Chris,Russell,LB,,Active
1960,Marcus Williams,Marcus,Williams,CB,,Inactive
3239,Bronson Kaufusi,Bronson,Kaufusi,TE,GB,Active
2855,Steve Miller,Steve,Miller,DE,,Active
328,Kellen Davis,Kellen,Davis,TE,,Inactive
4736,Eric Nzeocha,Eric,Nzeocha,OLB,,Inactive
11527,Jordan Swann,Jordan,Swann,CB,,Inactive
12311,Daniel George,Daniel,George,WR,,Active
13528,Sam Hecht,Sam,Hecht,C,CAR,Active
4473,Alex Gray,Alex,Gray,FS,,Active
11143,Kelechi Anyalebechi,Kelechi,Anyalebechi,LB,,Active
1952,Andre Hal,Andre,Hal,FS,,Inactive
1339,Zach Ertz,Zach,Ertz,TE,,Active
8329,Devin Lloyd,Devin,Lloyd,LB,CAR,Active
1272,Craig Robertson,Craig,Robertson,LB,,Inactive
5155,Corey Willis,Corey,Willis,WR,,Active
4184,Bucky Hodges,Bucky,Hodges,TE,,Active
1350,Jonathan Meeks,Jonathan,Meeks,SS,,Inactive
8674,Daniel Whelan,Daniel,Whelan,P,GB,Active
8770,Malik Williams,Malik,Williams,WR,,Active
1004,Ben Tate,Ben,Tate,RB,,Inactive
4122,Dan Feeney,Dan,Feeney,OL,TB,Active
12307,Quentin Bivens,Quentin,Bivens,DL,,Active
2250,Ed Stinson,Ed,Stinson,DT,,Inactive
5519,Tavierre Thomas,Tavierre,Thomas,DB,MIN,Active
11280,Brady Russell,Brady,Russell,TE,SEA,Active
5676,Kyle Queiro,Kyle,Queiro,ILB,,Active
11589,Trey Benson,Trey,Benson,RB,ARI,Active
4834,Rodney Butler,Rodney,Butler,LB,,Active
296,Terrell Suggs,Terrell,Suggs,LB,,Active
13237,Mark McNamee,Mark,McNamee,K,,Active
5878,N'Keal Harry,N'Keal,Harry,TE,,Active
8257,Player Invalid,Player,Invalid,QB,,Inactive
3816,Brandon Brown-Dukes,Brandon,Brown-Dukes,RB,,Active
13173,Jimmy Holiday,Jimmy,Holiday,WR,KC,Active
6958,Mike Danna,Mike,Danna,DE,BUF,Active
3322,DJ Reader,DJ,Reader,DT,NYG,Active
10922,Wanya Morris,Wanya,Morris,OL,ATL,Active
7143,Ben DiNucci,Ben,DiNucci,QB,,Active
5690,Al-Rasheed Benton,Al-Rasheed,Benton,ILB,,Active
13749,Kole Wilson,Kole,Wilson,WR,CLE,Active
8348,Kerby Joseph,Kerby,Joseph,DB,DET,Active
1814,Cyrus Kouandjio,Cyrus,Kouandjio,T,,Inactive
3390,Lachlan Edwards,Lachlan,Edwards,P,,Active
12022,Taylor Upshaw,Taylor,Upshaw,DE,,Active
1381,John Simon,John,Simon,LB,,Active
10867,Jake Bobo,Jake,Bobo,WR,SEA,Active
8131,Isaiah Likely,Isaiah,Likely,TE,NYG,Active
484,Steve Weatherford,Steve,Weatherford,P,,Inactive
6687,Jake Gervase,Jake,Gervase,LB,,Active
592,Jahvid Best,Jahvid,Best,RB,,Inactive
4046,Patrick Mahomes,Patrick,Mahomes,QB,KC,Active
ARI,,Arizona,Cardinals,DEF,ARI,
8938,Nathan Rourke,Nathan,Rourke,QB,,Active
3431,Michael Caputo,Michael,Caputo,OLB,,Active
3286,Demarcus Robinson,Demarcus,Robinson,WR,SF,Active
3330,Fahn Cooper,Fahn,Cooper,OT,,Active
8542,Tristin McCollum,Tristin,McCollum,DB,LV,Active
8590,Jacub Panasiuk,Jacub,Panasiuk,DE,,Active
7609,Demetric Felton,Demetric,Felton,RB,,Active
1748,Taylor Boggs,Taylor,Boggs,G,,Inactive
7959,Augie Contressa,Augie,Contressa,DB,TB,Active
4436,Patrick Gamble,Patrick,Gamble,DE,,Active
11608,Isaiah Williams,Isaiah,Williams,WR,NYJ,Active
7164,Jackson Dennis,Jackson,Dennis,OL,,Active
12279,Oliver Jervis,Oliver,Jervis,OL,,Active
2315,Todd Gurley,Todd,Gurley,RB,,Active
4551,Tanner Gentry,Tanner,Gentry,WR,,Active
12524,Shedeur Sanders,Shedeur,Sanders,QB,CLE,Active
3996,Matt Burke,Matt,Burke,,,Inactive
3689,Alex Cooper,Alex,Cooper,C,,Inactive
2,Jeremy Zuttah,Jeremy,Zuttah,C,,Inactive
6171,Cody Thompson,Cody,Thompson,WR,,Active
12881,Jordan Williams,Jordan,Williams,OL,,Active
3602,Daniel Dillon,Daniel,Dillon,LS,,Active
13755,Shiyazh Pete,Shiyazh,Pete,OT,DAL,Active
4565,Kenneth Olugbode,Kenneth,Olugbode,ILB,,Active
12016,Jeremiah Crawford,Jeremiah,Crawford,OL,,Active
3154,Freddie Bishop,Freddie,Bishop,OLB,,Inactive
11344,Keytaon Thompson,Keytaon,Thompson,WR,,Active
956,Mark Ingram,Mark,Ingram,RB,,Inactive
SEA,,Seattle,Seahawks,DEF,SEA,
3514,Jake McGee,Jake,McGee,TE,,Active
3911,Rashaun Simonise,Rashaun,Simonise,WR,,Inactive
4116,Antonio Garcia,Antonio,Garcia,OT,,Inactive
7564,Ja'Marr Chase,Ja'Marr,Chase,WR,CIN,Active
12211,Denzel Daxon,Denzel,Daxon,DL,,Active
8174,Kevin Harris,Kevin,Harris,RB,,Active
3101,Matt Patricia,Matt,Patricia,,,Inactive
5462,Christopher Ezeala,Christopher,Ezeala,RB,,Active
13586,Jackson Kuwatch,Jackson,Kuwatch,LB,CAR,Active
8869,J.J. Russell,J.J.,Russell,LB,,Active
1673,Da'Rick Rogers,Da'Rick,Rogers,WR,,Inactive
12235,Marcus Riley,Marcus,Riley,WR,,Active
3350,Cory James,Cory,James,OLB,,Inactive
4593,Brandon Barnes,Brandon,Barnes,TE,,Active
7508,Brandon King,Brandon,King,LB,,Inactive
13758,Sidney Fugar,Sidney,Fugar,OT,,Active
2285,James Morris,James,Morris,LB,,Inactive
3726,Peter Mortell,Peter,Mortell,P,,Active
5658,Dee Delaney,Dee,Delaney,CB,,Active
12132,Josh Wallace,Josh,Wallace,DB,LAR,Active
5403,Peter Pujals,Peter,Pujals,QB,,Active
7976,Olaijah Griffin,Olaijah,Griffin,CB,,Active
13915,Khalil Jacobs,Khalil,Jacobs,LB,NE,Active
13658,Brady Boyd,Brady,Boyd,WR,JAX,Active
7026,Steven Gonzalez,Steven,Gonzalez,OG,,Active
8545,Damion Daniels,Damion,Daniels,DT,,Active
8177,Grant Calcaterra,Grant,Calcaterra,TE,PHI,Active
7791,Jonathan Marshall,Jonathan,Marshall,DT,,Active
5819,Vince Manuwai,Vince,Manuwai,G,,Inactive
2144,Justin Perillo,Justin,Perillo,TE,,Inactive
5440,Leon Johnson,Leon,Johnson,G,,Active
1456,Tavarres King,Tavarres,King,WR,,Inactive
11453,Joe Doyle,Joe,Doyle,P,,Active
13657,Alex Bullock,Alex,Bullock,WR,,Active
5293,Jordan Veasy,Jordan,Veasy,WR,,Active
11977,Yvandy Rigby,Yvandy,Rigby,LB,,Active
8125,Calvin Austin,Calvin,Austin,WR,NYG,Active
7746,Austin Trammell,Austin,Trammell,WR,JAX,Active
3329,Trey Caldwell,Trey,Caldwell,CB,,Inactive
12056,Jarius Monroe,Jarius,Monroe,CB,NYJ,Active
1986,Storm Johnson,Storm,Johnson,RB,,Inactive
2469,Joe Cardona,Joe,Cardona,LS,LAR,Active
12105,Nick D'Ambra,Nick,D'Ambra,LS,,Active
3936,Tom Lally,Tom,Lally,DE,,Inactive
12089,Julius Wood,Julius,Wood,DB,DAL,Active
7137,Stantley Thomas-Oliver,Stantley,Thomas-Oliver,CB,,Active
3751,Winston Rose,Winston,Rose,CB,,Active
2976,Reese Dismukes,Reese,Dismukes,C,,Inactive
13518,George Gumbs,George,Gumbs,DE,IND,Active
5151,Gerhard de Beer,Gerhard,de Beer,OT,,Active
1460,Sylvester Williams,Sylvester,Williams,DT,,Inactive
7587,Dyami Brown,Dyami,Brown,WR,WAS,Active
13422,Jaren Kanak,Jaren,Kanak,TE,TEN,Active
7688,Ronnie Perkins,Ronnie,Perkins,LB,,Active
LV,,Las Vegas,Raiders,DEF,LV,
8011,DJ Daniel,DJ,Daniel,CB,NE,Active
6934,Ben Bredeson,Ben,Bredeson,G,TB,Active
7839,Evan McPherson,Evan,McPherson,K,CIN,Active
13468,Chris McClellan,Chris,McClellan,DT,GB,Active
11045,Andrew Vorhees,Andrew,Vorhees,OL,BAL,Active
2198,Brian Dixon,Brian,Dixon,CB,,Inactive
13372,R Mason Thomas,R Mason,Thomas,DL,KC,Active
13802,Jacob Clark,Jacob,Clark,QB,LV,Active
10929,Drew Sanders,Drew,Sanders,LB,DEN,Active
12410,John Jackson,John,Jackson,WR,,Active
12717,Trikweze Bridges,Trikweze,Bridges,DB,DAL,Active
2038,Jake Murphy,Jake,Murphy,TE,,Inactive
11897,Jermaine Jackson,Jermaine,Jackson,WR,,Active
8095,Graham Adomitis,Graham,Adomitis,TE,,Active
8659,Nate Landman,Nate,Landman,LB,LAR,Active
11382,Dontay Demus,Dontay,Demus,WR,,Active
4589,Shakir Soto,Shakir,Soto,DE,,Active
4282,Corey Levin,Corey,Levin,G,ATL,Active
7800,Deonte Brown,Deonte,Brown,G,,Inactive
4530,Jonathan McLaughlin,Jonathan,McLaughlin,OT,,Active
926,Anthony Walters,Anthony,Walters,FS,,Inactive
102,Josh Brown,Josh,Brown,K,,Inactive
7662,Richie Grant,Richie,Grant,DB,,Active
4794,Tommy Armstrong Jr.,Tommy,Armstrong Jr.,QB,,Inactive
13665,Jack Bouwmeester,Jack,Bouwmeester,P,SF,Active
3293,Rashard Robinson,Rashard,Robinson,CB,,Inactive
824,Jah Reid,Jah,Reid,G,,Inactive
2452,Jay Ajayi,Jay,Ajayi,RB,,Injured Reserve
1888,Curtis Feigt,Curtis,Feigt,OT,,Inactive
2907,Ben Edwards,Ben,Edwards,WR,,Inactive
1211,Rhett Ellison,Rhett,Ellison,TE,,Injured Reserve
12917,Branson Combs,Branson,Combs,LB,JAX,Active
137,Curtis Lofton,Curtis,Lofton,LB,,Inactive
2743,Duplicate Player,Duplicate,Player,LB,,Inactive
8117,Jalen Tolbert,Jalen,Tolbert,WR,MIA,Active
5177,Aaron Davis,Aaron,Davis,SS,,Active
11746,Giovanni Manu,Giovanni,Manu,OL,DET,Active
10921,Yaya Diaby,Yaya,Diaby,DL,TB,Active
11657,Tyler Guyton,Tyler,Guyton,OL,DAL,Active
7498,Rex Sunahara,Rex,Sunahara,LS,CLE,Active
11497,Tautala Pesefea,Tautala,Pesefea,DL,,Inactive
7483,Farrod Green,Farrod,Green,TE,,Active
1884,Russell Bodine,Russell,Bodine,C,,Inactive
6660,Jonathan Bonner,Jonathan,Bonner,DE,,Active
4781,Malik Golden,Malik,Golden,SS,,Active
2533,Dezmin Lewis,Dezmin,Lewis,WR,,Inactive
7413,John Molchon,John,Molchon,G,,Active
4956,Nick Dooley,Nick,Dooley,LS,,Active
2897,Cameron Stingily,Cameron,Stingily,G,,Inactive
2601,Andre Davis,Andre,Davis,WR,,Inactive
6797,Justin Herbert,Justin,Herbert,QB,LAC,Active
8091,J.T. Jones,J.T.,Jones,DE,PIT,Active
353,Kevin Huber,Kevin,Huber,P,,Active
6849,Denzel Mims,Denzel,Mims,WR,DAL,Active
12438,Alex Hale,Alex,Hale,K,,Active
1969,Dewey McDonald,Dewey,McDonald,LB,,Inactive
3774,Jason Vander Laan,Jason,Vander Laan,TE,,Inactive
13041,Jahmal Banks,Jahmal,Banks,WR,,Active
4258,Conor McDermott,Conor,McDermott,OL,,Active
1787,Phillip Supernaw,Phillip,Supernaw,TE,,Inactive
2912,Joshua Stangby,Joshua,Stangby,WR,,Inactive
5884,Kelvin Harmon,Kelvin,Harmon,WR,,Active
13764,Chris Freeman,Chris,Freeman,K,,Active
4120,Obi Melifonwu,Obi,Melifonwu,DB,,Active
5781,Malik Turner,Malik,Turner,WR,SF,Active
12349,Daymond Williams,Daymond,Williams,DT,,Active
3099,Dirk Koetter,Dirk,Koetter,,,Inactive
12014,Willie Drew,Willie,Drew,CB,,Active
2183,Bene' Benwikere,Bene',Benwikere,CB,,Inactive
11262,Damien Caffrey,Damien,Caffrey,TE,,Active
5896,Tre Lamar,Tre,Lamar,ILB,,Inactive
6801,Tee Higgins,Tee,Higgins,WR,CIN,Active
2516,Cody Wichmann,Cody,Wichmann,G,,Inactive
11542,LaColby Tucker,LaColby,Tucker,OL,,Active
11462,Jaydon Grant,Jaydon,Grant,DB,,Active
4669,Andre Patton,Andre,Patton,WR,,Active
6422,Ricky Walker,Ricky,Walker,DL,,Inactive
1555,Kenny Stills,Kenny,Stills,WR,,Active
6262,Jeremiah Harris,Jeremiah,Harris,DE,,Inactive
5081,Genard Avery,Genard,Avery,LB,,Active
12149,Gavin Hardison,Gavin,Hardison,QB,,Active
12436,Jamie Sheriff,Jamie,Sheriff,LB,SEA,Active
13950,Xavier Hill,Xavier,Hill,OL,NYJ,Active
1996,D.J. Tialavea,D.J.,Tialavea,T,,Inactive
4709,Steven Moore,Steven,Moore,OT,,Active
10859,Sam LaPorta,Sam,LaPorta,TE,DET,Active
6695,Alex Brown,Alex,Brown,CB,,Active
13492,Dani Dennis-Sutton,Dani,Dennis-Sutton,DE,GB,Active
11567,Jordan Travis,Jordan,Travis,QB,,Active
2473,Tye Smith,Tye,Smith,CB,,Active
205,Vince Wilfork,Vince,Wilfork,NT,,Inactive
2799,Mylan Hicks,Mylan,Hicks,CB,,Active
990,Kris Durham,Kris,Durham,WR,,Inactive
8839,Luke Masterson,Luke,Masterson,LB,,Active
1366,Duron Harmon,Duron,Harmon,DB,,Active
2980,Eli Rogers,Eli,Rogers,WR,,Inactive
8660,Leroy Watson,Leroy,Watson,TE,,Active
372,James Casey,James,Casey,FB,,Inactive
6506,Trayone Gray,Trayone,Gray,RB,,Active
10894,DJ Turner,DJ,Turner,DB,CIN,Active
13504,Darrell Jackson,Darrell,Jackson,DT,NYJ,Active
1465,Nico Johnson,Nico,Johnson,LB,,Inactive
13872,Jaxson Moi,Jaxson,Moi,DT,LAR,Active
8699,Cyrus Holder,Cyrus,Holder,WR,,Active
2367,Quinten Rollins,Quinten,Rollins,CB,,Inactive
12858,Kneeland Hibbett,Kneeland,Hibbett,LS,,Active
12792,Garrett Greene,Garrett,Greene,QB,TB,Active
2668,Xavier Williams,Xavier,Williams,DT,,Active
5340,Andre Smith,Andre,Smith,LB,,Active
812,Lee Smith,Lee,Smith,TE,ATL,Active
2696,Kurtis Drummond,Kurtis,Drummond,SS,,Inactive
4764,Marty Hurney,Marty,Hurney,,,Inactive
5360,Marcus Allen,Marcus,Allen,LB,,Inactive
5609,Stephen Baggett,Stephen,Baggett,TE,,Active
11753,Nehemiah Pritchett,Nehemiah,Pritchett,CB,SEA,Active
4170,Samson Ebukam,Samson,Ebukam,DE,ATL,Active
8921,Maurice Alexander,Maurice,Alexander,WR,CHI,Active
8815,Cedric Boswell,Cedric,Boswell,DB,,Active
13271,Mark Fletcher,Mark,Fletcher,RB,,Active
11660,Jordan Morgan,Jordan,Morgan,OL,GB,Active
2986,Greg Mancz,Greg,Mancz,OL,,Active
12874,Lance Dixon,Lance,Dixon,LB,,Active
5540,Jacob Alsadek,Jacob,Alsadek,G,,Active
1755,Keavon Milton,Keavon,Milton,TE,,Inactive
12546,Marcus Yarns,Marcus,Yarns,RB,,Active
517,Kyle Love,Kyle,Love,NT,,Injured Reserve
6661,Joseph Parker,Joseph,Parker,WR,,Active
2534,Kenny Hilliard,Kenny,Hilliard,RB,,Inactive
11633,Jamari Thrash,Jamari,Thrash,WR,CLE,Active
12137,Charles Woods,Charles,Woods,CB,NE,Active
13964,Myles Montgomery,Myles,Montgomery,RB,NE,Active
12282,C.J. Ravenell,C.J.,Ravenell,DL,,Active
1094,Mike Martin,Mike,Martin,DT,,Inactive
8628,Jontre Kirklin,Jontre,Kirklin,WR,,Active
7674,Patrick Jones,Patrick,Jones,DE,CAR,Active
6355,Micah Abernathy,Micah,Abernathy,FS,,Active
4250,Sam Rogers,Sam,Rogers,FB,,Active
6774,Jack Easterby,Jack,Easterby,,,Inactive
7359,Nakia Griffin-Stewart,Nakia,Griffin-Stewart,TE,,Active
13186,JaTravis Broughton,JaTravis,Broughton,CB,,Active
2804,Andrew Turzilli,Andrew,Turzilli,WR,,Injured Reserve
6712,Marcus Simms,Marcus,Simms,WR,,Inactive
11487,Steven Gilmore,Steven,Gilmore,CB,,Active
12246,Mike Rigerman,Mike,Rigerman,TE,,Active
4860,Jon Toth,Jon,Toth,C,,Active
2468,Bradley Pinion,Bradley,Pinion,P,MIA,Active
12985,Cole Birdow,Cole,Birdow,OL,,Active
13952,Garrison Grimes,Garrison,Grimes,LS,,Active
11048,Cooper Hodges,Cooper,Hodges,OL,,Active
6629,Brian Burt,Brian,Burt,WR,,Active
6367,Roderick Young,Roderick,Young,DT,,Active
3433,Alex Erickson,Alex,Erickson,WR,,Active
8395,Dane Belton,Dane,Belton,DB,NYJ,Active
3408,Oni Omoile,Oni,Omoile,G,,Active
1301,Kyle Nelson,Kyle,Nelson,LS,,Active
1098,Brandon Brooks,Brandon,Brooks,G,PHI,Inactive
76,Jason Hatcher,Jason,Hatcher,DE,,Inactive
2264,Keith Reaser,Keith,Reaser,CB,,Inactive
8541,Michael Griffin,Michael,Griffin,DB,,Active
7929,Jake Burton,Jake,Burton,G,,Active
1487,Joseph Randle,Joseph,Randle,RB,,Inactive
553,Jacques McClendon,Jacques,McClendon,G,,Inactive
4088,Quincy Wilson,Quincy,Wilson,CB,,Active
13189,Luke Floriea,Luke,Floriea,WR,CLE,Active
3659,Anthony Lanier,Anthony,Lanier,DE,,Inactive
8638,Grayson Gunter,Grayson,Gunter,TE,,Active
13744,Cameron Ross,Cameron,Ross,WR,DEN,Active
12868,Montrell Johnson,Montrell,Johnson,RB,,Inactive
2287,Adrian Phillips,Adrian,Phillips,DB,,Active
11078,Calvin Avery,Calvin,Avery,DT,,Active
1802,Ed Reynolds,Ed,Reynolds,FS,,Injured Reserve
7212,Spencer Nigh,Spencer,Nigh,FB,,Active
13260,Jake Chaney,Jake,Chaney,LB,,Active
4111,D'Onta Foreman,D'Onta,Foreman,RB,,Active
113,Jahri Evans,Jahri,Evans,G,,Inactive
6386,Alex Bachman,Alex,Bachman,WR,,Active
12259,Taulia Tagovailoa,Taulia,Tagovailoa,QB,,Active
7384,Jaquarius Landrews,Jaquarius,Landrews,DB,,Inactive
12731,Dan Jackson,Dan,Jackson,DB,DET,Active
1167,Richard Crawford,Richard,Crawford,CB,,Inactive
2511,Christian Ringo,Christian,Ringo,DT,,Active
1739,Chase Ford,Chase,Ford,TE,,Inactive
11823,C.J. Hanson,C.J.,Hanson,OG,KC,Active
8268,Lewis Cine,Lewis,Cine,DB,,Inactive
14053,Jarrod Gray,Jarrod,Gray,OL,NYG,Active
11294,Caleb Sampson,Caleb,Sampson,DT,,Active
10985,Jordan Howden,Jordan,Howden,DB,NO,Active
2050,Branden Oliver,Branden,Oliver,RB,,Inactive
7948,JaQuan Bailey,JaQuan,Bailey,DE,,Active
1705,Micanor Regis,Micanor,Regis,DT,,Inactive
5946,Jamel Dean,Jamel,Dean,CB,PIT,Active
2535,Mark Nzeocha,Mark,Nzeocha,LB,,Active
11703,Jalyx Hunt,Jalyx,Hunt,DE,PHI,Active
12720,Zeek Biggers,Zeek,Biggers,DL,MIA,Active
11403,Kaieem Caesar,Kaieem,Caesar,DT,,Active
13782,Jadyn Ott DUPLICATE,Jadyn,Ott DUPLICATE,,,
7511,Dwight Bentley,Dwight,Bentley,CB,,Inactive
11706,DeWayne Carter,DeWayne,Carter,DT,BUF,Active
11524,Izaiah Gathings,Izaiah,Gathings,TE,,Active
7371,Jordan Steckler,Jordan,Steckler,OL,,Active
2785,Gus Johnson,Gus,Johnson,RB,,Active
13711,Jayden Loving,Jayden,Loving,DT,CHI,Active
3158,Shawn Oakman,Shawn,Oakman,,,Inactive
8547,Kurt Hinish,Kurt,Hinish,DT,,Active
2999,Rick Lovato,Rick,Lovato,LS,,Active
4443,Pharaoh Brown,Pharaoh,Brown,TE,,Active
13459,Chase Bisontis,Chase,Bisontis,G,ARI,Active
6150,Max Scharping,Max,Scharping,OL,,Active
7183,Austin Edwards,Austin,Edwards,DE,,Active
11237,Jacob Saylors,Jacob,Saylors,RB,DET,Active
6255,Bradford Lemmons,Bradford,Lemmons,CB,,Active
13088,Quali Conley,Quali,Conley,RB,,Active
4005,Rick Dennison,Rick,Dennison,,,Inactive
1507,Jon Bostic,Jon,Bostic,LB,,Inactive
7078,Tony Brown,Tony,Brown,WR,,Active
11973,Gabe Jeudy-Lally,Gabe,Jeudy-Lally,CB,,Active
13460,Zion Young,Zion,Young,DE,BAL,Active
1037,Dont'a Hightower,Dont'a,Hightower,LB,,Active
6448,Darrin Hall,Darrin,Hall,RB,,Active
1570,T.J. McDonald,T.J.,McDonald,SS,,Inactive
4081,Budda Baker,Budda,Baker,DB,ARI,Active
7836,Tony Fields,Tony,Fields,LB,CHI,Active
7875,Teton Saltes,Teton,Saltes,OL,,Active
2399,Ty Montgomery,Ty,Montgomery,RB,,Active
3598,Luke Rhodes,Luke,Rhodes,LS,IND,Active
8414,Britain Covey,Britain,Covey,WR,PHI,Active
8417,Player Invalid,Player,Invalid,RB,,Inactive
2398,Henry Anderson,Henry,Anderson,DE,,Active
12621,Josaiah Stewart,Josaiah,Stewart,DE,LAR,Active
11738,Decamerion Richardson,Decamerion,Richardson,CB,LV,Active
8523,Nick Muse,Nick,Muse,TE,,Active
13062,Jermari Harris,Jermari,Harris,CB,,Active
12559,Shavon Revel,Shavon,Revel,DB,DAL,Active
3719,Jacob Flores,Jacob,Flores,C,,Active
5673,Davin Bellamy,Davin,Bellamy,LB,,Active
11957,Sam Schnee,Sam,Schnee,WR,,Active
5775,Jared Murphy,Jared,Murphy,WR,,Active
6621,John Baron,John,Baron,K,,Active
5539,Derrick Willies,Derrick,Willies,WR,,Inactive
13895,Cian Slone,Cian,Slone,DE,LV,Active
8362,Leo Chenal,Leo,Chenal,LB,WAS,Active
4460,Cole Hikutini,Cole,Hikutini,TE,,Inactive
6404,Boogie Roberts,Boogie,Roberts,DT,,Inactive
13555,Harold Perkins,Harold,Perkins,LB,ATL,Active
1942,Lonnie Ballentine,Lonnie,Ballentine,FS,,Injured Reserve
4695,Kevin Maurice,Kevin,Maurice,DT,,Active
10949,Chamarri Conner,Chamarri,Conner,DB,KC,Active
9501,DeMario Douglas,DeMario,Douglas,WR,NE,Active
7539,Gerrid Doaks,Gerrid,Doaks,RB,,Active
3035,De'Ondre Wesley,De'Ondre,Wesley,T,,Inactive
6902,Jalen Elliott,Jalen,Elliott,DB,,Active
7644,Creed Humphrey,Creed,Humphrey,OL,KC,Active
8180,Jalen Nailor,Jalen,Nailor,WR,LV,Active
5018,Will Hernandez,Will,Hernandez,G,,Active
1383,Brandon Williams,Brandon,Williams,DT,,Active
7725,Drew Dalman,Drew,Dalman,OL,,Active
5388,Danny Johnson,Danny,Johnson,CB,,Active
12428,Ulumoo Ale,Ulumoo,Ale,DT,,Active
12292,Aidan Hemphill,Aidan,Hemphill,OL,,Active
13798,Ethan Hurkett,Ethan,Hurkett,DL,KC,Active
4694,Jarrod Harper,Jarrod,Harper,SS,,Active
12998,Da'Jon Terry,Da'Jon,Terry,DL,,Active
116,Ryan Clady,Ryan,Clady,OT,,Inactive
3861,Kieren Duncan,Kieren,Duncan,WR,,Inactive
12644,Barryn Sorrell,Barryn,Sorrell,DE,GB,Active
997,Malcolm Smith,Malcolm,Smith,LB,,Active
8499,Justin Shaffer,Justin,Shaffer,OL,,Inactive
5256,DeAndre Goolsby,DeAndre,Goolsby,TE,,Inactive
4994,Kalen Ballage,Kalen,Ballage,RB,,Active
1737,Case Keenum,Case,Keenum,QB,CHI,Active
5443,Jeff Holland,Jeff,Holland,LB,,Inactive
643,Earl Thomas,Earl,Thomas,FS,,Active
6469,Davis Koppenhaver,Davis,Koppenhaver,TE,,Active
7824,Keith Taylor,Keith,Taylor,CB,,Inactive
3993,Pep Hamilton,Pep,Hamilton,,,Inactive
12804,Kylan Guidry,Kylan,Guidry,LB,,Active
8324,Brandon Smith,Brandon,Smith,LB,,Active
3722,Don Jackson,Don,Jackson,RB,,Inactive
11929,Bo Richter,Bo,Richter,DE,MIN,Active
3172,DeForest Buckner,DeForest,Buckner,DT,IND,Active
11803,Dylan McMahon,Dylan,McMahon,OL,LAR,Active
7624,Carson Williams,Carson,Williams,TE,,Inactive
1515,Brandon Hepburn,Brandon,Hepburn,ILB,,Inactive
2736,Nordly Capi,Nordly,Capi,DE,,Inactive
5194,Matt Flanagan,Matt,Flanagan,TE,,Inactive
3135,Todd Wash,Todd,Wash,,,Inactive
12991,Anthony Booker,Anthony,Booker,DT,,Active
4567,Channing Stribling,Channing,Stribling,CB,,Active
4193,Jordan Morgan,Jordan,Morgan,G,,Active
1822,Ja'Wuan James,Ja'Wuan,James,OT,,Inactive
12655,Tyler Baron,Tyler,Baron,DE,NYJ,Active
11150,Quindell Johnson,Quindell,Johnson,DB,,Active
7837,Caden Sterns,Caden,Sterns,DB,,Active
6247,Jason Moore,Jason,Moore,WR,,Active
674,Quentin Groves,Quentin,Groves,OLB,,Inactive
14063,Liam Clifford,Liam,Clifford,WR,IND,Active
2292,Chris Matthews,Chris,Matthews,WR,,Injured Reserve
11495,Bryan Thompson,Bryan,Thompson,WR,,Inactive
12519,Luther Burden,Luther,Burden,WR,CHI,Active
80,Ed Reed,Ed,Reed,FS,,Inactive
6417,William Sweet,William,Sweet,OL,LV,Active
2051,Tenny Palepoi,Tenny,Palepoi,DT,,Inactive
7484,Brandon Wellington,Brandon,Wellington,LB,,Active
6653,Israel Helms,Israel,Helms,OT,,Active
10961,Blake Freeland,Blake,Freeland,OL,IND,Active
7304,Rodney Clemons,Rodney,Clemons,DB,,Active
7425,Patrick Carr,Patrick,Carr,RB,,Active
7840,Ta'Quon Graham,Ta'Quon,Graham,DT,,Active
2963,Matt Darr,Matt,Darr,P,,Inactive
7854,Miller Forristall,Miller,Forristall,TE,,Active
3085,Ryan Grigson,Ryan,Grigson,,,Inactive
1921,Daniel McCullers,Daniel,McCullers,DT,,Inactive
3825,Iosia Iosia,Iosia,Iosia,DE,,Active
4437,Connor Harris,Connor,Harris,FB,,Active
548,Jon Weeks,Jon,Weeks,LS,SF,Active
2277,Kevin Pierre-Louis,Kevin,Pierre-Louis,LB,,Inactive
7566,Player Invalid,Player,Invalid,WR,,Inactive
3259,Graham Glasgow,Graham,Glasgow,G,,Active
1871,Tramain Jacobs,Tramain,Jacobs,DB,,Injured Reserve
7636,Alex Leatherwood,Alex,Leatherwood,T,,Active
5253,Jordan Franks,Jordan,Franks,TE,,Inactive
11314,Levi Bell,Levi,Bell,DT,,Active
7806,Hamsah Nasirildeen,Hamsah,Nasirildeen,LB,,Inactive
4826,Kendall Pace,Kendall,Pace,OT,,Active
9486,Dontayvion Wicks,Dontayvion,Wicks,WR,PHI,Active
7122,Broderick Washington,Broderick,Washington,DT,BAL,Active
1346,Marquise Goodwin,Marquise,Goodwin,WR,,Active
3740,Tre Jones,Tre,Jones,CB,,Inactive
532,Shawn Lauvao,Shawn,Lauvao,G,,Inactive
2949,Synjyn Days,Synjyn,Days,RB,,Active
12286,Eddie Heckard,Eddie,Heckard,CB,,Active
14011,Zarian McGill,Zarian,McGill,OL,,Active
NYJ,,New York,Jets,DEF,NYJ,
13626,Arden Walker,Arden,Walker,LB,MIN,Active
200,Vernon Davis,Vernon,Davis,TE,,Injured Reserve
2420,Ibraheim Campbell,Ibraheim,Campbell,DB,,Active
4952,Tom Benson,Tom,Benson,,,Inactive
13689,Devean Deal,Devean,Deal,DE,,Active
8650,Lujuan Winningham,Lujuan,Winningham,WR,,Active
12802,Josh Fuga,Josh,Fuga,DL,,Active
2774,Shakim Phillips,Shakim,Phillips,WR,,Inactive
6584,Deyon Sizer,Deyon,Sizer,DT,,Active
1890,Dan France,Dan,France,OT,,Inactive
13199,Montorie Foster,Montorie,Foster,WR,SEA,Active
12455,Brashard Smith,Brashard,Smith,RB,KC,Active
4881,Lamar Jackson,Lamar,Jackson,QB,BAL,Active
10937,Jake Moody,Jake,Moody,K,WAS,Active
12112,Camden Lewis,Camden,Lewis,K,,Active
599,Mike Neal,Mike,Neal,LB,,Inactive
6921,Josh Uche,Josh,Uche,LB,MIA,Active
13632,Devonte Ross,Devonte,Ross,WR,LAC,Active
301,Marshal Yanda,Marshal,Yanda,G,,Injured Reserve
1344,Earl Wolff,Earl,Wolff,SS,,Inactive
13428,Joey Aguilar,Joey,Aguilar,QB,JAX,Active
7029,David Woodward,David,Woodward,LB,,Inactive
8712,William Dunkle,William,Dunkle,OL,,Active
10870,Deneric Prince,Deneric,Prince,RB,,Active
8244,Player Invalid,Player,Invalid,RB,,Inactive
3185,Taylor Decker,Taylor,Decker,T,,Active
358,Andre Smith,Andre,Smith,T,,Active
2046,Chris Davis,Chris,Davis,CB,,Inactive
2708,Junior Sylvestre,Junior,Sylvestre,ILB,,Active
12298,Kalon Gervin,Kalon,Gervin,CB,,Active
3267,Parker Ehinger,Parker,Ehinger,G,,Active
12124,Isaiah Johnson,Isaiah,Johnson,DB,,Active
7860,Osirus Mitchell,Osirus,Mitchell,WR,,Active
4954,Colby Wadman,Colby,Wadman,P,,Active
13349,Eli Stowers,Eli,Stowers,TE,PHI,Active
11618,Jalen McMillan,Jalen,McMillan,WR,TB,Active
8392,Nick Cross,Nick,Cross,DB,WAS,Active
6560,Koda Martin,Koda,Martin,OL,,Inactive
13430,RJ Maryland,RJ,Maryland,TE,GB,Active
30,D'Brickashaw Ferguson,D'Brickashaw,Ferguson,T,,Inactive
7446,Tucker McCann,Tucker,McCann,K,,Active
7844,Sam Kamara,Sam,Kamara,LB,CLE,Active
3754,Akil Blount,Akil,Blount,OLB,,Inactive
49,Robbie Gould,Robbie,Gould,K,,Active
167,Tom Brady,Tom,Brady,QB,,Active
681,Nick Sundberg,Nick,Sundberg,LS,,Active
4219,Jeremy McNichols,Jeremy,McNichols,RB,WAS,Active
4135,Trey Hendrickson,Trey,Hendrickson,DE,BAL,Active
12867,Addison West,Addison,West,G,,Active
5146,Matt Gono,Matt,Gono,OT,,Active
3997,Leslie Frazier,Leslie,Frazier,,,Inactive
13202,Dalevon Campbell,Dalevon,Campbell,WR,LAC,Active
6093,Jake Bailey,Jake,Bailey,P,ATL,Active
13944,Mason Murphy,Mason,Murphy,OT,CHI,Active
2207,Ronald Powell,Ronald,Powell,OLB,,Inactive
4136,Rasul Douglas,Rasul,Douglas,CB,WAS,Active
12963,Kayron Lynch-Adams,Kayron,Lynch-Adams,RB,,Active
11878,Will Putnam,Will,Putnam,C,LV,Active
2371,Jeremiah Poutasi,Jeremiah,Poutasi,OL,LV,Active
4483,Josh Letuligasenoa,Josh,Letuligasenoa,LB,,Active
8526,Cameron Goode,Cameron,Goode,LB,MIA,Active
3590,Adam Redmond,Adam,Redmond,C,BAL,Active
189,Brandon Flowers,Brandon,Flowers,CB,,Inactive
10983,Sean Clifford,Sean,Clifford,QB,CIN,Active
1183,Brad Nortman,Brad,Nortman,P,,Inactive
1072,Devon Still,Devon,Still,DE,,Injured Reserve
7377,Kyle Murphy,Kyle,Murphy,OL,NYG,Active
2284,Fred Williams,Fred,Williams,WR,,Inactive
1413,Markus Wheaton,Markus,Wheaton,WR,,Inactive
3671,Jake Reed,Jake,Reed,C,,Inactive
4974,Terrell Edmunds,Terrell,Edmunds,DB,,Active
3555,Canaan Severin,Canaan,Severin,WR,,Active
7272,Dylan Stapleton,Dylan,Stapleton,TE,,Inactive
13771,Nyjalik Kelly,Nyjalik,Kelly,DE,GB,Active
6684,LaDarius Wiley,LaDarius,Wiley,DB,,Active
993,Byron Maxwell,Byron,Maxwell,CB,,Injured Reserve
8692,Shamarious Gilmore,Shamarious,Gilmore,G,,Inactive
6775,Romeo Crennel,Romeo,Crennel,,,Inactive
2103,Cody Booth,Cody,Booth,OT,,Inactive
13475,Emmanuel Pregnon,Emmanuel,Pregnon,G,JAX,Active
4228,Jordan Evans,Jordan,Evans,LB,CIN,Inactive
13983,Ahmari Harvey,Ahmari,Harvey,DB,PIT,Active
8486,Matt Araiza,Matt,Araiza,P,KC,Active
2829,Al-Hajj Shabazz,Al-Hajj,Shabazz,CB,,Inactive
4579,Josh Banderas,Josh,Banderas,OLB,DEN,Active
2133,Davante Adams,Davante,Adams,WR,LAR,Active
96,Aaron Rodgers,Aaron,Rodgers,QB,PIT,Active
13578,Miles Scott,Miles,Scott,DB,DEN,Active
7825,Shawn Davis,Shawn,Davis,DB,,Inactive
5872,Deebo Samuel,Deebo,Samuel,WR,SF,Active
476,Rashad Johnson,Rashad,Johnson,FS,,Inactive
8820,Troy Hairston,Troy,Hairston,RB,,Active
6492,Terry Wright,Terry,Wright,WR,,Active
4042,Joe Williams,Joe,Williams,RB,,Active
12408,Michael Hiers,Michael,Hiers,QB,,Active
1470,David Bass,David,Bass,LB,,Inactive
2137,John Fullington,John,Fullington,G,,Inactive
7037,Michael Pinckney,Michael,Pinckney,LB,,Inactive
7952,Elijah Sullivan,Elijah,Sullivan,LB,,Active
7841,Jamien Sherwood,Jamien,Sherwood,LB,NYJ,Active
6116,John Cominsky,John,Cominsky,DE,,Active
7928,Brett Heggie,Brett,Heggie,C,,Active
8344,Jonathan Ford,Jonathan,Ford,DL,GB,Active
7285,Donald Rutledge,Donald,Rutledge,LB,ARI,Active
13069,Kristian Williams,Kristian,Williams,DT,DEN,Active
3527,Kevin Peterson,Kevin,Peterson,CB,ARI,Active
12941,Bryson Nesbit,Bryson,Nesbit,TE,MIN,Active
759,Chris Scott,Chris,Scott,G,,Inactive
3854,Sam Brown,Sam,Brown,CB,,Active
4420,Cody Hollister,Cody,Hollister,WR,,Active
9480,Brenton Strange,Brenton,Strange,TE,JAX,Active
652,Dwight Lowery,Dwight,Lowery,FS,,Inactive
6758,Mike Lafleur,Mike,Lafleur,,,Inactive
12545,Tyler Shough,Tyler,Shough,QB,NO,Active
2006,Matt Paradis,Matt,Paradis,C,,Active
2590,Yannik Cudjoe-Virgil,Yannik,Cudjoe-Virgil,LB,,Inactive
3530,Dominique Alexander,Dominique,Alexander,OLB,,Inactive
8536,Caleb Shudak,Caleb,Shudak,K,,Active
8271,Derion Kendrick,Derion,Kendrick,DB,DAL,Active
5355,Nick Sharga,Nick,Sharga,FB,,Active
3567,Theiren Cockran,Theiren,Cockran,DT,,Active
6253,Elijah Zeise,Elijah,Zeise,LB,,Active
8471,Marcus McKethan,Marcus,McKethan,OL,,Active
3108,Travell Dixon,Travell,Dixon,CB,,Inactive
8198,Charleston Rambo,Charleston,Rambo,WR,,Inactive
2090,Ted Bolser,Ted,Bolser,TE,,Inactive
8274,LaBryan Ray,LaBryan,Ray,DL,CAR,Active
3326,Cole Toner,Cole,Toner,OL,,Active
827,Tyrod Taylor,Tyrod,Taylor,QB,GB,Active
6650,Chase McLaughlin,Chase,McLaughlin,K,TB,Active
13667,Marcus Burke,Marcus,Burke,WR,,Active
6352,Matt Colburn,Matt,Colburn,RB,,Active
5478,Andrew Motuapuaka,Andrew,Motuapuaka,ILB,,Active
4047,Jacob Lindsey,Jacob,Lindsey,OLB,,Active
961,Adrian Clayborn,Adrian,Clayborn,DE,,Active
3814,Ishaq Williams,Ishaq,Williams,DE,,Inactive
2822,Adam Humphries,Adam,Humphries,WR,,Active
13647,Ben Patterson,Ben,Patterson,WR,,Active
2136,Duplicate Player,Duplicate,Player,OLB,,Inactive
6985,Dezmon Patmon,Dezmon,Patmon,WR,,Active
593,Jason Fox,Jason,Fox,T,,Inactive
6107,Emmanuel Butler,Emmanuel,Butler,WR,,Inactive
2787,David Porter,David,Porter,WR,,Active
3972,Todd Bowles,Todd,Bowles,,,Inactive
4892,Baker Mayfield,Baker,Mayfield,QB,TB,Active
4532,Sojourn Shelton,Sojourn,Shelton,CB,,Inactive
3227,T.J. Green,T.J.,Green,DB,HOU,Active
7255,Garrett Marino,Garrett,Marino,DE,,Active
1198,Matt Conrath,Matt,Conrath,DT,,Inactive
4137,James Conner,James,Conner,RB,ARI,Active
1116,Andre Branch,Andre,Branch,LB,,Inactive
6051,Darryl Johnson,Darryl,Johnson,DE,,Inactive
1443,Johnathan Cyprien,Johnathan,Cyprien,SS,JAX,Active
766,Justin Drescher,Justin,Drescher,LS,,Inactive
4688,Najee Murray,Najee,Murray,CB,,Active
6716,Olive Sagapolu,Olive,Sagapolu,DT,,Active
11898,Matthew Hayball,Matthew,Hayball,P,ATL,Active
12277,John Matocha,John,Matocha,QB,,Active
3494,Jason Fanaika,Jason,Fanaika,OLB,,Active
5608,Devonte Boyd,Devonte,Boyd,WR,,Active
1930,Marqueston Huff,Marqueston,Huff,FS,,Inactive
6538,Dewayne Hendrix,Dewayne,Hendrix,DE,,Active
13432,Khalil Dinkins,Khalil,Dinkins,TE,,Active
3636,Sadat Sulleyman,Sadat,Sulleyman,DE,,Active
10862,Dorian Thompson-Robinson,Dorian,Thompson-Robinson,QB,,Active
2415,T.J. Clemmings,T.J.,Clemmings,T,,Active
10895,O'Cyrus Torrence,O'Cyrus,Torrence,OL,BUF,Active
5763,Bentley Spain,Bentley,Spain,OT,,Active
4672,Brad Watson,Brad,Watson,CB,,Active
1543,Stansly Maponga,Stansly,Maponga,DE,,Inactive
1917,Ethan Hemer,Ethan,Hemer,DE,,Inactive
7350,Levonta Taylor,Levonta,Taylor,CB,,Active
6875,John Simpson,John,Simpson,G,BAL,Active
3640,Soma Vainuku,Soma,Vainuku,RB,,Active
4278,D.J. Jones,D.J.,Jones,DT,DEN,Active
3943,Wade Hansen,Wade,Hansen,OT,,Inactive
8145,Jeremy Ruckert,Jeremy,Ruckert,TE,NYJ,Active
12068,Mason Pline,Mason,Pline,TE,KC,Active
2506,Josh Robinson,Josh,Robinson,RB,,Inactive
5818,Freddie Kitchens,Freddie,Kitchens,,,Inactive
4696,Trey Edmunds,Trey,Edmunds,RB,,Active
12854,Mike Smith,Mike,Smith,DB,,Active
8678,Andrew Rupcich,Andrew,Rupcich,OT,NE,Active
11961,Emory Jones,Emory,Jones,QB,,Active
12518,Tyler Warren,Tyler,Warren,TE,IND,Active
8203,Jeremiah Hall,Jeremiah,Hall,TE,,Active
13999,Ian Conerly-Goodly,Ian,Conerly-Goodly,DB,,Active
741,Breno Giacomini,Breno,Giacomini,T,,Inactive
6911,Brandon Jones,Brandon,Jones,DB,DEN,Active
6749,Jordan Holland,Jordan,Holland,DB,,Active
3829,Ryan Langford,Ryan,Langford,ILB,,Active
2241,Glenn Carson,Glenn,Carson,ILB,,Inactive
11261,Andre Szmyt,Andre,Szmyt,K,CLE,Active
3831,Zach Sterup,Zach,Sterup,OT,,Inactive
3010,Cole Manhart,Cole,Manhart,G,,Inactive
2837,Travis Harvey,Travis,Harvey,WR,,Inactive
13816,Mark Gronowski,Mark,Gronowski,QB,MIA,Active
5104,Scott Quessenberry,Scott,Quessenberry,OL,,Active
4523,Lucas Crowley,Lucas,Crowley,C,,Active
8691,Vi Jones,Vi,Jones,LB,,Active
13264,Dohnte Meyers,Dohnte,Meyers,WR,CIN,Active
4232,Matthew Dayes,Matthew,Dayes,RB,,Inactive
8893,Nick Sciba,Nick,Sciba,K,,Active
1819,Orleans Darkwa,Orleans,Darkwa,RB,,Inactive
59,Mason Crosby,Mason,Crosby,K,,Active
7106,Lawrence Cager,Lawrence,Cager,TE,WAS,Active
775,Stephen Hauschka,Stephen,Hauschka,K,,Injured Reserve
1050,Marcus Thigpen,Marcus,Thigpen,WR,,Inactive
5578,Arrion Springs,Arrion,Springs,DB,,Active
11669,Laiatu Latu,Laiatu,Latu,DL,IND,Active
2889,Jordan DeWalt-Ondijo,Jordan,DeWalt-Ondijo,OLB,,Active
4559,Ladell Fleming,Ladell,Fleming,LB,,Active
2554,Denzelle Good,Denzelle,Good,G,,Active
12643,Kyle Kennard,Kyle,Kennard,DE,LAC,Active
12191,Trent Pennix,Trent,Pennix,TE,,Active
5997,Jazz Ferguson,Jazz,Ferguson,WR,,Active
7063,Shea Patterson,Shea,Patterson,QB,,Active
11443,Alex Palczewski,Alex,Palczewski,T,DEN,Active
5529,Desmond Harrison,Desmond,Harrison,OT,,Inactive
1678,Uzoma Nwachukwu,Uzoma,Nwachukwu,WR,,Active
6537,Ryan Anderson,Ryan,Anderson,G,,Active
3406,Joe Walker,Joe,Walker,LB,,Active
1240,Jonathan Massaquoi,Jonathan,Massaquoi,OLB,,Inactive
931,Brandian Ross,Brandian,Ross,SS,,Inactive
7193,Sean Pollard,Sean,Pollard,C,,Inactive
8295,Zach Carter,Zach,Carter,DL,ARI,Active
4511,LaTroy Lewis,LaTroy,Lewis,OLB,,Inactive
7766,Matt Farniok,Matt,Farniok,G,,Active
11951,Beau Brade,Beau,Brade,DB,NYG,Active
12613,Tate Ratledge,Tate,Ratledge,OL,DET,Active
12689,JJ Pegues,JJ,Pegues,DT,LV,Active
1378,Ryan Jensen,Ryan,Jensen,C,,Inactive
13455,TJ Parker,TJ,Parker,DE,BUF,Active
11833,Nick Gargiulo,Nick,Gargiulo,OL,DEN,Active
928,Randall Cobb,Randall,Cobb,WR,,Active
8359,Marcus Jones,Marcus,Jones,DB,NE,Active
2706,Terry Williams,Terry,Williams,NT,,Inactive
379,Fili Moala,Fili,Moala,DT,,Inactive
1046,Rishard Matthews,Rishard,Matthews,WR,,Injured Reserve
540,Alterraun Verner,Alterraun,Verner,CB,,Inactive
12052,Shyheim Battle,Shyheim,Battle,CB,,Active
11693,Max Melton,Max,Melton,DB,ARI,Active
5347,Nyheim Miller-Hines,Nyheim,Miller-Hines,RB,,Active
4383,Adam Pankey,Adam,Pankey,T,,Active
11243,David Ebuka Agoha,David,Ebuka Agoha,DL,,Active
12840,Eric Rogers,Eric,Rogers,DB,LAC,Active
7010,Calvin Throckmorton,Calvin,Throckmorton,OL,DEN,Active
4456,K.D. Cannon,K.D.,Cannon,WR,,Active
4493,Damien Mama,Damien,Mama,G,,Inactive
11181,Spencer Waege,Spencer,Waege,DL,,Active
13082,Jereme Robinson,Jereme,Robinson,DE,,Active
7718,Tyler Shelvin,Tyler,Shelvin,DT,,Active
13330,Kenyon Sadiq,Kenyon,Sadiq,TE,NYJ,Active
13510,Karon Prunty,Karon,Prunty,DB,NE,Active
12755,Kelly Akharaiyi,Kelly,Akharaiyi,WR,,Active
7317,Jared Rice,Jared,Rice,TE,,Active
821,Josh Bynes,Josh,Bynes,LB,,Active
9506,Sean Tucker,Sean,Tucker,RB,TB,Active
7607,Michael Carter,Michael,Carter,RB,TEN,Active
5642,Trayvon Henderson,Trayvon,Henderson,DB,,Active
8167,Christian Watson,Christian,Watson,WR,GB,Active
7253,Ron'Dell Carter,Ron'Dell,Carter,LB,,Active
3616,Mitchell Loewen,Mitchell,Loewen,DE,,Active
11112,Anthony Johnson,Anthony,Johnson,DB,,Active
7780,Tay Gowan,Tay,Gowan,CB,,Active
8211,Tyrion Davis-Price,Tyrion,Davis-Price,RB,,Active
5777,Malachi Jones,Malachi,Jones,WR,,Active
8517,Rodney Thomas,Rodney,Thomas,LB,SEA,Active
5798,Darren Carrington,Darren,Carrington,WR,,Inactive
1241,Winston Guy,Winston,Guy,SS,,Inactive
2338,Landon Collins,Landon,Collins,DB,,Active
3456,Joel Stave,Joel,Stave,QB,,Injured Reserve
12274,Paul Moala,Paul,Moala,LB,,Active
2701,AJ Cruz,AJ,Cruz,WR,,Inactive
8388,Troy Andersen,Troy,Andersen,LB,ATL,Active
5432,Cam Sims,Cam,Sims,WR,,Active
11509,Durrell Johnson,Durrell,Johnson,DE,,Active
7599,Jermar Jefferson,Jermar,Jefferson,RB,,Active
2346,Devin Funchess,Devin,Funchess,TE,,Active
2703,Ezell Ruffin,Ezell,Ruffin,WR,,Active
6836,A.J. Terrell,A.J.,Terrell,CB,ATL,Active
7113,Alex Highsmith,Alex,Highsmith,LB,PIT,Active
13885,JonDarius Morgan,JonDarius,Morgan,OL,NE,Active
7646,Boogie Basham,Boogie,Basham,DE,,Active
12897,Nathan Carter,Nathan,Carter,RB,ATL,Active
55,Visanthe Shiancoe,Visanthe,Shiancoe,TE,,Inactive
3505,Dom Williams,Dom,Williams,WR,,Active
5223,Caleb Scott,Caleb,Scott,WR,TEN,Active
3405,Scooby Wright,Scooby,Wright,ILB,,Inactive
642,Golden Tate,Golden,Tate,WR,,Active
229,Phil Dawson,Phil,Dawson,K,,Injured Reserve
9999,Will Levis,Will,Levis,QB,TEN,Active
3968,Norv Turner,Norv,Turner,,,Inactive
7997,Devery Hamilton,Devery,Hamilton,T,,Active
7480,Adrian Magee,Adrian,Magee,OL,,Active
12378,Rondell Bothroyd,Rondell,Bothroyd,DT,,Active
6475,Delvon Randall,Delvon,Randall,SS,,Inactive
13344,Preston Fox,Preston,Fox,WR,,Active
12034,David Satkowski,David,Satkowski,OL,,Active
11205,Christian Morgan,Christian,Morgan,DB,,Active
13716,Josh Kreutz,Josh,Kreutz,OL,IND,Active
564,Dexter McCluster,Dexter,McCluster,RB,,Inactive
3885,James Ross,James,Ross,ILB,,Inactive
6420,Jon'Vea Johnson,Jon'Vea,Johnson,WR,,Active
12509,Tre' Harris,Tre',Harris,WR,LAC,Active
968,Greg Salas,Greg,Salas,WR,,Injured Reserve
11318,Isaiah Moore,Isaiah,Moore,LB,,Active
2485,Kaelin Clay,Kaelin,Clay,WR,,Inactive
13907,Dillon Wade,Dillon,Wade,G,GB,Active
1145,Morris Claiborne,Morris,Claiborne,CB,,Active
14057,Zion Wilson,Zion,Wilson,DT,PHI,Active
13226,Marcus Tate,Marcus,Tate,OL,,Active
283,Jon Beason,Jon,Beason,LB,,Inactive
3449,Will Monday,Will,Monday,P,,Active
6373,A.J. Richardson,A.J.,Richardson,WR,,Active
4614,Riley McCarron,Riley,McCarron,WR,,Inactive
2414,Clayton Geathers,Clayton,Geathers,DB,,Active
7652,Sam Cosmi,Sam,Cosmi,OL,WAS,Active
8256,Player Invalid,Player,Invalid,TE,,Inactive
3384,Demarcus Ayers,Demarcus,Ayers,WR,,Inactive
4173,Jaleel Johnson,Jaleel,Johnson,DT,,Active
3881,Mariel Cooper,Mariel,Cooper,CB,,Active
7990,Garrett Groshek,Garrett,Groshek,RB,,Active
1612,Tyler Bray,Tyler,Bray,QB,,Inactive
7279,DeMichael Harris,DeMichael,Harris,WR,,Active
6186,Armon Watts,Armon,Watts,DT,,Active
5947,Jakobi Meyers,Jakobi,Meyers,WR,JAX,Active
486,Desmond Bryant,Desmond,Bryant,DE,,Inactive
11529,Ed Lee,Ed,Lee,WR,,Active
11383,Tashawn Manning,Tashawn,Manning,OG,,Active
4458,Zach Franklin,Zach,Franklin,CB,,Inactive
5651,Toby Weathersby,Toby,Weathersby,OT,,Active
11473,Latavious Brini,Latavious,Brini,DB,,Active
12690,Tommy Mellott,Tommy,Mellott,WR,,Active
11545,Micah Vanterpool,Micah,Vanterpool,OL,,Active
5681,Johnathan Alston,Johnathan,Alston,FS,,Active
29,Letroy Guion,Letroy,Guion,NT,,Inactive
2807,Keshaun Malone,Keshaun,Malone,ILB,,Active
1384,Jayson DiManche,Jayson,DiManche,LB,,Injured Reserve
2580,Titus Davis,Titus,Davis,WR,,Active
12778,Jerjuan Newton,Jerjuan,Newton,WR,,Active
4063,Haason Reddick,Haason,Reddick,LB,,Active
6764,Derrick Moncrief,Derrick,Moncrief,LB,,Active
7324,Jessie Lemonier,Jessie,Lemonier,LB,,Active
7900,Jamar Watson,Jamar,Watson,LB,,Active
3149,Aaron Grymes,Aaron,Grymes,CB,,Inactive
2037,Keith McGill,Keith,McGill,FS,,Inactive
5596,Malik Reaves,Malik,Reaves,CB,,Active
11521,Jadakis Bonds,Jadakis,Bonds,WR,,Active
531,Joe Haden,Joe,Haden,CB,,Active
6640,Herb Miller,Herb,Miller,CB,,Active
4343,Kenny Allen,Kenny,Allen,P,,Active
7254,Azur Kamara,Azur,Kamara,DE,,Active
12425,Alex Gubner,Alex,Gubner,DT,,Active
12946,Dontae Fleming,Dontae,Fleming,WR,MIN,Active
7471,David Reese,David,Reese,LB,,Inactive
955,Isa Abdul-Quddus,Isa,Abdul-Quddus,FS,,Inactive
2790,Nigel King,Nigel,King,WR,,Active
8158,Carson Strong,Carson,Strong,QB,,Active
6610,Demetrius Flannigan-Fowles,Demetrius,Flannigan-Fowles,LB,BUF,Active
7762,James Wiggins,James,Wiggins,DB,,Active
400,Vaughn Martin,Vaughn,Martin,DT,,Inactive
12353,Jack Freeman,Jack,Freeman,OL,,Active
3222,Deion Jones,Deion,Jones,LB,,Active
3152,Andy Reid,Andy,Reid,,,Inactive
1847,Jemea Thomas,Jemea,Thomas,CB,,Inactive
13493,Wesley Williams,Wesley,Williams,DE,JAX,Active
5659,John Atkins,John,Atkins,DT,,Active
14026,DJ Herman,DJ,Herman,LB,MIA,Active
7906,Mike Brown,Mike,Brown,OL,,Inactive
11651,Isaac Guerendo,Isaac,Guerendo,RB,SF,Active
6183,Andrew Van Ginkel,Andrew,Van Ginkel,LB,MIN,Active
8613,Taysir Mack,Taysir,Mack,WR,,Active
13406,Kamari Ramsey,Kamari,Ramsey,DB,HOU,Active
2462,J.J. Nelson,J.J.,Nelson,WR,,Active
8736,Elijah Garcia,Elijah,Garcia,DT,CAR,Active
1302,Michael Wilhoite,Michael,Wilhoite,LB,,Inactive
853,Jeff Maehl,Jeff,Maehl,WR,,Inactive
12385,Jude McAtamney,Jude,McAtamney,K,,Active
8919,Ayo Oyelola,Ayo,Oyelola,DB,,Active
11905,Dwight McGlothern,Dwight,McGlothern,DB,MIN,Active
11458,Matthew Jackson,Matthew,Jackson,DB,,Active
14020,Dean Patterson,Dean,Patterson,WR,TB,Active
11308,Deslin Alexandre,Deslin,Alexandre,DE,,Active
13474,Jalen Huskey,Jalen,Huskey,DB,JAX,Active
3866,Joe Hansley,Joe,Hansley,WR,,Inactive
185,Charles Tillman,Charles,Tillman,CB,,Inactive
5215,Tray Matthews,Tray,Matthews,FS,,Active
5871,Zach Allen,Zach,Allen,DE,DEN,Active
6604,Mathieu Betts,Mathieu,Betts,DL,,Active
1190,Tyrunn Walker,Tyrunn,Walker,DT,,Inactive
13841,Deshawn McCuin,Deshawn,McCuin,DB,,Active
12386,Christian Duffie,Christian,Duffie,OT,,Active
7353,Bryce Sterk,Bryce,Sterk,TE,,Inactive
10884,Broderick Jones,Broderick,Jones,OL,PIT,Active
6246,Jeremy Cox,Jeremy,Cox,RB,,Inactive
12903,Eli Mostaert,Eli,Mostaert,DT,,Active
11659,Graham Barton,Graham,Barton,OL,TB,Active
6237,Wilton Speight,Wilton,Speight,QB,,Active
3746,Darreon Herring,Darreon,Herring,ILB,,Inactive
3950,Joe Powell,Joe,Powell,SS,,Active
3846,Duke Williams,Duke,Williams,WR,,Active
6392,Johnathan Lloyd,Johnathan,Lloyd,WR,,Active
13272,Carson Beck,Carson,Beck,QB,ARI,Active
8272,Channing Tindall,Channing,Tindall,LB,ATL,Active
817,Jeremy Kerley,Jeremy,Kerley,WR,,Inactive
8831,Ethan Fernea,Ethan,Fernea,WR,,Active
8751,Dylan Parham,Dylan,Parham,TE,,Active
2313,Vic Beasley,Vic,Beasley,DE,,Inactive
11189,Zay Malone,Zay,Malone,WR,,Active
1405,Barkevious Mingo,Barkevious,Mingo,LB,,Inactive
3593,Anthony Kelly,Anthony,Kelly,WR,,Active
28,Aaron Ross,Aaron,Ross,CB,,Inactive
12664,Jackson Slater,Jackson,Slater,OL,TEN,Active
2360,Maxx Williams,Maxx,Williams,TE,,Active
7223,Jason Ferris,Jason,Ferris,LB,,Active
6369,Khairi Clark,Khairi,Clark,DL,,Active
1474,Stacy McGee,Stacy,McGee,DT,,Inactive
830,A.J. Green,A.J.,Green,WR,,Active
1981,Deandre Coleman,Deandre,Coleman,DT,,Inactive
1222,Bobby Massie,Bobby,Massie,T,,Active
12592,Jared Wilson,Jared,Wilson,OL,NE,Active
8932,Lucas Havrisik,Lucas,Havrisik,K,,Active
11960,Steven Stilianos,Steven,Stilianos,TE,,Active
6353,Troy Reeder,Troy,Reeder,LB,DET,Active
11578,Player Invalid,Player,Invalid,RB,,Inactive
2956,Brett Jones,Brett,Jones,C,,Active
13807,Gary Smith,Gary,Smith,DT,LV,Active
5504,Mackendy Cheridor,Mackendy,Cheridor,DE,,Active
8587,Josh Drayden,Josh,Drayden,CB,,Active
12453,Ontaria Wilson,Ontaria,Wilson,WR,,Active
2737,Eric Crume,Eric,Crume,DT,,Active
459,David Hawthorne,David,Hawthorne,LB,,Inactive
8600,Ellis Brooks,Ellis,Brooks,LB,,Active
13517,Michael Taaffe,Michael,Taaffe,DB,MIA,Active
7815,K.J. Britt,K.J.,Britt,LB,NE,Active
12700,Gavin Bartholomew,Gavin,Bartholomew,TE,MIN,Active
8068,C.J. Saunders,C.J.,Saunders,WR,,Active
11339,Brandon Joseph,Brandon,Joseph,DB,,Active
4378,Thomas Evans,Thomas,Evans,G,,Active
4318,Tyler Catalina,Tyler,Catalina,G,,Inactive
13673,Trent Battle,Trent,Battle,RB,,Active
12794,Benjamin Chukwuma,Benjamin,Chukwuma,OL,TB,Active
13263,Wyett Ekeler,Wyett,Ekeler,CB,,Active
7638,Alijah Vera-Tucker,Alijah,Vera-Tucker,OL,NE,Active
733,Perry Riley,Perry,Riley,LB,,Inactive
8766,Antonio Valentino,Antonio,Valentino,DT,,Active
5977,Terry Godwin,Terry,Godwin,WR,,Active
3990,Adam Bighill,Adam,Bighill,ILB,,Inactive
3271,Tyler Higbee,Tyler,Higbee,TE,LAR,Active
2131,Larry Webster,Larry,Webster,DE,,Inactive
12148,Matthew Jones,Matthew,Jones,G,,Active
2211,Ty Zimmerman,Ty,Zimmerman,S,,Active
11267,Aron Cruickshank,Aron,Cruickshank,WR,,Active
2906,Bell Braylon,Bell,Braylon,WR,,Active
6760,Jonathan Kongbo,Jonathan,Kongbo,DE,,Active
3375,Travis Feeney,Travis,Feeney,OLB,,Inactive
12138,Anthony Goodlow,Anthony,Goodlow,DE,PIT,Active
7524,Player Invalid,Player,Invalid,WR,,Inactive
12823,Joe Evans,Joe,Evans,DT,,Active
8260,Gabe Brkic,Gabe,Brkic,K,,Active
8556,Denzel Williams,Denzel,Williams,DB,,Active
1502,Chris Thompson,Chris,Thompson,RB,,Active
1099,Randy Bullock,Randy,Bullock,K,,Active
12761,Jordan Moore,Jordan,Moore,WR,CIN,Active
13399,Genesis Smith,Genesis,Smith,DB,LAC,Active
1820,Terrence Fede,Terrence,Fede,DE,,Inactive
4800,Mike Tomlin,Mike,Tomlin,,,Inactive
72,Kevin Walter,Kevin,Walter,WR,,Inactive
2843,Gabe Martin,Gabe,Martin,OLB,,Inactive
2882,Jimmy Hall,Jimmy,Hall,OLB,,Inactive
2629,Sam Meredith,Sam,Meredith,DE,,Active
11369,Alex Jensen,Alex,Jensen,OL,,Active
7457,Michael Dereus,Michael,Dereus,WR,,Active
12109,Caleb Nelson,Caleb,Nelson,CB,,Active
11939,Ryan Coll,Ryan,Coll,OT,,Active
7174,Juwan Green,Juwan,Green,WR,,Active
12940,Tre Stewart,Tre,Stewart,RB,,Active
4975,Taven Bryan,Taven,Bryan,DE,,Active
2342,Devin Smith,Devin,Smith,WR,,Active
8618,Marcelino McCrary-Ball,Marcelino,McCrary-Ball,LB,NYJ,Active
10896,John Michael Schmitz,John Michael,Schmitz,OL,NYG,Active
3208,Kenneth Dixon,Kenneth,Dixon,RB,,Active
4988,Nick Chubb,Nick,Chubb,RB,,Active
13081,Xavier Carlton,Xavier,Carlton,LB,,Active
4778,Reggie Davis,Reggie,Davis,WR,,Inactive
13612,Scooby Williams,Scooby,Williams,LB,MIN,Active
1535,Cordarrelle Patterson,Cordarrelle,Patterson,RB,,Active
11979,DeAngelo Hardy,DeAngelo,Hardy,DB,,Active
5833,Kevin O'Connell,Kevin,O'Connell,QB,,Inactive
3424,De'Vante Harris,De'Vante,Harris,CB,,Inactive
11638,Ricky Pearsall,Ricky,Pearsall,WR,SF,Inactive
12514,Emeka Egbuka,Emeka,Egbuka,WR,TB,Active
7605,Kyle Trask,Kyle,Trask,QB,,Active
1047,Kelcie McCray,Kelcie,McCray,SS,,Inactive
1668,Carson Tinker,Carson,Tinker,LS,,Active
7711,Tommy Togiai,Tommy,Togiai,DT,HOU,Active
4347,Daniel Henry,Daniel,Henry,FS,BAL,Active
8218,Max Borghi,Max,Borghi,RB,,Active
5312,Rick Leonard,Rick,Leonard,OT,,Active
13292,Lake McRee,Lake,McRee,TE,PIT,Active
3428,Mehdi Abdesmad,Mehdi,Abdesmad,DE,,Inactive
12791,Ryan Coe,Ryan,Coe,K,,Active
5741,Steven Parker,Steven,Parker,DB,,Active
263,Robert Mathis,Robert,Mathis,LB,,Inactive
6772,Anthony Weaver,Anthony,Weaver,,,Inactive
8461,Nicholas Petit-Frere,Nicholas,Petit-Frere,T,,Active
7435,Cameron Scarlett,Cameron,Scarlett,RB,,Active
8859,DQ Thomas,DQ,Thomas,LB,,Active
11094,Thomas Rush,Thomas,Rush,LB,,Active
11077,Jack Podlesny,Jack,Podlesny,K,,Active
4715,Darnell Leslie,Darnell,Leslie,DE,,Active
2059,Davon Coleman,Davon,Coleman,DT,,Inactive
11188,Ikenna Enechukwu,Ikenna,Enechukwu,DL,,Active
1891,Ryan Hewitt,Ryan,Hewitt,TE,,Inactive
13255,Shane Watts,Shane,Watts,RB,,Active
5794,Simeyon Robinson,Simeyon,Robinson,DE,,Active
12162,Ethan Driskell,Ethan,Driskell,OL,KC,Active
4789,Jarell Carter,Jarell,Carter,CB,,Active
2738,Ikponmwosa Igbinosun,Ikponmwosa,Igbinosun,DE,,Inactive
1325,Loni Fangupo,Loni,Fangupo,NT,,Inactive
6995,Carlos Davis,Carlos,Davis,DT,,Active
6317,Jacob Dolegala,Jacob,Dolegala,QB,,Active
7569,Nico Collins,Nico,Collins,WR,HOU,Active
8784,Devin Cochran,Devin,Cochran,OL,DET,Active
7765,Jonathon Cooper,Jonathon,Cooper,DL,DEN,Active
12247,Julian Pearl,Julian,Pearl,T,,Active
664,Will Allen,Will,Allen,SS,,Inactive
2273,Garry Gilliam,Garry,Gilliam,T,,Inactive
3421,Sterling Bailey,Sterling,Bailey,DE,,Active
242,Brent Grimes,Brent,Grimes,CB,,Inactive
12987,Kendall Paul,Kendall,Paul,DB,,Active
13766,Jack Stonehouse,Jack,Stonehouse,P,HOU,Active
13582,Anthony Smith,Anthony,Smith,WR,DAL,Active
11427,Christian Izien,Christian,Izien,DB,DET,Active
13679,Jalen McMurray,Jalen,McMurray,CB,TEN,Active
4820,David Rivers,David,Rivers,CB,,Inactive
4771,Greg Van Roten,Greg,Van Roten,OG,,Active
7833,Isaiahh Loudermilk,Isaiahh,Loudermilk,DE,MIN,Active
5364,Joshua Frazier,Joshua,Frazier,NT,,Active
872,Mike Mohamed,Mike,Mohamed,LB,,Inactive
2584,Austin Hill,Austin,Hill,WR,,Inactive
551,Jeff Linkenbach,Jeff,Linkenbach,T,,Injured Reserve
7708,Marco Wilson,Marco,Wilson,CB,MIA,Active
6688,Johnny Gibson,Johnny,Gibson,G,,Active
1295,Matthew Masifilo,Matthew,Masifilo,G,,Inactive
3173,Roger Goodell,Roger,Goodell,,,Inactive
6659,Craig Reynolds,Craig,Reynolds,RB,,Active
5573,Greer Martini,Greer,Martini,OLB,,Active
12108,Quinton Newsome,Quinton,Newsome,DB,ARI,Active
887,Denarius Moore,Denarius,Moore,WR,,Inactive
13792,Josh Thompson,Josh,Thompson,G,KC,Active
8090,Daniel Crawford,Daniel,Crawford,TE,,Active
7240,Kendall Futrell,Kendall,Futrell,DE,,Active
10963,Jakorian Bennett,Jakorian,Bennett,DB,PHI,Active
5344,Cornell Armstrong,Cornell,Armstrong,DB,,Inactive
11594,Player Invalid,Player,Invalid,TE,,Inactive
7168,Zane Lewis,Zane,Lewis,CB,,Active
3074,Cornelius Edison,Cornelius,Edison,C,,Inactive
13971,Caden Fordham,Caden,Fordham,LB,TB,Active
5731,Ruben Holcomb,Ruben,Holcomb,G,,Active
703,Kraig Urbik,Kraig,Urbik,C,,Inactive
4770,Duplicate Player,Duplicate,Player,WR,,Inactive
257,Husain Abdullah,Husain,Abdullah,FS,,Inactive
324,Eric Winston,Eric,Winston,G,,Inactive
9228,Bryce Young,Bryce,Young,QB,CAR,Active
12598,Jonah Savaiinaea,Jonah,Savaiinaea,OL,MIA,Active
4225,Tanner Vallejo,Tanner,Vallejo,LB,,Active
12487,Terrance Ferguson,Terrance,Ferguson,TE,LAR,Active
5727,Nick Thurman,Nick,Thurman,DE,,Active
3307,Joe Dahl,Joe,Dahl,G,,Active
8404,Ali Fayad,Ali,Fayad,DL,,Active
11198,Quavian White,Quavian,White,CB,,Active
8694,Henry Litwin,Henry,Litwin,WR,,Active
3272,Miles Killebrew,Miles,Killebrew,DB,TB,Active
6085,Jeff Allison,Jeff,Allison,ILB,,Active
7544,Player Invalid,Player,Invalid,RB,,Inactive
11671,Olu Fashanu,Olu,Fashanu,OL,NYJ,Active
5730,Mark Myers,Mark,Myers,CB,,Inactive
DAL,,Dallas,Cowboys,DEF,DAL,
10221,Ronnie Bell,Ronnie,Bell,WR,NO,Active
5087,JK Scott,JK,Scott,P,LAC,Active
1327,Ronald Leary,Ronald,Leary,G,,Active
11441,Thomas Incoom,Thomas,Incoom,LB,CAR,Active
6889,Colton McKivitz,Colton,McKivitz,OL,SF,Active
7277,Jamir Jones,Jamir,Jones,LB,,Active
658,Mike Nugent,Mike,Nugent,K,,Inactive
585,Austin Howard,Austin,Howard,T,,Inactive
1880,Lorenzo Taliaferro,Lorenzo,Taliaferro,RB,,Inactive
6195,Damon Sheehy-Guiseppi,Damon,Sheehy-Guiseppi,WR,,Active
1141,Melvin Ingram,Melvin,Ingram,LB,,Active
279,Devin Hester,Devin,Hester,WR,,Inactive
13484,Trey Moore,Trey,Moore,LB,MIA,Active
577,Danny McCray,Danny,McCray,SS,,Inactive
4131,Kenny Golladay,Kenny,Golladay,WR,,Active
5973,Josh Oliver,Josh,Oliver,TE,MIN,Active
12053,Tyreek Johnson,Tyreek,Johnson,DE,,Active
11464,McClendon Curtis,McClendon,Curtis,G,,Active
12041,Carl Jones,Carl,Jones,DL,BAL,Active
11367,Daewood Davis,Daewood,Davis,WR,,Inactive
309,Tracy Porter,Tracy,Porter,CB,,Inactive
11688,Kris Jenkins,Kris,Jenkins,DL,CIN,Active
2022,Daniel Sorensen,Daniel,Sorensen,DB,,Active
6870,Bryan Edwards,Bryan,Edwards,WR,,Active
11461,George Tarlas,George,Tarlas,DE,,Active
4206,Isaac Asiata,Isaac,Asiata,G,,Inactive
8408,Jordan Mason,Jordan,Mason,RB,MIN,Active
12884,Quincy Skinner,Quincy,Skinner,WR,NYJ,Active
8226,Greg Bell,Greg,Bell,RB,,Active
839,Cortez Allen,Cortez,Allen,CB,,Inactive
12163,Ryan Rehkow,Ryan,Rehkow,P,CIN,Active
13020,Jayson Jones,Jayson,Jones,DL,TB,Active
6158,Oli Udoh,Oli,Udoh,G,ARI,Active
3951,Justin Berger,Justin,Berger,WR,,Inactive
7300,Jovahn Fair,Jovahn,Fair,G,,Active
6228,Adarius Pickett,Adarius,Pickett,SS,,Active
1826,Tyler Larsen,Tyler,Larsen,C,,Active
12882,Nick Kubitz,Nick,Kubitz,LB,,Active
6632,Dan Godsil,Dan,Godsil,LS,,Inactive
5128,Logan Woodside,Logan,Woodside,QB,,Active
3627,Shaneil Jenkins,Shaneil,Jenkins,DE,,Inactive
13603,Gregory Desrosiers,Gregory,Desrosiers,RB,LAC,Active
8936,Tyrell Ford,Tyrell,Ford,CB,,Active
10869,Matt Landers,Matt,Landers,WR,,Active
11498,Tyler Murray,Tyler,Murray,LB,,Inactive
4505,Cameron Tom,Cameron,Tom,C,,Active
1504,Demontre Hurst,Demontre,Hurst,CB,,Inactive
7631,Christian Darrisaw,Christian,Darrisaw,T,MIN,Active
2401,Xavier Cooper,Xavier,Cooper,DT,,Inactive
11650,Luke McCaffrey,Luke,McCaffrey,WR,WAS,Active
11457,Trey Wolff,Trey,Wolff,K,,Active
12199,Bryce Gallagher,Bryce,Gallagher,LB,,Active
7235,Aleva Hifo,Aleva,Hifo,WR,,Active
7714,Dan Moore,Dan,Moore,OT,TEN,Active
5766,Sam Beal,Sam,Beal,CB,,Active
6314,Cam Lewis,Cam,Lewis,CB,CHI,Active
1782,Brian Folkerts,Brian,Folkerts,C,,Inactive
8798,Felix Harper,Felix,Harper,QB,,Active
5988,Mitch Hyatt,Mitch,Hyatt,OL,,Active
32,Jacob Tamme,Jacob,Tamme,TE,,Inactive
11879,Rayshad Williams,Rayshad,Williams,CB,,Active
12661,Jordan Hancock,Jordan,Hancock,DB,BUF,Active
624,Eugene Sims,Eugene,Sims,DE,,Inactive
6339,Jamal Davis,Jamal,Davis,DE,,Active
4366,Landon Lechler,Landon,Lechler,OT,,Active
3766,Michael Hunter,Michael,Hunter,CB,,Inactive
1961,Bryan Witzmann,Bryan,Witzmann,G,,Active
11894,Kyler Baugh,Kyler,Baugh,DL,PIT,Active
729,Jermelle Cudjo,Jermelle,Cudjo,DT,,Inactive
6168,John Ursua,John,Ursua,WR,,Inactive
6988,Raymond Calais,Raymond,Calais,RB,,Active
4195,Jake Elliott,Jake,Elliott,K,PHI,Active
1311,DeShawn Shead,DeShawn,Shead,CB,,Inactive
2635,Vernon Johnson,Vernon,Johnson,WR,,Active
11363,William Hooper,William,Hooper,CB,,Active
4679,Nick Usher,Nick,Usher,OLB,,Active
3645,Tyler Marz,Tyler,Marz,G,,Inactive
13296,Caleb Douglas,Caleb,Douglas,WR,MIA,Active
6263,Trevor Wood,Trevor,Wood,TE,,Active
1537,Joplo Bartu,Joplo,Bartu,LB,,Inactive
7021,Rico Dowdle,Rico,Dowdle,RB,PIT,Active
10878,Deonte Banks,Deonte,Banks,DB,NYG,Active
11301,Braxton Westfield,Braxton,Westfield,WR,,Active
3892,Jarvis Turner,Jarvis,Turner,WR,,Inactive
8022,Drew Himmelman,Drew,Himmelman,OT,,Active
3102,BJ Lowery,BJ,Lowery,CB,,Inactive
11895,Mason Tipton,Mason,Tipton,WR,NO,Active
12895,Malik Verdon,Malik,Verdon,DB,ATL,Active
13902,Damon Payne,Damon,Payne,DT,KC,Active
13852,Dontae McMillan,Dontae,McMillan,RB,BAL,Active
35,Desmond Bishop,Desmond,Bishop,ILB,,Inactive
6281,John Keenoy,John,Keenoy,C,,Inactive
230,Robert Meachem,Robert,Meachem,WR,,Inactive
2396,Chaz Green,Chaz,Green,T,,Active
5202,Jaryd Jones-Smith,Jaryd,Jones-Smith,T,,Active
7228,Ahmad Wagner,Ahmad,Wagner,WR,,Inactive
5260,Vyncint Smith,Vyncint,Smith,WR,,Active
1701,Eric Rogers,Eric,Rogers,WR,,Active
13622,Monkell Goodwine,Monkell,Goodwine,DL,,Active
11630,Roman Wilson,Roman,Wilson,WR,PIT,Active
1606,Jumal Rolle,Jumal,Rolle,CB,,Inactive
8565,Bryce Watts,Bryce,Watts,CB,,Active
13605,Noah Avinger,Noah,Avinger,DB,LAC,Active
7129,Blake Brandel,Blake,Brandel,T,MIN,Active
7083,Tyler Huntley,Tyler,Huntley,QB,BAL,Active
764,Derek Hagan,Derek,Hagan,WR,,Inactive
12735,Caleb Lohner,Caleb,Lohner,TE,DEN,Active
12393,Nik Constantinou,Nik,Constantinou,P,CLE,Active
11798,Zion Logue,Zion,Logue,DL,BUF,Active
726,Tyler Polumbus,Tyler,Polumbus,T,,Inactive
1463,Knile Davis,Knile,Davis,RB,,Inactive
12774,Joe Huber,Joe,Huber,OG,MIN,Active
12288,Mathieu Severance,Mathieu,Severance,RB,,Active
7570,Player Invalid,Player,Invalid,WR,,Inactive
2636,Jarred Haggins,Jarred,Haggins,WR,,Active
12449,Jack Wilson,Jack,Wilson,T,,Active
8137,George Pickens,George,Pickens,WR,DAL,Active
800,Aaron Williams,Aaron,Williams,SS,,Inactive
5987,Alexander Mattison,Alexander,Mattison,RB,,Active
12046,Chevan Cordeiro,Chevan,Cordeiro,QB,,Active
8748,TJ Carter,TJ,Carter,DB,,Active
383,Robert Ayers,Robert,Ayers,DE,,Inactive
13874,Mory Bamba,Mory,Bamba,CB,NYJ,Active
7221,Mike Horton,Mike,Horton,G,,Active
12127,Duke Clemens,Duke,Clemens,OL,,Active
940,Andre Holmes,Andre,Holmes,WR,,Inactive
8062,Coy Cronk,Coy,Cronk,T,,Active
5793,Davond Dade,Davond,Dade,DE,,Active
5430,Timon Parris,Timon,Parris,T,,Active
7665,Landon Dickerson,Landon,Dickerson,OL,PHI,Active
903,Chris Jones,Chris,Jones,P,,Active
3062,Sean Payton,Sean,Payton,,,Inactive
6396,Austin Fort,Austin,Fort,TE,,Active
3264,Joshua Perry,Joshua,Perry,ILB,,Inactive
12697,Antwaun Powell-Ryland,Antwaun,Powell-Ryland,DE,CIN,Active
11672,JC Latham,JC,Latham,OL,TEN,Active
4609,Matthew Godin,Matthew,Godin,DE,,Active
3909,Sam Ficken,Sam,Ficken,K,,Active
13729,Olasunkonmi Agunloye,Olasunkonmi,Agunloye,DT,,Active
2946,Diandre Campbell,Diandre,Campbell,WR,,Inactive
2489,Tony Steward,Tony,Steward,LB,,Inactive
495,Michael Bennett,Michael,Bennett,DE,,Injured Reserve
8179,Snoop Conner,Snoop,Conner,RB,,Active
12066,Elijah Collins,Elijah,Collins,RB,,Active
5070,Jordan Lasley,Jordan,Lasley,WR,,Inactive
3700,Arjen Colquhoun,Arjen,Colquhoun,CB,,Inactive
11504,Jose Barbon,Jose,Barbon,WR,,Active
8405,Tariq Carpenter,Tariq,Carpenter,DB,,Active
791,Cedric Thornton,Cedric,Thornton,DT,,Inactive
5962,KeeSean Johnson,KeeSean,Johnson,WR,,Active
4616,Gimel President,Gimel,President,OLB,,Inactive
8135,Treylon Burks,Treylon,Burks,WR,WAS,Active
8683,Joey Blount,Joey,Blount,DB,ARI,Active
5450,Skai Moore,Skai,Moore,LB,,Active
4425,Jason King,Jason,King,G,,Active
2012,Chase Vaughn,Chase,Vaughn,ILB,,Inactive
7053,Daniel Thomas,Daniel,Thomas,DB,CLE,Active
7694,Tommy Tremble,Tommy,Tremble,TE,CAR,Active
8656,Tyshaun James,Tyshaun,James,WR,,Active
12102,Andre' Sam,Andre',Sam,DB,PHI,Active
7418,Broc Rutter,Broc,Rutter,QB,,Active
13606,Jahmeer Carter,Jahmeer,Carter,DL,LAC,Active
5304,Brian Allen,Brian,Allen,OL,,Inactive
6153,Dexter Williams,Dexter,Williams,RB,,Active
13053,Daniel Jackson,Daniel,Jackson,WR,,Active
5418,D'Juan Hines,D'Juan,Hines,OLB,,Inactive
9484,Tucker Kraft,Tucker,Kraft,TE,GB,Active
838,Phillip Taylor,Phillip,Taylor,NT,,Inactive
6198,Andrew Ankrah,Andrew,Ankrah,DE,,Active
10215,Jake Haener,Jake,Haener,QB,,Active
2574,Duplicate Player,Duplicate,Player,DE,,Inactive
6436,Malik Reed,Malik,Reed,LB,,Active
3401,Tyler Matakevich,Tyler,Matakevich,LB,,Active
11597,Theo Johnson,Theo,Johnson,TE,NYG,Active
1090,Robert Golden,Robert,Golden,SS,,Inactive
12092,Josh DeBerry,Josh,DeBerry,CB,,Active
7695,Osa Odighizuwa,Osa,Odighizuwa,DT,SF,Active
11270,Hassan Hall,Hassan,Hall,RB,,Active
13056,David Gbenda,David,Gbenda,LB,,Active
5076,John Kelly,John,Kelly,RB,,Active
6091,Jovon Durante,Jovon,Durante,WR,,Inactive
11576,Braelon Allen,Braelon,Allen,RB,NYJ,Active
3556,Christian Powell,Christian,Powell,RB,,Active
12647,Billy Bowman,Billy,Bowman,DB,ATL,Active
1602,Jesse Williams,Jesse,Williams,DT,,Inactive
8169,Tre Turner,Tre,Turner,WR,,Active
11980,Ja'Mion Franklin,Ja'Mion,Franklin,DT,,Active
7681,Baron Browning,Baron,Browning,LB,ARI,Active
4474,Korren Kirven,Korren,Kirven,OT,,Inactive
6425,Justice Powers,Justice,Powers,G,,Active
12555,Donovan Jackson,Donovan,Jackson,OL,MIN,Active
425,Clay Matthews,Clay,Matthews,LB,,Active
7625,Joe Tryon-Shoyinka,Joe,Tryon-Shoyinka,LB,,Inactive
5629,Kevin Toliver,Kevin,Toliver,CB,,Active
10923,Dorian Williams,Dorian,Williams,LB,BUF,Active
2548,Akeem King,Akeem,King,CB,,Active
6371,Drew Anderson,Drew,Anderson,QB,,Active
398,Matt Shaughnessy,Matt,Shaughnessy,DE,,Inactive
756,Bryan McCann,Bryan,McCann,CB,,Inactive
13325,Jordan Hudson,Jordan,Hudson,WR,DAL,Active
7596,Elijah Moore,Elijah,Moore,WR,PHI,Active
2379,Owamagbe Odighizuwa,Owamagbe,Odighizuwa,DE,,Inactive
1021,Michael McAdoo,Michael,McAdoo,ILB,,Inactive
7748,Dwayne Johnson,Dwayne,Johnson,DB,NYG,Inactive
8799,Zaire Mitchell-Paden,Zaire,Mitchell-Paden,TE,NO,Active
8146,Garrett Wilson,Garrett,Wilson,WR,NYJ,Active
13092,Steven Losoya,Steven,Losoya,OL,,Active
5262,Steve Ishmael,Steve,Ishmael,WR,,Inactive
11552,Durell Nchami,Durell,Nchami,LB,IND,Active
6040,Tyree Jackson,Tyree,Jackson,TE,,Active
11390,Jake Guidone,Jake,Guidone,OG,,Active
472,Darius Butler,Darius,Butler,FS,,Inactive
8543,Drew Estrada,Drew,Estrada,WR,,Active
5209,Mike Boone,Mike,Boone,RB,,Active
4739,Jack Lynn,Jack,Lynn,OLB,,Active
6092,Venzell Boulware,Venzell,Boulware,G,,Inactive
4663,Austin Ekeler,Austin,Ekeler,RB,,Active
1569,Barrett Jones,Barrett,Jones,C,,Inactive
2734,Todd Thomas,Todd,Thomas,ILB,,Active
7286,Marvelle Ross,Marvelle,Ross,WR,,Inactive
13678,Jack Pyburn,Jack,Pyburn,DE,TB,Active
13028,Elliott Davison,Elliott,Davison,DB,NO,Active
867,Orlando Franklin,Orlando,Franklin,G,,Inactive
1645,Sam Brenner,Sam,Brenner,C,,Inactive
2203,Nic Jacobs,Nic,Jacobs,TE,,Inactive
9511,Keaton Mitchell,Keaton,Mitchell,RB,LAC,Active
1159,Riley Reiff,Riley,Reiff,T,,Active
1059,Bobby Rainey,Bobby,Rainey,RB,,Inactive
11121,AJ Finley,AJ,Finley,DB,SEA,Active
943,Kyle Rudolph,Kyle,Rudolph,TE,,Active
11093,David Perales,David,Perales,LB,,Inactive
6802,A.J. Epenesa,A.J.,Epenesa,DE,PHI,Active
13311,Chris Bell,Chris,Bell,WR,MIA,Active
13560,Uar Bernard,Uar,Bernard,DT,PHI,Active
6182,Jordan Wyatt,Jordan,Wyatt,CB,,Active
11375,Jarrett Horst,Jarrett,Horst,OL,,Active
7521,Chris Blair,Chris,Blair,WR,ATL,Active
13954,Izavion Miller,Izavion,Miller,G,CLE,Active
5902,Penny Hart,Penny,Hart,WR,,Inactive
5717,Manase Hungalu,Manase,Hungalu,OLB,,Active
7352,Matt Cole,Matt,Cole,WR,,Active
12543,Tahj Brooks,Tahj,Brooks,RB,CIN,Active
8017,Evan Heim,Evan,Heim,OG,,Active
5944,Bobby Okereke,Bobby,Okereke,LB,,Active
6240,Ron'quavion Tarver,Ron'quavion,Tarver,WR,,Inactive
1744,Robert Lester,Robert,Lester,SS,,Inactive
1217,Laron Byrd,Laron,Byrd,WR,,Inactive
1980,Luke Bowanko,Luke,Bowanko,C,,Inactive
7438,Kristian Wilkerson,Kristian,Wilkerson,WR,,Active
7289,Doug Costin,Doug,Costin,DT,,Active
4092,Dalvin Tomlinson,Dalvin,Tomlinson,DT,LAC,Active
3220,Jarran Reed,Jarran,Reed,DT,SEA,Active
8020,Curtis Robinson,Curtis,Robinson,LB,DAL,Active
10939,Jay Ward,Jay,Ward,DB,MIN,Active
2613,Tyrell Adams,Tyrell,Adams,LB,,Active
690,Dekoda Watson,Dekoda,Watson,LB,,Active
6896,Amik Robertson,Amik,Robertson,CB,WAS,Active
6795,Ross Blacklock,Ross,Blacklock,DT,,Active
8789,Tariqious Tisdale,Tariqious,Tisdale,DT,,Active
1717,Casey Walker,Casey,Walker,DT,,Inactive
11684,Blake Fisher,Blake,Fisher,OL,HOU,Active
13299,Nate Boerkircher,Nate,Boerkircher,TE,JAX,Active
736,Joique Bell,Joique,Bell,RB,,Inactive
11244,Kenneth Odumegwu,Kenneth,Odumegwu,DL,,Active
7197,Kristian Welch,Kristian,Welch,LB,GB,Active
12059,Michael Dowell,Michael,Dowell,DB,,Active
2436,DeAndre Smelter,DeAndre,Smelter,WR,,Inactive
423,Brad Jones,Brad,Jones,LB,,Inactive
6055,Natrez Patrick,Natrez,Patrick,LB,,Active
6349,Jayson Stanley,Jayson,Stanley,CB,,Inactive
12680,Rylie Mills,Rylie,Mills,DL,SEA,Active
12734,Donte Kent,Donte,Kent,CB,PIT,Active
8186,Devon Williams,Devon,Williams,WR,,Active
6428,Taylor Cornelius,Taylor,Cornelius,QB,,Inactive
2377,Jamon Brown,Jamon,Brown,G,,Active
4233,Zane Gonzalez,Zane,Gonzalez,K,MIA,Active
6104,Alijah Holder,Alijah,Holder,DB,,Active
11146,Christopher Dunn,Christopher,Dunn,K,,Active
13213,Lucas Scott,Lucas,Scott,FB,BAL,Active
8208,Tyler Badie,Tyler,Badie,RB,DEN,Active
1855,Shaquelle Evans,Shaquelle,Evans,WR,,Active
1604,Nick Williams,Nick,Williams,WR,DEN,Active
3817,Marcus Tucker,Marcus,Tucker,WR,,Inactive
13921,Isiah King,Isiah,King,LB,,Active
6899,Terence Steele,Terence,Steele,T,DAL,Active
13386,D'Angelo Ponds,D'Angelo,Ponds,DB,NYJ,Active
WAS,,Washington,Commanders,DEF,WAS,
3437,Lloyd Carrington,Lloyd,Carrington,CB,,Active
13620,Brett Thorson,Brett,Thorson,P,MIN,Active
13734,Trevonte Sylvester,Trevonte,Sylvester,OT,,Active
8908,Brandon Lewis,Brandon,Lewis,WR,,Active
4948,Orlando Brown,Orlando,Brown,T,CIN,Active
1536,Xavier Rhodes,Xavier,Rhodes,CB,,Active
8750,Michael Niese,Michael,Niese,G,DET,Active
6283,Corey Ballentine,Corey,Ballentine,CB,JAX,Active
11047,Raymond Vohasek,Raymond,Vohasek,DT,,Active
11586,Blake Corum,Blake,Corum,RB,LAR,Active
1644,Jeff Tuel,Jeff,Tuel,QB,,Inactive
3998,Joe Woods,Joe,Woods,,,Inactive
11139,Elijah Cooks,Elijah,Cooks,WR,,Active
6389,Keenen Brown,Keenen,Brown,TE,,Active
2243,Bruce Gaston,Bruce,Gaston,DT,,Injured Reserve
12272,Travis Blackshear,Travis,Blackshear,CB,,Active
7339,J.J. Koski,J.J.,Koski,WR,,Active
12044,Garret Greenfield,Garret,Greenfield,OT,,Active
7124,Bravvion Roy,Bravvion,Roy,DT,,Active
12695,Robert Longerbeam,Robert,Longerbeam,DB,BAL,Active
8225,Daniel Bellinger,Daniel,Bellinger,TE,TEN,Active
13909,Elijah Tau-Tolliver,Elijah,Tau-Tolliver,RB,BAL,Active
11379,Noah Henderson,Noah,Henderson,OL,,Active
3771,Helva Matungulu,Helva,Matungulu,DE,,Inactive
12959,Bryce Pierre,Bryce,Pierre,TE,,Inactive
7148,TJ Brunson,TJ,Brunson,LB,,Active
5938,Lil'Jordan Humphrey,Lil'Jordan,Humphrey,WR,DEN,Active
1300,Kaelin Burnett,Kaelin,Burnett,OLB,,Inactive
12648,Cody Simon,Cody,Simon,LB,ARI,Active
8252,Travell Harris,Travell,Harris,WR,,Active
12424,Derek Slywka,Derek,Slywka,DB,,Active
12065,Eric Miller,Eric,Miller,OL,,Active
4714,Tevin Homer,Tevin,Homer,CB,,Active
7814,Cameron McGrone,Cameron,McGrone,LB,LV,Active
13619,Marcus Sanders,Marcus,Sanders,WR,MIN,Active
7801,Quinton Bohanna,Quinton,Bohanna,DT,JAX,Active
5383,Jalen Tolliver,Jalen,Tolliver,WR,,Inactive
5074,Micah Kiser,Micah,Kiser,LB,,Inactive
6070,Jimmy Moreland,Jimmy,Moreland,CB,,Inactive
692,Jay Feely,Jay,Feely,K,,Inactive
12064,Lance Robinson,Lance,Robinson,DB,,Active
6572,Aaron Monteiro,Aaron,Monteiro,OT,,Active
12315,Tairiq Stewart,Tairiq,Stewart,OT,,Active
4322,Dalton Crossan,Dalton,Crossan,RB,,Inactive
12504,Kaleb Johnson,Kaleb,Johnson,RB,PIT,Active
12585,James Pearce,James,Pearce,DL,ATL,Active
1362,Josh Boyce,Josh,Boyce,WR,,Inactive
3051,Rob Crisp,Rob,Crisp,OT,,Inactive
12079,Treyton Welch,Treyton,Welch,TE,NO,Active
3661,Cory Johnson,Cory,Johnson,NT,,Active
7979,Ryan Neuzil,Ryan,Neuzil,OL,ATL,Active
11925,Terique Owens,Terique,Owens,WR,,Active
11477,LJ Davis,LJ,Davis,CB,,Active
1683,Charles James,Charles,James,CB,,Inactive
7065,Eli Wolf,Eli,Wolf,TE,,Inactive
596,Bryan Bulaga,Bryan,Bulaga,T,LAC,Inactive
5950,Nyqwan Murray,Nyqwan,Murray,WR,,Active
6690,Duplicate Player,Duplicate,Player,CB,PHI,Inactive
3476,Johnny Holton,Johnny,Holton,WR,,Active
166,Josh Cribbs,Josh,Cribbs,WR,,Injured Reserve
7007,Tyler Higby,Tyler,Higby,OL,,Active
7358,Jake Bargas,Jake,Bargas,FB,,Active
3902,Nolan Frese,Nolan,Frese,LS,,Inactive
7440,Aaron Brewer,Aaron,Brewer,OL,MIA,Active
11346,Zach Morton,Zach,Morton,DL,,Active
3400,Clayton Fejedelem,Clayton,Fejedelem,DB,,Active
2442,Rashad Greene,Rashad,Greene,WR,,Inactive
12474,Woody Marks,Woody,Marks,RB,HOU,Active
6773,Dante Scarnecchia,Dante,Scarnecchia,,,Inactive
6414,Bunchy Stallings,Bunchy,Stallings,C,,Active
5869,Michael Jordan,Michael,Jordan,G,PHI,Active
4572,Joe Jones,Joe,Jones,LB,,Active
2779,Ladarius Gunter,Ladarius,Gunter,CB,,Inactive
618,Arrelious Benn,Arrelious,Benn,WR,,Inactive
4545,Keith Towbridge,Keith,Towbridge,TE,,Active
11106,Nick Anderson,Nick,Anderson,LB,,Active
5637,Garrett Johnson,Garrett,Johnson,WR,,Active
7391,Bryce Huff,Bryce,Huff,DE,,Active
8380,Thomas Booker,Thomas,Booker,DL,LV,Active
2142,Rajion Neal,Rajion,Neal,RB,,Active
5274,Roc Thomas,Roc,Thomas,RB,,Inactive
11446,Henry Byrd,Henry,Byrd,G,MIN,Active
4498,Aarion Penton,Aarion,Penton,CB,,Active
5750,Garrett Hudson,Garrett,Hudson,TE,,Active
5579,D'Montre Wade,D'Montre,Wade,CB,,Active
2813,Trovon Reed,Trovon,Reed,CB,,Inactive
6531,Jake Carlock,Jake,Carlock,LB,,Active
687,Ashlee Palmer,Ashlee,Palmer,OLB,,Inactive
7270,Will Sunderland,Will,Sunderland,CB,,Active
438,Nick Hayden,Nick,Hayden,DT,,Inactive
3533,Terrell Chestnut,Terrell,Chestnut,CB,,Active
11016,Malaesala Aumavae-Laulu,Malaesala,Aumavae-Laulu,OL,WAS,Active
555,Don Carey,Don,Carey,FS,,Inactive
4213,Nate Gerry,Nate,Gerry,LB,,Active
4297,Jarnor Jones,Jarnor,Jones,ILB,,Active
3381,Jonathan Woodard,Jonathan,Woodard,DE,,Active
4119,ArDarius Stewart,ArDarius,Stewart,WR,,Inactive
11644,Cody Schrader,Cody,Schrader,RB,DEN,Active
6465,Thomas Ives,Thomas,Ives,WR,CHI,Inactive
3109,Ted Monachino,Ted,Monachino,,,Inactive
5551,Jimmy Murray,Jimmy,Murray,OL,,Active
8320,A.Hansford Hansford,A.Hansford,Hansford,LB,,Active
5788,Dante Sawyer,Dante,Sawyer,DE,,Inactive
4040,JuJu Smith-Schuster,JuJu,Smith-Schuster,WR,NYG,Active
5342,Marquis Haynes,Marquis,Haynes,DE,,Active
656,Cory Redding,Cory,Redding,DT,,Inactive
11882,Ja'Quan Sheppard,Ja'Quan,Sheppard,DB,,Active
10889,Tyree Wilson,Tyree,Wilson,LB,NO,Active
3082,Gus Bradley,Gus,Bradley,,,Inactive
8206,Skylar Thompson,Skylar,Thompson,QB,BAL,Active
7316,Darius Bradwell,Darius,Bradwell,RB,,Active
12193,Max Tooley,Max,Tooley,LB,,Active
437,Everette Brown,Everette,Brown,ILB,,Inactive
12171,British Brooks,British,Brooks,RB,HOU,Active
2592,Grady Jarrett,Grady,Jarrett,DT,CHI,Active
1710,Gerald Rivers,Gerald,Rivers,DE,,Inactive
5771,Kiante Anderson,Kiante,Anderson,DE,,Active
2491,Ian Silberman,Ian,Silberman,G,,Inactive
14061,Jeremiah Franklin,Jeremiah,Franklin,TE,NE,Active
11214,Tanner Morgan,Tanner,Morgan,QB,,Active
13201,TJ Moore,TJ,Moore,CB,,Active
1246,Dominique Jones,Dominique,Jones,TE,,Inactive
6179,Jahlani Tavai,Jahlani,Tavai,LB,,Active
7051,Grayland Arnold,Grayland,Arnold,DB,,Inactive
5110,Russell Gage,Russell,Gage,WR,,Active
3159,Laremy Tunsil,Laremy,Tunsil,OL,WAS,Active
1586,Corey Lemonier,Corey,Lemonier,DE,,Injured Reserve
13757,Kelvin Gilliam,Kelvin,Gilliam,DT,DAL,Active
6363,Michael Walker,Michael,Walker,WR,,Active
11354,D'Anthony Jones,D'Anthony,Jones,DL,,Active
3321,Tyreek Hill,Tyreek,Hill,WR,,Active
6458,Tyree St. Louis,Tyree,St. Louis,OT,,Active
605,Everson Griffen,Everson,Griffen,DE,,Active
1210,Audie Cole,Audie,Cole,LB,,Inactive
8013,Tim Jones,Tim,Jones,WR,JAX,Active
53,John Kuhn,John,Kuhn,FB,,Inactive
2443,Ben Heeney,Ben,Heeney,LB,,Injured Reserve
4571,Blake Jarwin,Blake,Jarwin,TE,,Active
13074,Isaiah Neyor,Isaiah,Neyor,WR,GB,Active
11033,Isaiah Bolden,Isaiah,Bolden,CB,,Active
4226,Alex Armah,Alex,Armah,FB,,Active
4527,Tre'von Johnson,Tre'von,Johnson,OLB,,Inactive
12382,Jake Kubas,Jake,Kubas,OG,NYG,Active
636,Chris Maragos,Chris,Maragos,SS,,Inactive
12198,Wayne Ruby,Wayne,Ruby,WR,,Active
13415,Haynes King,Haynes,King,QB,CAR,Active
7069,Alohi Gilman,Alohi,Gilman,DB,KC,Active
5815,Chris Jones,Chris,Jones,CB,,Active
6185,Easton Stick,Easton,Stick,QB,IND,Active
12224,David White,David,White,WR,,Active
13593,Taurean York,Taurean,York,LB,DEN,Active
2655,Nick Dzubnar,Nick,Dzubnar,LB,,Active
5048,Isaac Yiadom,Isaac,Yiadom,CB,NO,Active
6361,Raphael Leonard,Raphael,Leonard,WR,,Active
4153,Jordan Leggett,Jordan,Leggett,TE,,Inactive
12387,Leonard Payne,Leonard,Payne,DT,,Active
LAC,,Los Angeles,Chargers,DEF,LAC,
8532,Mike Brown,Mike,Brown,DB,NE,Active
487,Ricky Jean-Francois,Ricky,Jean-Francois,DT,,Inactive
11081,Cephus Johnson,Cephus,Johnson,WR,,Active
2210,Pierre Warren,Pierre,Warren,FS,,Inactive
5105,Chris Campbell,Chris,Campbell,CB,,Active
141,Kevin Reddick,Kevin,Reddick,LB,,Inactive
239,Cullen Jenkins,Cullen,Jenkins,DT,,Inactive
12241,Al Blades,Al,Blades,DB,,Active
8197,Peyton Hendershot,Peyton,Hendershot,TE,,Active
6664,A.J. Ouellette,A.J.,Ouellette,RB,,Active
12328,Shawn Preston,Shawn,Preston,DB,,Active
11666,Amarius Mims,Amarius,Mims,OL,CIN,Active
2216,Mike Evans,Mike,Evans,WR,SF,Active
6682,Kareem Orr,Kareem,Orr,DB,LAR,Active
10982,Mike Morris,Mike,Morris,DE,SEA,Active
7562,Tutu Atwell,Tutu,Atwell,WR,MIA,Active
985,Sealver Siliga,Sealver,Siliga,DT,,Inactive
2777,Tavarus Dantzler,Tavarus,Dantzler,OLB,,Active
2429,Kwon Alexander,Kwon,Alexander,LB,,Active
6959,LeVante Bellamy,LeVante,Bellamy,RB,,Active
2674,Paul Browning,Paul,Browning,WR,,Active
4211,Dylan Donahue,Dylan,Donahue,OLB,,Inactive
11357,Tyler Adams,Tyler,Adams,WR,,Active
13640,Alan Herron,Alan,Herron,OT,NO,Active
4087,Teez Tabor,Teez,Tabor,DB,,Active
3470,Paul McRoberts,Paul,McRoberts,WR,,Inactive
4691,Dante Blackmon,Dante,Blackmon,CB,,Active
10946,Jon Gaines,Jon,Gaines,OL,ARI,Active
12708,Jalen McLeod,Jalen,McLeod,DE,JAX,Active
46,Michael Griffin,Michael,Griffin,FS,,Inactive
11847,James Williams,James,Williams,DB,TEN,Active
3195,Noah Spence,Noah,Spence,DE,,Active
7149,Tommy Stevens,Tommy,Stevens,TE,NYG,Active
4070,T.J. Watt,T.J.,Watt,LB,PIT,Active
11087,Trevor Downing,Trevor,Downing,C,,Active
13823,Kapena Gushiken,Kapena,Gushiken,DB,PHI,Active
5611,Tyrell Chavis,Tyrell,Chavis,NT,,Active
6747,Fisayo Awolaja,Fisayo,Awolaja,G,,Active
4509,Chris Casher,Chris,Casher,OLB,,Active
2029,T.J. Carrie,T.J.,Carrie,CB,,Active
1551,Austin Johnson,Austin,Johnson,FB,,Inactive
8817,Nolan Givan,Nolan,Givan,TE,,Active
3070,Rob Ryan,Rob,Ryan,,,Inactive
2434,Jake Ryan,Jake,Ryan,LB,,Active
2951,Tom Hornsey,Tom,Hornsey,P,,Inactive
6289,Duke Shelley,Duke,Shelley,DB,,Active
6944,Tremayne Anchrum,Tremayne,Anchrum,OL,,Active
1128,Derek Wolfe,Derek,Wolfe,DE,,Active
13855,Austin Blaske,Austin,Blaske,OL,LAR,Active
105,Brandon Carr,Brandon,Carr,CB,,Active
6673,Patrick Vahe,Patrick,Vahe,G,,Active
5449,Chris Cooper,Chris,Cooper,DB,,Active
8132,Tyler Allgeier,Tyler,Allgeier,RB,ARI,Active
991,Jeron Johnson,Jeron,Johnson,SS,,Inactive
5762,Josh Smith,Josh,Smith,WR,,Inactive
1915,Rob Blanchflower,Rob,Blanchflower,TE,,Inactive
8593,Drew White,Drew,White,LB,,Active
12523,Jimmy Horn,Jimmy,Horn,WR,CAR,Active
3157,William Fuller,William,Fuller,WR,,Active
13401,Michael Trigg,Michael,Trigg,TE,DAL,Active
8254,Julius Chestnut,Julius,Chestnut,RB,TEN,Active
5288,Donnie Ernsberger,Donnie,Ernsberger,TE,TEN,Inactive
13039,Reid Holskey,Reid,Holskey,OL,DEN,Active
1790,Blake Annen,Blake,Annen,TE,,Inactive
13261,Layne Pryor,Layne,Pryor,TE,HOU,Active
7271,Henry Black,Henry,Black,DB,,Active
2894,Josh Watson,Josh,Watson,LB,,Active
8107,Nikola Kalinic,Nikola,Kalinic,TE,CHI,Active
11172,Shae Wyatt,Shae,Wyatt,WR,,Active
6779,Jordan Harris,Jordan,Harris,WR,,Active
12489,RJ Harvey,RJ,Harvey,RB,DEN,Active
3747,Cory Littleton,Cory,Littleton,LB,,Active
8682,Duplicate Player,Duplicate,Player,,,
350,Mark Sanchez,Mark,Sanchez,QB,,Injured Reserve
4840,Reese Fleming,Reese,Fleming,CB,,Inactive
4324,Trey Griffey,Trey,Griffey,WR,,Active
2467,Lorenzo Doss,Lorenzo,Doss,CB,,Inactive
544,Kareem Jackson,Kareem,Jackson,DB,,Active
10858,Alex Quevedo,Alex,Quevedo,K,,Active
4713,C.J. Robbins,C.J.,Robbins,DE,,Active
628,Daryl Washington,Daryl,Washington,ILB,,Inactive
3450,Devaunte Sigler,Devaunte,Sigler,DT,,Active
7684,Jalen Mayfield,Jalen,Mayfield,OL,,Active
352,Chase Coffman,Chase,Coffman,TE,,Inactive
704,Reggie Nelson,Reggie,Nelson,FS,,Inactive
2650,Ty Long,Ty,Long,P,,Active
963,Luke Stocker,Luke,Stocker,TE,,Active
8807,Big Kat Bryant,Big Kat,Bryant,DE,,Active
7244,Ja'Marcus Bradley,Ja'Marcus,Bradley,WR,,Inactive
2387,Lorenzo Mauldin,Lorenzo,Mauldin,LB,,Inactive
4590,Orion Stewart,Orion,Stewart,SS,,Active
3398,Kenny Lawler,Kenny,Lawler,WR,,Active
5294,Mikah Holder,Mikah,Holder,WR,,Active
4897,Dean Pees,Dean,Pees,,,Inactive
5227,Tanner Carew,Tanner,Carew,LS,,Active
4251,Tanzel Smart,Tanzel,Smart,DT,,Active
420,Marquand Manuel,Marquand,Manuel,SS,,Inactive
11424,Keenan Isaac,Keenan,Isaac,CB,,Active
7256,Hunter Watts,Hunter,Watts,OT,,Inactive
4519,Devine Redding,Devine,Redding,RB,,Active
12624,Caleb Rogers,Caleb,Rogers,OL,LV,Active
3358,Anthony Zettel,Anthony,Zettel,DE,,Injured Reserve
5259,Lavon Coleman,Lavon,Coleman,RB,,Inactive
1333,Russell Shepard,Russell,Shepard,WR,,Active
1681,George Winn,George,Winn,RB,,Inactive
12748,Major Burns,Major,Burns,DB,MIA,Active
1972,Henoc Muamba,Henoc,Muamba,ILB,,Inactive
6077,Phil Haynes,Phil,Haynes,OG,,Active
11641,Lwal  Uguak,Lwal ,Uguak,DT,,Active
2106,David Fales,David,Fales,QB,,Active
2982,Quinton Spain,Quinton,Spain,G,,Active
7107,Jason Huntley,Jason,Huntley,RB,,Active
13496,Devin Moore,Devin,Moore,CB,DAL,Active
7998,Riley Cole,Riley,Cole,LB,,Active
12283,Dylan McDuffie,Dylan,McDuffie,RB,,Active
410,Moise Fokou,Moise,Fokou,ILB,,Inactive
11343,Starling Thomas,Starling,Thomas,CB,ARI,Active
7121,Justin Rohrwasser,Justin,Rohrwasser,K,,Inactive
3877,Kelsey Young,Kelsey,Young,RB,,Inactive
2161,Jerick McKinnon,Jerick,McKinnon,RB,,Active
8157,Bailey Zappe,Bailey,Zappe,QB,NYJ,Active
13960,Ja'Qurious Conley,Ja'Qurious,Conley,DB,,Active
12388,Jordan Colbert,Jordan,Colbert,DB,,Active
62,Trent Cole,Trent,Cole,LB,,Inactive
1475,Sio Moore,Sio,Moore,LB,,Inactive
12552,Walter Nolen,Walter,Nolen,DL,ARI,Active
8667,Eric Wilson,Eric,Wilson,OL,,Inactive
13031,Jasheen Davis,Jasheen,Davis,DE,,Active
4873,Kris Richard,Kris,Richard,,,Inactive
8223,Velus Jones,Velus,Jones,WR,SEA,Active
11075,Jacky Chen,Jacky,Chen,OL,,Active
8666,Darrell Baker,Darrell,Baker,CB,MIA,Active
2988,Tevin Mitchel,Tevin,Mitchel,CB,,Active
4386,Lenzy Pipkins,Lenzy,Pipkins,CB,,Inactive
8427,Player Invalid,Player,Invalid,RB,,Inactive
7130,Cassh Maluia,Cassh,Maluia,LB,,Active
1490,Terrance Williams,Terrance,Williams,WR,,Inactive
7094,Lirim Hajrullahu,Lirim,Hajrullahu,K,,Active
12024,Sunny Anderson,Sunny,Anderson,DE,,Active
4072,Tre'Davious White,Tre'Davious,White,CB,,Active
2700,Levi Norwood,Levi,Norwood,WR,,Inactive
8743,Andrzej Hughes-Murray,Andrzej,Hughes-Murray,LB,,Active
13587,Parker Hughes,Parker,Hughes,LB,JAX,Active
7001,Brian Herrien,Brian,Herrien,RB,,Active
5181,Chandon Sullivan,Chandon,Sullivan,CB,,Active
232,Frank Gore,Frank,Gore,RB,,Active
3314,Brandon Shell,Brandon,Shell,T,,Active
3337,Tyrone Holmes,Tyrone,Holmes,DE,,Inactive
3189,Eli Apple,Eli,Apple,CB,,Active
5786,Marcus Peterson,Marcus,Peterson,WR,,Active
6379,Khari Blasingame,Khari,Blasingame,FB,,Active
12612,T.J. Sanders,T.J.,Sanders,DL,BUF,Active
12365,Jordan Strachan,Jordan,Strachan,DE,,Active
5555,Dakoda Shepley,Dakoda,Shepley,C,,Active
6159,Mike Weber,Mike,Weber,RB,,Inactive
11839,Justin Rogers,Justin,Rogers,DL,,Active
2820,Dominique Brown,Dominique,Brown,RB,,Active
7960,T.J. Simmons,T.J.,Simmons,WR,,Active
12228,Blake Larson,Blake,Larson,OL,,Active
8663,Jared Bernhardt,Jared,Bernhardt,WR,,Active
11162,D.J. Stirgus,D.J.,Stirgus,CB,,Active
5628,Cavon Walker,Cavon,Walker,DT,,Inactive
7867,Spencer Brown,Spencer,Brown,RB,,Active
386,Brandon Lloyd,Brandon,Lloyd,WR,,Inactive
7535,Hunter Long,Hunter,Long,TE,JAX,Active
1139,Ladarius Green,Ladarius,Green,TE,,Inactive
6732,Travis Vornkahl,Travis,Vornkahl,OT,,Active
11263,Lorenz Metz,Lorenz,Metz,OL,NE,Active
11541,Chuck Wiley,Chuck,Wiley,DE,,Active
12482,Savion Williams,Savion,Williams,WR,GB,Active
13680,Bishop Fitzgerald,Bishop,Fitzgerald,DB,TEN,Active
12843,Trey Rucker,Trey,Rucker,DB,,Active
13190,Taylor Elgersma,Taylor,Elgersma,QB,,Active
3320,Halapoulivaati Vaitai,Halapoulivaati,Vaitai,G,,Active
14027,Greg Crippen,Greg,Crippen,OL,PIT,Active
4554,Mitchell Kirsch,Mitchell,Kirsch,G,,Active
66,Tashard Choice,Tashard,Choice,RB,,Inactive
8088,Kalif Jackson,Kalif,Jackson,TE,MIA,Active
2035,Erle Ladson,Erle,Ladson,OT,,Inactive
4871,Mike Munchak,Mike,Munchak,,,Inactive
919,Aldrick Robinson,Aldrick,Robinson,WR,,Inactive
1424,Alan Bonner,Alan,Bonner,WR,,Inactive
8812,Jonathan Garibay,Jonathan,Garibay,K,,Active
5142,Kurt Benkert,Kurt,Benkert,QB,,Active
5682,Cayson Collins,Cayson,Collins,OLB,,Active
1546,Kenjon Barner,Kenjon,Barner,RB,,Inactive
7777,Trey Smith,Trey,Smith,OL,KC,Active
11384,Owen Wright,Owen,Wright,RB,,Active
13972,Brandon Frazier,Brandon,Frazier,TE,,Active
38,Chris Chester,Chris,Chester,G,,Inactive
475,Gregory Toler,Gregory,Toler,CB,,Inactive
13881,Al'zillion Hamilton,Al'zillion,Hamilton,DB,LAR,Active
13423,Eli Heidenreich,Eli,Heidenreich,RB,PIT,Active
13019,Greedy Vance,Greedy,Vance,CB,LV,Active
2741,Richard Ash,Richard,Ash,DT,,Injured Reserve
5337,Devante Downs,Devante,Downs,LB,,Active
3791,Jered Bell,Jered,Bell,S,,Inactive
8657,Kuony Deng,Kuony,Deng,LB,,Active
8470,Joshua Williams,Joshua,Williams,CB,TEN,Active
5772,Aaron Lacombe,Aaron,Lacombe,WR,,Inactive
1010,Phillip Hunt,Phillip,Hunt,DE,,Inactive
4164,Michael Roberts,Michael,Roberts,TE,,Inactive
3365,Jimmy Landes,Jimmy,Landes,LS,,Active
5929,Anthony Johnson,Anthony,Johnson,WR,,Active
5163,Ryan Nall,Ryan,Nall,RB,,Inactive
5216,Ervin Philips,Ervin,Philips,WR,,Inactive
6095,Kiy Hester,Kiy,Hester,S,,Inactive
1647,Alonzo Highsmith,Alonzo,Highsmith,ILB,,Inactive
8534,Duplicate Player,Duplicate,Player,,,
11959,Bryce Oliver,Bryce,Oliver,WR,TEN,Active
73,Nick Mangold,Nick,Mangold,C,,Inactive
7356,Tyshun Render,Tyshun,Render,DE,,Active
11511,John Stephens,John,Stephens,TE,,Inactive
11884,Ron Stone,Ron,Stone,DE,,Active
12409,Dashaun Mallory,Dashaun,Mallory,DT,,Active
6060,Sean Murphy-Bunting,Sean,Murphy-Bunting,CB,ARI,Active
4835,Darrius Sims,Darrius,Sims,RB,,Active
7530,Frank Darby,Frank,Darby,WR,,Active
11807,Darius Muasau,Darius,Muasau,LB,NYG,Active
13119,Collin Schlee,Collin,Schlee,QB,,Active
12160,Morice Norris,Morice,Norris,DB,,Active
5621,Mason Gentry,Mason,Gentry,G,,Active
6909,Lynn Bowden,Lynn,Bowden,WR,,Active
7986,Antonio Phillips,Antonio,Phillips,CB,,Active
7663,Teven Jenkins,Teven,Jenkins,OL,CLE,Active
4876,Bradley Northnagel,Bradley,Northnagel,LS,,Active
11754,Mohamed Kamara,Mohamed,Kamara,DL,TB,Active
3243,KeiVarae Russell,KeiVarae,Russell,DB,,Active
12084,Jason Johnson,Jason,Johnson,LB,,Active
11824,Travis Clayton,Travis,Clayton,OT,BUF,Active
10911,Derick Hall,Derick,Hall,DE,SEA,Active
139,William Hayes,William,Hayes,DE,,Inactive
8894,Trevon Mason,Trevon,Mason,DT,,Active
8788,Allan George,Allan,George,CB,,Active
13424,Seth McGowan,Seth,McGowan,RB,IND,Active
11391,Ethan Bonner,Ethan,Bonner,CB,MIA,Active
3079,Mike McCarthy,Mike,McCarthy,,,Inactive
4241,Pat O'Connor,Pat,O'Connor,DE,,Active
3977,Kyle Shanahan,Kyle,Shanahan,,,Inactive
65,Domenik Hixon,Domenik,Hixon,WR,,Inactive
13947,Christian Jones,Christian,Jones,OT,CIN,Active
3445,Marcus Johnson,Marcus,Johnson,WR,,Active
820,Chykie Brown,Chykie,Brown,CB,,Inactive
765,Jeromy Miles,Jeromy,Miles,SS,,Inactive
3178,Josh Doctson,Josh,Doctson,WR,,Active
12400,Billy Shaeffer,Billy,Shaeffer,LB,,Active
12894,Makari Paige,Makari,Paige,DB,,Active
2344,Eddie Goldman,Eddie,Goldman,DT,,Active
14015,Hunter Peck,Hunter,Peck,DE,,Active
7378,Kyle Markway,Kyle,Markway,TE,,Active
3215,Xavien Howard,Xavien,Howard,DB,,Inactive
1628,Joseph Fauria,Joseph,Fauria,TE,,Inactive
1742,Brenton Bersin,Brenton,Bersin,WR,,Inactive
6647,Duplicate Player,Duplicate,Player,,,
5454,Coleman Shelton,Coleman,Shelton,OL,LAR,Active
3133,Kathryn Smith,Kathryn,Smith,,,Inactive
1480,D.J. Fluker,D.J.,Fluker,T,,Inactive
12650,Danny Stutsman,Danny,Stutsman,LB,NO,Active
7136,Kam Curl,Kam,Curl,DB,LAR,Active
8253,Deven Thompkins,Deven,Thompkins,WR,LV,Active
8779,Delonte Hood,Delonte,Hood,CB,,Active
745,Marshawn Lynch,Marshawn,Lynch,RB,,Injured Reserve
13055,Clarence Lewis,Clarence,Lewis,CB,,Active
4629,Tueni Lupeamanu,Tueni,Lupeamanu,DT,,Active
7683,Monty Rice,Monty,Rice,LB,,Active
8285,Josh Ross,Josh,Ross,LB,MIN,Active
672,Donald Washington,Donald,Washington,CB,,Inactive
11526,Malachi Carter,Malachi,Carter,WR,,Active
2893,Triston Wade,Triston,Wade,S,,Active
462,Brett Favre,Brett,Favre,QB,,Inactive
728,George Selvie,George,Selvie,DE,,Inactive
7465,Nick Tiano,Nick,Tiano,QB,,Active
6421,Jalen Guyton,Jalen,Guyton,WR,,Active
4468,Antony Auclair,Antony,Auclair,TE,,Active
3813,Tre Roberson,Tre,Roberson,CB,,Active
12236,Myles Jones,Myles,Jones,CB,,Active
6029,Jackson Barton,Jackson,Barton,T,,Active
1611,Jordan Campbell,Jordan,Campbell,FB,,Inactive
11964,Dayton Wade,Dayton,Wade,WR,BAL,Active
3695,J.P. Holtz,J.P.,Holtz,TE,,Active
8006,Isaiah Kaufusi,Isaiah,Kaufusi,LB,,Active
4941,Dontre Wilson,Dontre,Wilson,WR,,Active
11732,Tory Taylor,Tory,Taylor,P,CHI,Active
3685,John Kling,John,Kling,OT,,Active
1055,Gino Gradkowski,Gino,Gradkowski,C,,Inactive
7623,Darece Roberson,Darece,Roberson,WR,,Active
8861,Irv Charles,Irv,Charles,WR,SEA,Active
13258,Phil Lutz,Phil,Lutz,WR,,Active
4690,Ken Ekanem,Ken,Ekanem,OLB,,Active
6697,Floyd Allen,Floyd,Allen,WR,,Active
2500,Leterrius Walton,Leterrius,Walton,DE,,Active
1261,David DeCastro,David,DeCastro,OG,,Active
8821,Adedayo Odeleye,Adedayo,Odeleye,DE,DAL,Active
1340,Lane Johnson,Lane,Johnson,T,PHI,Active
3170,Paxton Lynch,Paxton,Lynch,QB,,Inactive
4799,Jeremy Faulk,Jeremy,Faulk,DT,,Active
3407,Beau Sandland,Beau,Sandland,TE,,Active
4732,A.J. Jefferson,A.J.,Jefferson,DE,,Active
1919,Howard Jones,Howard,Jones,LB,,Inactive
11408,Kelle Sanders,Kelle,Sanders,LB,,Active
12642,Jalen Travis,Jalen,Travis,OT,IND,Active
1674,A.J. Bouye,A.J.,Bouye,CB,CAR,Active
7703,Jacob Harris,Jacob,Harris,WR,,Active
6746,Duplicate Player,Duplicate,Player,CB,,Inactive
79,Stefan Charles,Stefan,Charles,DT,,Inactive
1808,Preston Brown,Preston,Brown,LB,,Active
5558,Marcus Martin,Marcus,Martin,RB,,Active
1233,Bobby Wagner,Bobby,Wagner,LB,,Active
5346,Zaire Franklin,Zaire,Franklin,LB,GB,Active
12569,Kelvin Banks,Kelvin,Banks,OL,NO,Active
4351,Tim Patrick,Tim,Patrick,WR,NYJ,Active
1639,Patrick Omameh,Patrick,Omameh,OL,,Active
41,David Garrard,David,Garrard,QB,,Inactive
1845,Deontae Skinner,Deontae,Skinner,OLB,,Inactive
2614,T.Y. McGill,T.Y.,McGill,DT,,Active
1452,Aaron Hester,Aaron,Hester,CB,,Inactive
12556,Donovan Ezeiruaku,Donovan,Ezeiruaku,DL,DAL,Active
11152,Mike McAllister,Mike,McAllister,C,,Active
11276,Joseph Ngata,Joseph,Ngata,WR,,Active
5433,Ranthony Texada,Ranthony,Texada,CB,,Inactive
1432,Jeremy Kelley,Jeremy,Kelley,WR,,Inactive
13389,Avieon Terrell,Avieon,Terrell,DB,ATL,Active
5500,Richard Jarvis,Richard,Jarvis,DL,,Inactive
11909,Tyler Manoa,Tyler,Manoa,DL,,Active
2019,Aaron Murray,Aaron,Murray,QB,,Inactive
7470,Evan Adams,Evan,Adams,G,,Active
12355,Treveyon Pratt,Treveyon,Pratt,WR,,Active
3107,Ben McAdoo,Ben,McAdoo,,,Inactive
12332,Devin Richardson,Devin,Richardson,LB,,Active
7726,Derrick Barnes,Derrick,Barnes,LB,DET,Active
2846,Marquez Clark,Marquez,Clark,WR,,Active
13835,Mekhi Mews,Mekhi,Mews,WR,,Active
12707,Luke Newman,Luke,Newman,OG,CHI,Active
12233,Willie Tyler,Willie,Tyler,OL,,Active
2224,Maurice Alexander,Maurice,Alexander,LB,,Active
4863,Josh Rosen,Josh,Rosen,QB,,Active
13250,Nay'Quan Wright,Nay'Quan,Wright,RB,,Active
11190,Keilahn Harris,Keilahn,Harris,WR,,Inactive
13986,Parker Robertson,Parker,Robertson,DB,DEN,Active
12741,Garrett Dellinger,Garrett,Dellinger,OG,TEN,Active
8724,Devin Hafford,Devin,Hafford,DB,,Active
4524,Ironhead Gallon,Ironhead,Gallon,SS,,Active
2220,Kevin Pamphile,Kevin,Pamphile,G,,Active
469,Matthew Mulligan,Matthew,Mulligan,TE,,Inactive
5303,Joel Iyiegbuniwe,Joel,Iyiegbuniwe,LB,,Active
3351,Wes Schweitzer,Wes,Schweitzer,G,,Active
119,James Anderson,James,Anderson,LB,,Inactive
7264,Jordan Jones,Jordan,Jones,FB,,Active
542,Dorin Dickerson,Dorin,Dickerson,TE,,Inactive
5467,Tigie Sankoh,Tigie,Sankoh,SS,,Active
7968,Xavier Kelly,Xavier,Kelly,DT,,Active
12909,Eli Pancol,Eli,Pancol,WR,IND,Active
7169,Jace Whittaker,Jace,Whittaker,CB,,Active
5108,Luke Falk,Luke,Falk,QB,,Active
13335,Cole Payton,Cole,Payton,QB,PHI,Active
11400,Ezekiel Vandenburgh,Ezekiel,Vandenburgh,LB,,Inactive
12675,Jason Marshall,Jason,Marshall,CB,MIA,Active
6490,Mik'Quan Deane,Mik'Quan,Deane,TE,,Active
1734,Rod Sweeting,Rod,Sweeting,CB,,Inactive
4108,Carlos Henderson,Carlos,Henderson,WR,,Active
8315,Tyree Johnson,Tyree,Johnson,DL,,Active
2410,Jamison Crowder,Jamison,Crowder,WR,,Active
9220,Evan Hull,Evan,Hull,RB,,Active
8262,DJ Davidson,DJ,Davidson,DL,WAS,Active
6984,Tony Jones,Tony,Jones,RB,,Active
11818,Michael Jurgens,Michael,Jurgens,OL,MIN,Active
4748,Doug Williams,Doug,Williams,,,Inactive
3901,Brandon Johnson,Brandon,Johnson,RB,,Inactive
11596,Ben Sinnott,Ben,Sinnott,TE,WAS,Active
1038,Chandler Jones,Chandler,Jones,LB,,Active
641,Russell Okung,Russell,Okung,OT,,Active
8078,Brontae Harris,Brontae,Harris,DB,,Active
8360,Logan Hall,Logan,Hall,DL,HOU,Active
1706,Jack Doyle,Jack,Doyle,TE,IND,Active
3198,Derrick Henry,Derrick,Henry,RB,BAL,Active
3588,Michael Miller,Michael,Miller,TE,,Active
4926,Nick Schuessler,Nick,Schuessler,QB,PIT,Active
528,Geno Atkins,Geno,Atkins,DT,,Active
5011,Michael Dickson,Michael,Dickson,P,SEA,Active
834,James Dockery,James,Dockery,CB,,Inactive
11728,Jaden Hicks,Jaden,Hicks,DB,KC,Active
4829,Daniel Williams,Daniel,Williams,WR,,Active
2530,Joey Iosefa,Joey,Iosefa,RB,,Inactive
935,DJ Williams,DJ,Williams,TE,,Inactive
8390,Martin Emerson,Martin,Emerson,DB,NO,Active
2495,Nick O'Leary,Nick,O'Leary,TE,,Active
13105,Justin Osborne,Justin,Osborne,OG,,Active
488,Vance Walker,Vance,Walker,DE,,Inactive
13896,Devin Lafayette,Devin,Lafayette,DB,LV,Active
3298,Zack Sanchez,Zack,Sanchez,CB,,Inactive
12522,Cam Ward,Cam,Ward,QB,TEN,Active
7687,Nahshon Wright,Nahshon,Wright,CB,NYJ,Active
1309,Darrion Weems,Darrion,Weems,T,,Inactive
4361,Brandon Bell,Brandon,Bell,ILB,,Inactive
3522,Clay DeBord,Clay,DeBord,OT,,Active
8870,Olakunle Fatukasi,Olakunle,Fatukasi,LB,,Active
6885,Ke'Shawn Vaughn,Ke'Shawn,Vaughn,RB,,Active
5768,Brandon Bryant,Brandon,Bryant,SS,,Inactive
4090,Raekwon McMillan,Raekwon,McMillan,LB,,Active
1012,Christian Tupou,Christian,Tupou,DE,,Inactive
11387,Sean Ryan,Sean,Ryan,WR,,Active
2262,Trey Millard,Trey,Millard,RB,,Active
5057,Tyquan Lewis,Tyquan,Lewis,DE,,Active
4689,Jamal Carter,Jamal,Carter,DB,,Inactive
11870,Jeremiah Jean-Baptiste,Jeremiah,Jean-Baptiste,LB,,Active
4735,Alex Jenkins,Alex,Jenkins,DE,,Inactive
7426,Seth Dawkins,Seth,Dawkins,WR,,Inactive
6429,J.T. Hassell,J.T.,Hassell,DB,,Active
6882,Darnay Holmes,Darnay,Holmes,CB,ATL,Active
8874,Ryder Anderson,Ryder,Anderson,DE,,Active
8143,Jerome Ford,Jerome,Ford,RB,WAS,Active
6645,Anthony Chesley,Anthony,Chesley,CB,,Active
6694,D'Ernest Johnson,D'Ernest,Johnson,RB,,Active
12496,Tai Felton,Tai,Felton,WR,MIN,Active
11468,Kilian Zierer,Kilian,Zierer,T,JAX,Active
12104,Alec Mock,Alec,Mock,LB,,Active
4844,Elijah Mitchell,Elijah,Mitchell,CB,,Active
1974,Cody Parkey,Cody,Parkey,K,,Active
281,Wallace Gilberry,Wallace,Gilberry,DE,,Inactive
5386,Matt McCrane,Matt,McCrane,K,,Active
1729,Nathan Stupar,Nathan,Stupar,LB,,Active
12930,Tyler Cooper,Tyler,Cooper,G,WAS,Active
6893,Robert Windsor,Robert,Windsor,DT,IND,Active
11518,Toby Ndukwe,Toby,Ndukwe,LB,,Active
1118,Brandon Marshall,Brandon,Marshall,LB,,Active
588,Henry Melton,Henry,Melton,DE,,Inactive
3599,Dez Stewart,Dez,Stewart,WR,,Inactive
12316,Jay Person,Jay,Person,DE,,Active
12567,Malaki Starks,Malaki,Starks,DB,BAL,Active
13544,Domani Jackson,Domani,Jackson,CB,GB,Active
1306,Jeremy Ross,Jeremy,Ross,WR,,Inactive
5523,Will House,Will,House,G,,Active
8449,Tyler Smith,Tyler,Smith,OL,DAL,Active
11178,Mariano Sori-Marin,Mariano,Sori-Marin,LB,,Active
7843,Dionte Ruffin,Dionte,Ruffin,DB,,Active
11652,Louis Rees-Zammit,Louis,Rees-Zammit,RB,,Active
7734,Bruno Labelle,Bruno,Labelle,TE,,Active
8591,Tre Walker,Tre,Walker,LB,,Active
2670,Edwin Jackson,Edwin,Jackson,ILB,,Inactive
10927,Jordan Battle,Jordan,Battle,DB,CIN,Active
12828,Desmond Little,Desmond,Little,DE,,Active
8472,Darian Kinnard,Darian,Kinnard,T,GB,Active
2041,Torrence Allen,Torrence,Allen,WR,,Inactive
4145,Vince Biegel,Vince,Biegel,LB,,Inactive
6575,Justin Alexandre,Justin,Alexandre,DL,,Active
2714,Gabe Holmes,Gabe,Holmes,TE,,Inactive
5247,David Marvin,David,Marvin,K,,Active
6170,Darrell Williams,Darrell,Williams,OLB,,Active
13858,Caleb Offord,Caleb,Offord,CB,LV,Active
2710,Donald Celiscar,Donald,Celiscar,CB,,Active
12656,Robbie Ouzts,Robbie,Ouzts,RB,SEA,Active
6847,Devin Duvernay,Devin,Duvernay,WR,ARI,Active
7931,Forrest Merrill,Forrest,Merrill,DT,,Inactive
5211,Jake Wieneke,Jake,Wieneke,WR,,Active
13450,Spencer Fano,Spencer,Fano,OT,CLE,Active
634,Anthony Davis,Anthony,Davis,OT,,Inactive
5680,Corey Thompson,Corey,Thompson,OLB,,Active
5257,Tim Boyle,Tim,Boyle,QB,,Active
2750,DeAndre Carter,DeAndre,Carter,WR,,Active
9493,Puka Nacua,Puka,Nacua,WR,LAR,Active
106,Jo-Lonn Dunbar,Jo-Lonn,Dunbar,LB,,Inactive
11409,Grant Miller,Grant,Miller,OL,,Active
13149,Caden Davis,Caden,Davis,K,,Active
13016,Treven Ma'ae,Treven,Ma'ae,DL,LV,Active
3706,Jason Neill,Jason,Neill,OLB,,Inactive
3718,Makinton Dorleant,Makinton,Dorleant,CB,,Inactive
8672,Lewis Kidd,Lewis,Kidd,OL,,Active
694,Reggie Walker,Reggie,Walker,LB,,Inactive
6030,Jordan Brown,Jordan,Brown,DB,,Active
6166,Brandon Snyder,Brandon,Snyder,S,,Inactive
13321,Dan Villari,Dan,Villari,TE,LAR,Active
4256,Ifeadi Odenigbo,Ifeadi,Odenigbo,DE,,Active
12019,Devin Carter,Devin,Carter,WR,,Active
13360,Emmanuel McNeil-Warren,Emmanuel,McNeil-Warren,DB,CLE,Active
11275,Mekhi Garner,Mekhi,Garner,CB,,Active
5307,Justin Lawler,Justin,Lawler,LB,,Active
5324,Parris Bennett,Parris,Bennett,ILB,,Active
13968,Drew Stevens,Drew,Stevens,K,WAS,Active
10226,Andrei Iosivas,Andrei,Iosivas,WR,CIN,Active
12177,Michael Bertoia,Michael,Bertoia,C,,Active
4285,Robert Davis,Robert,Davis,WR,,Active
4196,Roderick Johnson,Roderick,Johnson,T,,Active
8248,Kalil Pimpleton,Kalil,Pimpleton,WR,,Active
1182,Josh Norman,Josh,Norman,CB,,Active
5490,Jashon Robertson,Jashon,Robertson,OL,,Active
8349,Jake Hansen,Jake,Hansen,LB,HOU,Active
3349,Sebastian Tretola,Sebastian,Tretola,G,,Inactive
11125,Tiawan Mullen,Tiawan,Mullen,CB,,Active
5431,Shay Fields,Shay,Fields,WR,,Active
4276,Mike Tyson,Mike,Tyson,SS,,Inactive
1839,Cameron Gordon,Cameron,Gordon,ILB,,Inactive
12096,Casey Rogers,Casey,Rogers,DL,,Active
7463,Trey Dishon,Trey,Dishon,DT,,Inactive
8832,McKinley Williams,McKinley,Williams,DT,,Active
2397,Jeff Heuerman,Jeff,Heuerman,TE,,Active
761,Brian St Pierre,Brian,St Pierre,QB,,Inactive
11883,Phalen Sanford,Phalen,Sanford,DB,,Active
164,Barry Cofield,Barry,Cofield,NT,,Inactive
5167,Dalton Sturm,Dalton,Sturm,QB,,Active
13116,Tre Watson,Tre,Watson,TE,KC,Active
4755,Charmeachealle Moore,Charmeachealle,Moore,LB,,Active
8619,Jason Poe,Jason,Poe,OL,,Active
5899,Jamal Peters,Jamal,Peters,CB,,Active
5813,Adarius Taylor,Adarius,Taylor,LB,,Inactive
7654,Aaron Banks,Aaron,Banks,OL,GB,Active
5991,Maxx Crosby,Maxx,Crosby,DE,LV,Active
8189,Trestan Ebner,Trestan,Ebner,RB,,Active
8367,D'Marco Jackson,D'Marco,Jackson,LB,CHI,Active
3842,Ryan O'Malley,Ryan,O'Malley,TE,,Inactive
3312,Jonathan Williams,Jonathan,Williams,RB,,Active
2245,Troy Niklas,Troy,Niklas,TE,,Injured Reserve
12575,Seth McLaughlin,Seth,McLaughlin,OL,DET,Active
3553,Johnny Maxey,Johnny,Maxey,DT,,Inactive
6996,JaMycal Hasty,JaMycal,Hasty,RB,,Active
11614,Player Invalid,Player,Invalid,WR,,Inactive
4389,Chase Allen,Chase,Allen,OLB,,Inactive
1558,William Gholston,William,Gholston,DE,,Active
3862,Donovan Williams,Donovan,Williams,G,,Inactive
11846,Jowon Briggs,Jowon,Briggs,DE,NYJ,Active
7763,Mark Webb,Mark,Webb,DB,,Active
7191,Jaylon Moore,Jaylon,Moore,WR,,Inactive
5173,Dalton Keene,Dalton,Keene,DE,,Active
549,Kavell Conner,Kavell,Conner,LB,,Inactive
12653,Jack Kiser,Jack,Kiser,LB,JAX,Active
3229,Cyrus Jones,Cyrus,Jones,CB,,Active
3734,Brennan Scarlett,Brennan,Scarlett,LB,,Active
5976,Karan Higdon,Karan,Higdon,RB,,Inactive
13147,Gus Hartwig,Gus,Hartwig,C,,Active
2030,Jonathan Dowling,Jonathan,Dowling,S,,Inactive
1951,C.J. Fiedorowicz,C.J.,Fiedorowicz,TE,,Inactive
13860,Sabastian Harsh,Sabastian,Harsh,DE,HOU,Active
2486,Tyrus Thompson,Tyrus,Thompson,OT,,Active
4503,Arthur Maulet,Arthur,Maulet,CB,,Active
8896,Elijah Jones,Elijah,Jones,CB,,Active
8728,Kody Russey,Kody,Russey,OL,,Active
4478,Jonathan Moxey,Jonathan,Moxey,CB,,Active
3975,Jim Harbaugh,Jim,Harbaugh,,,Inactive
50,Jordan Palmer,Jordan,Palmer,QB,,Inactive
13789,Pete Nygra,Pete,Nygra,OL,KC,Active
4742,Mark Spelman,Mark,Spelman,G,,Active
12729,John Williams,John,Williams,OL,GB,Active
8605,George Moore,George,Moore,G,,Inactive
1088,Kelvin Beachum,Kelvin,Beachum,OL,,Active
6906,Antonio Gandy-Golden,Antonio,Gandy-Golden,TE,,Active
12214,Andrew Raym,Andrew,Raym,OL,,Active
604,Toby Gerhart,Toby,Gerhart,RB,,Inactive
4148,Carl Lawson,Carl,Lawson,DE,,Active
464,Thomas Gafford,Thomas,Gafford,LS,,Inactive
12245,Jelani Baker,Jelani,Baker,WR,,Active
12765,Keleki Latu,Keleki,Latu,TE,BUF,Active
209,Jonathan Babineaux,Jonathan,Babineaux,DT,,Inactive
140,Erin Henderson,Erin,Henderson,LB,,Inactive
12440,Jaylon Hutchings,Jaylon,Hutchings,DT,,Active
12095,Jjay Mcafee,Jjay,Mcafee,TE,,Active
13736,Reid Williford,Reid,Williford,LB,BAL,Active
4722,Freddie Tagaloa,Freddie,Tagaloa,OT,,Active
11617,Malachi Corley,Malachi,Corley,WR,CLE,Active
13465,Markel Bell,Markel,Bell,OT,PHI,Active
5627,Andrew Trumbetti,Andrew,Trumbetti,DE,,Active
11338,Cory Durden,Cory,Durden,DT,NE,Active
723,Michael Robinson,Michael,Robinson,RB,,Inactive
831,Andrew Hawkins,Andrew,Hawkins,WR,,Inactive
2673,Damiere Byrd,Damiere,Byrd,WR,,Active
12923,Jordan Clark,Jordan,Clark,DB,NYJ,Active
2466,Ryan Russell,Ryan,Russell,DE,,Inactive
14051,Chase Wilson,Chase,Wilson,LB,NYJ,Active
7932,Darius Harper,Darius,Harper,OL,,Active
2383,P.J. Williams,P.J.,Williams,CB,,Active
TB,,Tampa Bay,Buccaneers,DEF,TB,
7955,Pier-Olivier Lestage,Pier-Olivier,Lestage,OG,,Active
6710,Josh Caldwell,Josh,Caldwell,RB,,Active
3265,Sheldon Day,Sheldon,Day,DT,,Active
11116,Nathan East,Nathan,East,LB,,Active
11682,Cole Bishop,Cole,Bishop,DB,BUF,Active
12406,Lokahi Pauole,Lokahi,Pauole,OL,,Active
4981,Calvin Ridley,Calvin,Ridley,WR,TEN,Active
7796,Brandin Echols,Brandin,Echols,CB,PIT,Active
675,Antrel Rolle,Antrel,Rolle,S,,Inactive
4102,Dion Dawkins,Dion,Dawkins,OT,BUF,Active
793,Danny Aiken,Danny,Aiken,LS,,Inactive
4171,Josh Reynolds,Josh,Reynolds,WR,,Active
13370,Chris Johnson,Chris,Johnson,DB,MIA,Active
4573,Lewis Neal,Lewis,Neal,DT,,Inactive
6926,Brycen Hopkins,Brycen,Hopkins,TE,,Active
7893,Dedrick Mills,Dedrick,Mills,RB,,Active
11698,Maason Smith,Maason,Smith,DT,ATL,Active
13096,Paris Shand,Paris,Shand,DE,,Active
13847,CJ Nunnally,CJ,Nunnally,DE,,Active
7946,Jack Stoll,Jack,Stoll,TE,CLE,Active
669,Arian Foster,Arian,Foster,RB,,Inactive
1999,Shaquil Barrett,Shaquil,Barrett,LB,,Active
568,Lamarr Houston,Lamarr,Houston,LB,,Inactive
1057,Ishmaa'ily Kitchen,Ishmaa'ily,Kitchen,DT,,Inactive
1495,Ryan Nassib,Ryan,Nassib,QB,,Inactive
6455,Willie Wright,Willie,Wright,OL,,Active
13472,Tyler Onyedim,Tyler,Onyedim,DT,DEN,Active
3137,Curtis Modkins,Curtis,Modkins,,,Inactive
8576,Ty Shelby,Ty,Shelby,LB,,Active
7419,James Pierre,James,Pierre,CB,MIN,Active
4619,Dee Virgin,Dee,Virgin,DB,,Active
3670,Will Ratelle,Will,Ratelle,FB,,Active
3275,Ricardo Louis,Ricardo,Louis,WR,,Inactive
12728,Marcus Bryant,Marcus,Bryant,OL,NE,Active
2998,Cameron Jefferson,Cameron,Jefferson,G,,Inactive
6138,Saivion Smith,Saivion,Smith,CB,,Active
13631,Terry Webb,Terry,Webb,DL,LAC,Active
7729,Dez Fitzpatrick,Dez,Fitzpatrick,WR,,Inactive
4581,Jerrol Garcia-Williams,Jerrol,Garcia-Williams,ILB,,Inactive
4424,D.J. Killings,D.J.,Killings,CB,,Inactive
5204,Anthony Coyle,Anthony,Coyle,T,,Active
12465,Player Invalid,Player,Invalid,RB,,Inactive
3745,Nicholas Grigsby,Nicholas,Grigsby,OLB,,Inactive
5279,Quadree Henderson,Quadree,Henderson,WR,,Inactive
5318,Ja'Whaun Bentley,Ja'Whaun,Bentley,LB,,Active
13393,Brent Austin,Brent,Austin,DB,DEN,Active
7439,Tommy Hudson,Tommy,Hudson,TE,,Inactive
13417,De'Zhaun Stribling,De'Zhaun,Stribling,WR,SF,Active
13241,D.K. Kaufman,D.K.,Kaufman,DB,,Active
8564,Donovan Jeter,Donovan,Jeter,DT,,Active
3529,Nile Lawrence-Stample,Nile,Lawrence-Stample,NT,,Active
7856,Cole Banwart,Cole,Banwart,G,,Active
582,Riley Cooper,Riley,Cooper,WR,,Inactive
8077,Otis Anderson,Otis,Anderson,RB,,Active
12415,Jotham Russell,Jotham,Russell,LB,,Active
2935,Ricky Collins,Ricky,Collins,WR,,Active
1973,Jonathan Newsome,Jonathan,Newsome,LB,,Inactive
5722,Darvin Kidsy,Darvin,Kidsy,WR,,Active
5912,Carl Granderson,Carl,Granderson,DE,NO,Active
3131,Frank Reich,Frank,Reich,,,Inactive
3328,Rashard Higgins,Rashard,Higgins,WR,,Active
2776,Tay Glover-Wright,Tay,Glover-Wright,CB,,Inactive
5514,Evan Perroni,Evan,Perroni,,TB,Active
5671,Joshua Kalu,Joshua,Kalu,DB,,Active
10224,Brayden Willis,Brayden,Willis,TE,SF,Active
12463,Player Invalid,Player,Invalid,RB,,Inactive
92,Andre Johnson,Andre,Johnson,WR,,Inactive
7282,Kendall Coleman,Kendall,Coleman,DE,,Active
2373,Clive Walford,Clive,Walford,TE,,Active
7755,Chris Wilcox,Chris,Wilcox,CB,,Active
7827,Darrick Forrest,Darrick,Forrest,DB,SF,Inactive
235,Terence Newman,Terence,Newman,CB,,Inactive
688,Tony Scheffler,Tony,Scheffler,TE,,Inactive
12906,Cam Camper,Cam,Camper,WR,NYJ,Active
2961,David Andrews,David,Andrews,C,,Active
8160,Kenny Pickett,Kenny,Pickett,QB,CAR,Active
1096,Scott Solomon,Scott,Solomon,LB,,Inactive
5914,David Long,David,Long,CB,,Active
11663,Chop Robinson,Chop,Robinson,DE,MIA,Active
13707,Jaylon Guilbeau,Jaylon,Guilbeau,CB,,Active
2181,James Stone,James,Stone,C,,Inactive
9479,Darnell Washington,Darnell,Washington,TE,PIT,Active
4168,Grover Stewart,Grover,Stewart,DT,IND,Active
4244,Devante Mays,Devante,Mays,RB,,Inactive
7752,Kawaan Baker,Kawaan,Baker,WR,,Active
11577,Will Shipley,Will,Shipley,RB,PHI,Active
12540,Chimere Dike,Chimere,Dike,WR,TEN,Active
2622,Warren Herring,Warren,Herring,DT,,Active
3252,Kendall Fuller,Kendall,Fuller,CB,,Active
7369,Bill Murray,Bill,Murray,DT,LAR,Active
1173,Jarrett Boykin,Jarrett,Boykin,WR,,Inactive
11697,Renardo Green,Renardo,Green,DB,SF,Active
1113,Bryan Anger,Bryan,Anger,P,DAL,Active
5073,Sebastian Joseph-Day,Sebastian,Joseph-Day,DT,PIT,Active
2280,Kiero Small,Kiero,Small,FB,,Inactive
CLE,,Cleveland,Browns,DEF,CLE,
1858,Dexter McDougle,Dexter,McDougle,CB,,Inactive
13307,Marlin Klein,Marlin,Klein,TE,HOU,Active
13369,Brandon Cisse,Brandon,Cisse,DB,GB,Active
3978,Jacob Huesman,Jacob,Huesman,QB,,Active
1035,Nate Ebner,Nate,Ebner,DB,NYG,Inactive
8708,Nasir Greer,Nasir,Greer,DB,,Active
2361,Senquez Golson,Senquez,Golson,CB,,Inactive
4374,Donatello Brown,Donatello,Brown,CB,,Inactive
5859,A.J. Brown,A.J.,Brown,WR,NE,Active
374,Dan Orlovsky,Dan,Orlovsky,QB,,Inactive
441,Captain Munnerlyn,Captain,Munnerlyn,CB,,Inactive
2645,Quinton Dunbar,Quinton,Dunbar,CB,,Active
2333,Laken Tomlinson,Laken,Tomlinson,OL,,Active
7453,Javon Hagan,Javon,Hagan,DB,,Active
4034,Christian McCaffrey,Christian,McCaffrey,RB,SF,Active
3577,Jamison Lalk,Jamison,Lalk,G,,Active
13635,Avery Smith,Avery,Smith,CB,LAC,Active
11965,Marcus Banks,Marcus,Banks,DB,TB,Active
1216,Justin Bethel,Justin,Bethel,DB,,Active
11691,T'Vondre Sweat,T'Vondre,Sweat,DL,NYJ,Active
988,Doug Baldwin,Doug,Baldwin,WR,,Injured Reserve
884,Chimdi Chekwa,Chimdi,Chekwa,CB,,Inactive
5016,Malik Jefferson,Malik,Jefferson,LB,,Inactive
2716,SaQwan Edwards,SaQwan,Edwards,CB,,Inactive
11955,Cole Spencer,Cole,Spencer,G,,Active
10969,Owen Pappoe,Owen,Pappoe,LB,ARI,Active
6699,Gunner Olszewski,Gunner,Olszewski,WR,NYG,Inactive
5603,Anthony Moten,Anthony,Moten,DL,,Active
3249,Adolphus Washington,Adolphus,Washington,DT,,Inactive
1521,David Bakhtiari,David,Bakhtiari,OT,,Inactive
3270,B.J. Goodson,B.J.,Goodson,LB,,Injured Reserve
4868,Steve Wilks,Steve,Wilks,,,Inactive
5238,Austin Ramesh,Austin,Ramesh,FB,,Active
11661,Terrion Arnold,Terrion,Arnold,DB,,Active
1187,Marcel Jones,Marcel,Jones,OT,,Inactive
4738,Colby Pearson,Colby,Pearson,WR,,Active
2867,Mike McFarland,Mike,McFarland,TE,,Inactive
13059,Jalen Kimber,Jalen,Kimber,CB,CIN,Active
1360,Dallas Thomas,Dallas,Thomas,G,,Inactive
2487,Geremy Davis,Geremy,Davis,WR,,Active
5937,Diontae Johnson,Diontae,Johnson,WR,,Active
11102,Charles McClelland,Charles,McClelland,RB,,Active
3169,Tom Telesco,Tom,Telesco,,,Inactive
7056,Darrell Stewart,Darrell,Stewart,WR,,Inactive
4693,Andrew Wylie,Andrew,Wylie,G,WAS,Active
2720,Brian Peters,Brian,Peters,LB,,Inactive
3335,Drew Kaser,Drew,Kaser,P,,Active
4263,Elijah McGuire,Elijah,McGuire,RB,KC,Active
3683,Don Cherry,Don,Cherry,ILB,,Active
12988,Matt Jones,Matt,Jones,LB,,Active
3973,Myles Garrett,Myles,Garrett,DE,LAR,Active
6725,Rishard Cook,Rishard,Cook,G,,Active
12337,Nick Correia,Nick,Correia,OL,,Active
10890,Paris Johnson,Paris,Johnson,OL,ARI,Active
7023,Willie Gay,Willie,Gay,LB,MIA,Active
13690,Uso Seumalo,Uso,Seumalo,DT,SEA,Active
1310,Tom Compton,Tom,Compton,OL,,Inactive
5577,Ryan Hunter,Ryan,Hunter,G,,Active
4686,Anthony Harrell,Anthony,Harrell,ILB,,Active
12721,Kaden Prather,Kaden,Prather,WR,GB,Active
2368,Frank Clark,Frank,Clark,DE,,Active
1812,Bryan Johnson,Bryan,Johnson,DE,,Inactive
8585,Andrew Trainer,Andrew,Trainer,T,,Inactive
11940,JaQuae Jackson,JaQuae,Jackson,WR,LAC,Active
4484,Raysean Pringle,Raysean,Pringle,SS,,Active
6986,Nigel Warrior,Nigel,Warrior,DB,,Inactive
8266,Quay Walker,Quay,Walker,LB,LV,Active
6532,Brian Fineanganofo,Brian,Fineanganofo,OT,,Active
8771,Derek Kerstetter,Derek,Kerstetter,OL,,Inactive
2571,Jeff Luc,Jeff,Luc,TE,,Inactive
3883,Romar Morris,Romar,Morris,RB,,Active
7182,Hinwa Allieu,Hinwa,Allieu,DT,,Inactive
4162,Ryan Switzer,Ryan,Switzer,WR,,Active
5091,Parry Nickerson,Parry,Nickerson,CB,,Active
13934,Rodney McGraw,Rodney,McGraw,DL,MIA,Active
11148,Tyler Hudson,Tyler,Hudson,WR,,Active
6177,Khalen Saunders,Khalen,Saunders,DT,TEN,Active
8338,Myron Tagovailoa-Amosa,Myron,Tagovailoa-Amosa,DL,,Inactive
6967,Aaron Fuller,Aaron,Fuller,WR,,Active
4678,Tyrone Swoopes,Tyrone,Swoopes,TE,,Active
11351,Thomas Greaney,Thomas,Greaney,TE,,Active
11163,Tim DeMorat,Tim,DeMorat,QB,,Active
6670,Sterling Sheffield,Sterling,Sheffield,OLB,,Active
8399,Markquese Bell,Markquese,Bell,DB,DAL,Active
2295,Kevin Smith,Kevin,Smith,WR,,Inactive
2075,Dustin Vaughan,Dustin,Vaughan,QB,,Inactive
14056,Kyre Duplessis,Kyre,Duplessis,WR,SEA,Active
12679,Jordan Phillips,Jordan,Phillips,DL,MIA,Active
3419,Curt Maggitt,Curt,Maggitt,OLB,,Inactive
612,Greg Hardy,Greg,Hardy,DE,,Inactive
4455,Matt Breida,Matt,Breida,RB,,Active
2291,Dontrelle Inman,Dontrelle,Inman,WR,,Active
4978,Rashaan Evans,Rashaan,Evans,LB,,Active
3455,Gerald Dixon,Gerald,Dixon,DT,,Active
4032,Jonathan Allen,Jonathan,Allen,DT,CIN,Active
2693,Danny Mason,Danny,Mason,OLB,,Active
11797,Patrick McMorris,Patrick,McMorris,DB,SF,Active
11459,Kedrick Whitehead,Kedrick,Whitehead,DB,,Active
275,Josh Scobee,Josh,Scobee,K,,Inactive
1548,Star Lotulelei,Star,Lotulelei,DT,BUF,Active
11368,Alama Uluave,Alama,Uluave,OL,,Active
3363,Kamu Grugier-Hill,Kamu,Grugier-Hill,LB,,Active
7781,Thomas Fletcher,Thomas,Fletcher,LS,,Active
5959,Mike Edwards,Mike,Edwards,DB,,Active
787,Jason Kelce,Jason,Kelce,C,,Active
13471,Gennings Dunker,Gennings,Dunker,OT,PIT,Active
8240,BJ Baylor,BJ,Baylor,RB,,Active
2143,Mike Pennel,Mike,Pennel,DT,,Active
6424,Matt Kaskey,Matt,Kaskey,OT,,Active
4296,JT Jones,JT,Jones,OLB,,Active
7591,Justin Fields,Justin,Fields,QB,KC,Active
8824,Samson Nacua,Samson,Nacua,WR,,Active
39,Manny Lawson,Manny,Lawson,LB,,Inactive
1658,Jordan Devey,Jordan,Devey,OL,,Active
5088,Duke Ejiofor,Duke,Ejiofor,LB,ATL,Active
1120,Julian Stanford,Julian,Stanford,LB,,Active
11236,Devonnsha Maxwell,Devonnsha,Maxwell,DL,ATL,Active
6460,Cole Herdman,Cole,Herdman,TE,,Active
4900,Ozzie Newsome,Ozzie,Newsome,,,Inactive
13811,Drey Norwood,Drey,Norwood,CB,LAR,Active
5714,Tim Wilson,Tim,Wilson,WR,,Active
12173,Jaxon Janke,Jaxon,Janke,WR,,Active
5134,Keith Kirkwood,Keith,Kirkwood,WR,,Active
12257,D.J. Miller,D.J.,Miller,CB,BUF,Active
8104,Dee Alford,Dee,Alford,DB,BUF,Active
6128,Rock Ya-Sin,Rock,Ya-Sin,CB,DET,Active
3447,Cayleb Jones,Cayleb,Jones,WR,,Active
8304,Player Invalid,Player,Invalid,LB,,Inactive
8258,Cade York,Cade,York,K,NYJ,Active
2309,Amari Cooper,Amari,Cooper,WR,,Active
754,Al Woods,Al,Woods,DT,,Active
3809,Demetris Anderson,Demetris,Anderson,NT,,Active
5362,Jordan Mailata,Jordan,Mailata,T,PHI,Active
11868,Micheal Mason,Micheal,Mason,DL,,Active
12243,Bump Cooper,Bump,Cooper,CB,,Inactive
7771,Jake Funk,Jake,Funk,RB,,Active
3397,Keith Marshall,Keith,Marshall,RB,,Active
1659,Will Pericak,Will,Pericak,G,,Active
13045,Federico Maranges,Federico,Maranges,OL,SEA,Active
4599,Michael Rector,Michael,Rector,WR,,Active
4406,Wes Lunt,Wes,Lunt,QB,,Active
8802,Alec Lindstrom,Alec,Lindstrom,C,,Active
2378,Tevin Coleman,Tevin,Coleman,RB,,Active
13984,Tyler Miller,Tyler,Miller,OL,DEN,Active
14065,Jarod Washington,Jarod,Washington,DB,MIN,Active
3675,Jarell Broxton,Jarell,Broxton,G,,Active
12043,Hayden Gillum,Hayden,Gillum,OL,,Active
4664,Nigel Harris,Nigel,Harris,ILB,,Active
3928,Jordan Walsh,Jordan,Walsh,OT,,Inactive
11313,Marquis Waters,Marquis,Waters,DB,,Active
8740,Caesar Dancy-Williams,Caesar,Dancy-Williams,CB,,Active
5469,Chris Schleuger,Chris,Schleuger,G,,Inactive
13490,Wade Woodaz,Wade,Woodaz,LB,HOU,Active
4866,Saquon Barkley,Saquon,Barkley,RB,PHI,Active
4945,Antoine Everett,Antoine,Everett,G,,Active
1376,Arthur Brown,Arthur,Brown,LB,,Inactive
5971,Ben Banogu,Ben,Banogu,DE,,Active
8778,Justin Rigg,Justin,Rigg,TE,,Active
1500,Jordan Reed,Jordan,Reed,TE,,Injured Reserve
4395,Torry McTyer,Torry,McTyer,CB,,Active
2218,Keith Lewis,Keith,Lewis,CB,,Inactive
7705,D'Ante Smith,D'Ante,Smith,G,,Active
7667,Tyson Campbell,Tyson,Campbell,CB,CLE,Active
11451,Dylan Deatherage,Dylan,Deatherage,T,,Active
13217,Hunter Dekkers,Hunter,Dekkers,QB,NO,Active
2921,Taylor Sloat,Taylor,Sloat,TE,,Active
8424,Kevin Marks,Kevin,Marks,RB,,Active
3672,David Richards,David,Richards,WR,,Inactive
290,Eric Weddle,Eric,Weddle,FS,LAR,Inactive
8152,Kennedy Brooks,Kennedy,Brooks,RB,,Active
8529,Tyarise Stevenson,Tyarise,Stevenson,DT,,Active
7448,Nick Leverett,Nick,Leverett,G,DAL,Active
11948,Robert Javier,Robert,Javier,CB,,Active
11915,Matthew Cindric,Matthew,Cindric,OL,,Active
4068,Mike Williams,Mike,Williams,WR,,Active
12370,Praise Olatoke,Praise,Olatoke,WR,,Active
3114,Dean Spanos,Dean,Spanos,,,Inactive
2281,Jimmy Staten,Jimmy,Staten,DT,,Inactive
6631,Jalen Allison,Jalen,Allison,DB,,Active
474,Hakeem Nicks,Hakeem,Nicks,WR,,Inactive
3867,Branden Jackson,Branden,Jackson,DE,,Inactive
7402,Julian Good-Jones,Julian,Good-Jones,G,WAS,Active
2057,Ken Bishop,Ken,Bishop,DT,,Inactive
1542,Kemal Ishmael,Kemal,Ishmael,SS,,Active
5940,Landis Durham,Landis,Durham,OLB,,Active
2080,Jay Bromley,Jay,Bromley,DT,,Inactive
8170,James Mitchell,James,Mitchell,TE,CAR,Active
1534,Michael Mauti,Michael,Mauti,LB,,Inactive
6679,Tuzar Skipper,Tuzar,Skipper,LB,,Active
12344,Tristan Wheeler,Tristan,Wheeler,LB,,Active
2483,Kyshoen Jarrett,Kyshoen,Jarrett,FS,,Inactive
12488,Kobe Hudson,Kobe,Hudson,WR,,Active
2692,Tevrin Brandon,Tevrin,Brandon,CB,,Inactive
8640,Sean Mahone,Sean,Mahone,DB,,Active
2781,Shayon Green,Shayon,Green,OLB,,Inactive
1833,Damien Williams,Damien,Williams,RB,,Inactive
5787,Bryce Bobo,Bryce,Bobo,WR,,Active
3954,Jake Metz,Jake,Metz,DE,,Active
7250,Jameson Houston,Jameson,Houston,CB,,Active
12554,Tyleik Williams,Tyleik,Williams,DL,DET,Active
3261,Rees Odhiambo,Rees,Odhiambo,OT,,Inactive
962,Mason Foster,Mason,Foster,LB,,Inactive
5639,Ryan Winslow,Ryan,Winslow,P,,Active
485,Khalif Barnes,Khalif,Barnes,T,,Inactive
523,Joe McKnight,Joe,McKnight,RB,,Inactive
10917,Byron Young,Byron,Young,LB,LAR,Active
4791,Darius Victor,Darius,Victor,RB,,Active
3641,Cleveland Wallace,Cleveland,Wallace,CB,,Active
6160,Josiah Tauaefa,Josiah,Tauaefa,ILB,,Active
13864,Aidan Keanaaina,Aidan,Keanaaina,DL,DET,Active
6244,Brandon Rusnak,Brandon,Rusnak,CB,,Active
6141,Drue Tranquill,Drue,Tranquill,LB,KC,Active
8440,Player Invalid,Player,Invalid,WR,,Inactive
6366,Andrew Williams,Andrew,Williams,DT,,Active
13110,Zach Horton,Zach,Horton,TE,,Active
7736,Lorenzo Burns,Lorenzo,Burns,CB,,Active
570,Seyi Ajirotutu,Seyi,Ajirotutu,WR,,Inactive
1727,Dominique Hamilton,Dominique,Hamilton,DT,,Inactive
12144,Je'Quan Burton,Je'Quan,Burton,WR,,Active
6662,Parker Hesse,Parker,Hesse,TE,,Active
1496,Justin Pugh,Justin,Pugh,OL,,Active
5420,Steven Richardson,Steven,Richardson,DT,,Active
12036,Ian Wheeler,Ian,Wheeler,RB,BUF,Active
5999,D'Cota Dixon,D'Cota,Dixon,FS,,Active
11664,Troy Fautanu,Troy,Fautanu,OL,PIT,Active
11546,Jack Landherr,Jack,Landherr,LS,,Active
5140,Jaelon Acklin,Jaelon,Acklin,WR,,Active
3703,Deon King,Deon,King,OLB,,Inactive
6048,Daylon Mack,Daylon,Mack,DT,,Inactive
7328,Asmar Bilal,Asmar,Bilal,LB,,Active
2271,Brock Coyle,Brock,Coyle,LB,,Inactive
1323,Sean McGrath,Sean,McGrath,TE,,Inactive
3579,Marshall Morgan,Marshall,Morgan,K,,Active
1962,Chris Martin,Chris,Martin,OT,,Inactive
6719,Larry Allen,Larry,Allen,G,,Inactive
6940,Shyheim Carter,Shyheim,Carter,DB,,Active
354,Michael Johnson,Michael,Johnson,DE,,Inactive
4929,Ahmad Fulwood,Ahmad,Fulwood,WR,,Active
8028,Romeo McKnight,Romeo,McKnight,DE,,Active
3578,Claudell Louis,Claudell,Louis,DE,,Active
507,C.J. Spiller,C.J.,Spiller,RB,,Inactive
4825,Freddie Brown,Freddie,Brown,WR,,Inactive
1146,Tyrone Crawford,Tyrone,Crawford,DE,,Injured Reserve
13853,Cam Miller,Cam,Miller,CB,CAR,Active
1244,Josh Gordon,Josh,Gordon,WR,,Active
3090,Mike Tannenbaum,Mike,Tannenbaum,,,Inactive
12696,Aeneas Peebles,Aeneas,Peebles,DT,BAL,Active
8080,Aashari Crosswell,Aashari,Crosswell,DB,,Active
4045,Derek Hart,Derek,Hart,LS,,Inactive
1596,Christine Michael,Christine,Michael,RB,,Inactive
12375,Trajan Jeffcoat,Trajan,Jeffcoat,DE,,Active
5790,Mike Basile,Mike,Basile,S,,Inactive
5822,Alexander Johnson,Alexander,Johnson,LB,,Active
4266,Shalom Luani,Shalom,Luani,SS,,Active
11875,Tre'Mon Morris-Brash,Tre'Mon,Morris-Brash,DE,,Active
3932,Mathu Gibson,Mathu,Gibson,G,,Inactive
5119,Jason Sanders,Jason,Sanders,K,NYJ,Active
5967,Tony Pollard,Tony,Pollard,RB,TEN,Active
12714,Bilhal Kone,Bilhal,Kone,CB,BAL,Active
1254,Josh Robinson,Josh,Robinson,CB,,Active
5384,Jonah Trinnaman,Jonah,Trinnaman,WR,,Inactive
8076,Michael Bandy,Michael,Bandy,WR,DEN,Active
6545,Chuck Harris,Chuck,Harris,DE,,Active
1444,Josh Evans,Josh,Evans,SS,,Inactive
5496,James Hearns,James,Hearns,LB,,Active
1271,Donnie Jones,Donnie,Jones,P,,Inactive
5982,Marquise Blair,Marquise,Blair,DB,,Active
12855,Alijah Clark,Alijah,Clark,DB,DAL,Active
695,Ted Ginn,Ted,Ginn,WR,,Injured Reserve
12756,Stephen Gosnell,Stephen,Gosnell,WR,BUF,Active
4476,Greg Mabin,Greg,Mabin,CB,,Active
5219,Antonio Simmons,Antonio,Simmons,DL,,Active
843,Cameron Heyward,Cameron,Heyward,DT,PIT,Active
7919,Jordon Scott,Jordon,Scott,DT,,Active
13991,Tamatoa McDonough,Tamatoa,McDonough,DL,,Active
12048,George Holani,George,Holani,RB,SEA,Active
11235,Morrell Osling,Morrell,Osling,DB,,Active
10217,Clayton Tune,Clayton,Tune,QB,,Active
3392,Daniel Lasco,Daniel,Lasco,RB,,Inactive
697,Leon Washington,Leon,Washington,RB,,Inactive
6851,Julian Okwara,Julian,Okwara,LB,CLE,Active
12157,Chelen Garnes,Chelen,Garnes,DB,,Active
12888,Dalen Cambre,Dalen,Cambre,WR,NYG,Active
10966,Robert Beal,Robert,Beal,LB,MIA,Active
11790,Nathaniel Watson,Nathaniel,Watson,LB,CLE,Active
5956,Isaiah Prince,Isaiah,Prince,T,,Inactive
584,Clay Harbor,Clay,Harbor,TE,,Inactive
4517,Ricky Ali'ifua,Ricky,Ali'ifua,DT,,Active
8466,Jake Camarda,Jake,Camarda,P,,Active
4499,Chase Dominguez,Chase,Dominguez,LS,,Active
7437,Kyle Williams,Kyle,Williams,WR,,Inactive
13008,Bill Norton,Bill,Norton,DL,LAR,Active
13353,Chris Brazzell,Chris,Brazzell,WR,CAR,Inactive
2617,Alex Singleton,Alex,Singleton,LB,DEN,Active
13883,Payton Zdroik,Payton,Zdroik,DL,LAR,Active
13976,Philip Florenzo,Philip,Florenzo,LS,ATL,Active
12641,Jaylin Lane,Jaylin,Lane,WR,WAS,Active
3454,Danny Anthrop,Danny,Anthrop,WR,,Active
384,David Bruton,David,Bruton,SS,,Injured Reserve
11496,Braydon Johnson,Braydon,Johnson,WR,,Active
738,Clark Harris,Clark,Harris,LS,,Inactive
6550,Dino Boyd,Dino,Boyd,OT,,Active
1885,Will Clarke,Will,Clarke,DE,,Inactive
4869,Winston Moss,Winston,Moss,,,Inactive
3241,Jonathan Bullard,Jonathan,Bullard,DE,DAL,Active
7379,Rysen John,Rysen,John,TE,,Active
3072,Derrick Mathews,Derrick,Mathews,OLB,,Inactive
4432,Corey Vereen,Corey,Vereen,DE,,Inactive
7690,Ben Cleveland,Ben,Cleveland,G,,Active
13623,Tomas Rimac,Tomas,Rimac,OL,MIN,Active
5471,Trey Johnson,Trey,Johnson,CB,,Active
3012,Karl Schmitz,Karl,Schmitz,P,,Injured Reserve
13362,Lee Hunter,Lee,Hunter,DL,CAR,Active
7778,Camaron Cheeseman,Camaron,Cheeseman,LS,,Active
12558,Josh Conerly,Josh,Conerly,OL,WAS,Active
6117,Dennis Allen,Dennis,Allen,,,Inactive
2458,Karlos Williams,Karlos,Williams,RB,,Inactive
1114,Justin Blackmon,Justin,Blackmon,WR,,Inactive
6014,Rashad Fenton,Rashad,Fenton,CB,,Active
8790,Brock Hoffman,Brock,Hoffman,C,PIT,Active
276,Jeremy Mincey,Jeremy,Mincey,DE,,Inactive
5485,Conor Sheehy,Conor,Sheehy,NT,,Active
3197,Emmanuel Ogbah,Emmanuel,Ogbah,DE,,Active
589,J'Marcus Webb,J'Marcus,Webb,OT,,Active
4348,Brandon Kublanow,Brandon,Kublanow,C,,Active
13387,Christen Miller,Christen,Miller,DL,NO,Active
2132,Jared Abbrederis,Jared,Abbrederis,WR,,Inactive
14036,Stephen Dix,Stephen,Dix,LB,,Active
1227,Joe Looney,Joe,Looney,OG,,Injured Reserve
1345,Kiko Alonso,Kiko,Alonso,LB,,Active
13487,Carver Willis,Carver,Willis,OL,SF,Active
10213,Tre Tucker,Tre,Tucker,WR,LV,Active
452,Bradley Fletcher,Bradley,Fletcher,CB,,Inactive
13696,Ja'Mori Maclin,Ja'Mori,Maclin,WR,BUF,Active
4987,Frank Ragnow,Frank,Ragnow,C,,Active
5916,Darrell Henderson,Darrell,Henderson,RB,,Active
6069,Stanley Morgan,Stanley,Morgan,WR,,Active
3908,Eric Wallace,Eric,Wallace,TE,,Active
13083,Bralyn Lux,Bralyn,Lux,DB,CIN,Active
12165,Spencer Sanders,Spencer,Sanders,QB,,Active
12812,Nash Jones,Nash,Jones,OG,,Active
12025,Nelson Ceaser,Nelson,Ceaser,DE,,Active
8826,Scott Patchan,Scott,Patchan,DE,,Active
5060,Braden Smith,Braden,Smith,OL,HOU,Active
11809,Marcellas Dial,Marcellas,Dial,DB,NE,Active
8130,Trey McBride,Trey,McBride,TE,ARI,Active
13286,Jadarian Price,Jadarian,Price,RB,SEA,Active
4357,Bryan Cox,Bryan,Cox,DE,,Active
126,Marcel Reece,Marcel,Reece,FB,,Inactive
6969,Dane Jackson,Dane,Jackson,CB,,Active
13845,Elijah Culp,Elijah,Culp,CB,ARI,Active
10211,Camerun Peoples,Camerun,Peoples,RB,,Active
294,Peyton Manning,Peyton,Manning,QB,,Inactive
3463,Jhurell Pressley,Jhurell,Pressley,RB,,Inactive
7536,Quintin Morris,Quintin,Morris,TE,JAX,Active
1280,Tim Barnes,Tim,Barnes,C,,Inactive
6573,Tyler Horton,Tyler,Horton,DB,,Active
6163,Alex Wesley,Alex,Wesley,WR,,Inactive
8538,Ryan Stonehouse,Ryan,Stonehouse,P,,Active
6491,Adam Choice,Adam,Choice,RB,,Active
13361,Romello Height,Romello,Height,LB,SF,Active
7677,Divine Deablo,Divine,Deablo,LB,ATL,Active
13497,Jalen Farmer,Jalen,Farmer,G,IND,Active
8073,Tyrone Wheatley,Tyrone,Wheatley,OL,ATL,Active
1949,Matt Feiler,Matt,Feiler,G,,Active
1275,Jonathan Grimes,Jonathan,Grimes,RB,,Inactive
13339,Davon Booth,Davon,Booth,RB,CLE,Active
3077,Rob Boras,Rob,Boras,,,Inactive
8142,Alec Pierce,Alec,Pierce,WR,IND,Active
621,Sam Bradford,Sam,Bradford,QB,,Inactive
11298,Ryan Jones,Ryan,Jones,TE,,Active
13396,Julian Neal,Julian,Neal,DB,SEA,Active
5491,DeQuinton Osborne,DeQuinton,Osborne,DT,,Active
5027,Geron Christian,Geron,Christian,OL,,Active
2465,Kenny Bell,Kenny,Bell,WR,,Inactive
10987,Atonio Mafi,Atonio,Mafi,OL,LV,Active
11893,Isaiah Stalbird,Isaiah,Stalbird,LB,NO,Active
3681,Michael Pierce,Michael,Pierce,DT,,Active
7045,Joshua Kelley,Joshua,Kelley,RB,,Active
5723,Casey Dunn,Casey,Dunn,C,,Inactive
7086,John Hightower,John,Hightower,WR,,Active
2544,Tre McBride,Tre,McBride,WR,,Inactive
11984,DeVere Levelston,DeVere,Levelston,DE,,Active
1563,Daren Bates,Daren,Bates,LB,,Active
11799,Tyler Davis,Tyler,Davis,DT,LAR,Active
871,Von Miller,Von,Miller,LB,,Active
7616,Kai Locksley,Kai,Locksley,WR,,Active
5380,Azeem Victor,Azeem,Victor,OLB,,Active
12902,Ethan Downs,Ethan,Downs,DE,KC,Inactive
5442,Trey Marshall,Trey,Marshall,DB,,Active
2839,Justin March-Lillard,Justin,March-Lillard,LB,,Active
6548,Marcus Marshall,Marcus,Marshall,RB,,Inactive
5503,J.C. Hassenauer,J.C.,Hassenauer,C,,Active
11234,Kendall Randolph,Kendall,Randolph,OL,,Active
11634,Player Invalid,Player,Invalid,WR,,Inactive
5349,Korey Cunningham,Korey,Cunningham,T,,Active
546,Earl Mitchell,Earl,Mitchell,DT,,Active
13449,Francis Mauigoa,Francis,Mauigoa,OT,NYG,Active
13309,Aaron Anderson,Aaron,Anderson,WR,CLE,Active
12570,Will Campbell,Will,Campbell,OT,NE,Active
3344,David Morgan,David,Morgan,TE,,Inactive
952,Sione Fua,Sione,Fua,NT,,Inactive
7210,Kendall Hinton,Kendall,Hinton,WR,,Active
2875,Tony Creecy,Tony,Creecy,RB,,Active
1741,Jordan Gay,Jordan,Gay,P,,Inactive
819,Muhammad Wilkerson,Muhammad,Wilkerson,DE,,Inactive
1427,Sam Montgomery,Sam,Montgomery,DE,,Inactive
11532,Matthew Trickett,Matthew,Trickett,K,,Active
13462,Jakobe Thomas,Jakobe,Thomas,DB,MIN,Active
861,Cameron Bradfield,Cameron,Bradfield,OT,,Inactive
8376,Alex Wright,Alex,Wright,DL,CLE,Active
1076,Johnson Bademosi,Johnson,Bademosi,CB,,Active
18,Gosder Cherilus,Gosder,Cherilus,T,,Inactive
11860,Beanie Bishop,Beanie,Bishop,CB,,Active
87,Jeff King,Jeff,King,TE,,Inactive
13843,Theron Gaines,Theron,Gaines,LB,BUF,Active
6964,Sean McKeon,Sean,McKeon,TE,IND,Active
2048,Marion Grice,Marion,Grice,RB,,Inactive
5366,Tim Settle,Tim,Settle,DT,WAS,Active
11648,Kedon Slovis,Kedon,Slovis,QB,ARI,Active
7754,Marquiss Spencer,Marquiss,Spencer,DE,,Active
8808,La'Kendrick Van Zandt,La'Kendrick,Van Zandt,DB,,Active
2248,Justin Renfrow,Justin,Renfrow,OT,,Inactive
4546,Zach Voytek,Zach,Voytek,G,,Active
10950,Braeden Daniels,Braeden,Daniels,OL,,Active
3214,Hunter Henry,Hunter,Henry,TE,NE,Active
5109,Duplicate Player,Duplicate,Player,WR,,Inactive
3863,Joe Licata,Joe,Licata,QB,,Inactive
1374,Brian Winters,Brian,Winters,OL,,Active
396,Louis Murphy,Louis,Murphy,WR,,Inactive
4587,Marcus Rios,Marcus,Rios,CB,,Inactive
8100,Blake Gallagher,Blake,Gallagher,LB,,Active
2272,Chase Dixon,Chase,Dixon,TE,,Inactive
4668,James Onwualu,James,Onwualu,LB,,Injured Reserve
534,Carlton Mitchell,Carlton,Mitchell,WR,,Inactive
4394,Praise Martin-Oguike,Praise,Martin-Oguike,OLB,,Inactive
5084,Natrell Jamerson,Natrell,Jamerson,DB,LV,Active
6564,Ethan Greenidge,Ethan,Greenidge,OL,,Active
5698,Brett Kendrick,Brett,Kendrick,OT,,Active
496,Brandon Gibson,Brandon,Gibson,WR,,Inactive
2863,Justin Currie,Justin,Currie,SS,,Inactive
285,Brian Robison,Brian,Robison,DE,,Inactive
1014,Richie Brockel,Richie,Brockel,TE,,Inactive
7336,James Gilbert,James,Gilbert,RB,,Active
4522,Carlton Agudosi,Carlton,Agudosi,WR,,Inactive
12932,Tyron Herring,Tyron,Herring,CB,CLE,Active
12254,Phillip Brooks,Phillip,Brooks,WR,,Active
5277,Deon Yelder,Deon,Yelder,TE,,Active
2925,Darius Davis,Darius,Davis,WR,,Active
7883,Jacob Capra,Jacob,Capra,OL,,Active
3651,Geno Matias-Smith,Geno,Matias-Smith,SS,,Active
4260,Adam Bisnowaty,Adam,Bisnowaty,OT,,Inactive
5533,Trenton Thompson,Trenton,Thompson,DT,,Active
12990,Jailin Walker,Jailin,Walker,LB,,Active
273,Corey Graham,Corey,Graham,FS,,Inactive
4467,Darrell Williams,Darrell,Williams,G,,Inactive
1757,Chance Casey,Chance,Casey,CB,,Inactive
12423,Clay Fields,Clay,Fields,CB,,Active
6754,Josh Gable,Josh,Gable,K,,Active
3976,Mitchell Trubisky,Mitchell,Trubisky,QB,TEN,Active
5330,Dorance Armstrong,Dorance,Armstrong,DE,WAS,Active
6812,Yetur Gross-Matos,Yetur,Gross-Matos,DE,,Active
13416,Roman Hemby,Roman,Hemby,RB,LV,Active
6759,Joe Judge,Joe,Judge,,,Inactive
3508,Marcus Henry,Marcus,Henry,OL,,Active
772,Ramon Humber,Ramon,Humber,LB,,Inactive
837,Buster Skrine,Buster,Skrine,DB,,Active
12215,Kevin Foelsch,Kevin,Foelsch,TE,,Active
10972,Terell Smith,Terell,Smith,DB,CHI,Active
1752,Malcolm Bronson,Malcolm,Bronson,FS,,Inactive
7584,Brennan Eagles,Brennan,Eagles,WR,,Active
13044,Wy'Kevious Thomas,Wy'Kevious,Thomas,DL,SEA,Active
5868,Greg Little,Greg,Little,T,,Inactive
4359,Cole Luke,Cole,Luke,CB,,Active
10876,Anton Harrison,Anton,Harrison,OL,JAX,Active
13356,Trebor Pena,Trebor,Pena,WR,JAX,Active
3063,Jordan Leslie,Jordan,Leslie,WR,,Inactive
11642,Lwal Uguak,Lwal,Uguak,DL,,Active
7523,Trevor Lawrence,Trevor,Lawrence,QB,JAX,Active
6500,Sterling Shippy,Sterling,Shippy,DT,,Active
8164,Matt Corral,Matt,Corral,QB,,Active
12508,Jaxson Dart,Jaxson,Dart,QB,NYG,Active
4966,Mike McGlinchey,Mike,McGlinchey,T,DEN,Active
8773,Jeff Blackshear,Jeff,Blackshear,G,,Inactive
1852,Dakota Dozier,Dakota,Dozier,G,,Inactive
10995,Tre Tomlinson,Tre,Tomlinson,CB,,Active
173,Andy Tanner,Andy,Tanner,WR,,Inactive
3544,Mike Matthews,Mike,Matthews,C,,Active
3631,Aaron Neary,Aaron,Neary,C,,Active
13674,Chris Hilton,Chris,Hilton,WR,WAS,Active
13050,Austin Brinkman,Austin,Brinkman,LS,HOU,Active
4224,Chuck Clark,Chuck,Clark,DB,DET,Active
13376,Caleb Downs,Caleb,Downs,DB,DAL,Active
11605,Jaheim Bell,Jaheim,Bell,TE,PIT,Active
6874,Kenny Willekes,Kenny,Willekes,DE,,Active
1913,K'Waun Williams,K'Waun,Williams,CB,,Active
7845,Thomas Schaffer,Thomas,Schaffer,DE,,Inactive
7629,Payton Turner,Payton,Turner,DE,DET,Active
1724,Rashad Ross,Rashad,Ross,WR,,Inactive
3608,Lamar Louis,Lamar,Louis,OLB,,Inactive
40,Martellus Bennett,Martellus,Bennett,TE,,Inactive
4549,Rashaad Coward,Rashaad,Coward,OL,,Active
3088,Doug Pederson,Doug,Pederson,,,Inactive
8483,Kyron Johnson,Kyron,Johnson,DE,,Inactive
13839,Chase Curtis,Chase,Curtis,TE,NYJ,Active
6910,Darrell Taylor,Darrell,Taylor,DE,,Active
6633,Matt Nelson,Matt,Nelson,T,,Active
826,Torrey Smith,Torrey,Smith,WR,,Injured Reserve
1265,Daryl Richardson,Daryl,Richardson,RB,,Inactive
1736,Melvin White,Melvin,White,CB,,Inactive
1746,Tevita Finau,Tevita,Finau,DE,,Inactive
4294,Deante Burton,Deante,Burton,CB,,Active
460,Max Unger,Max,Unger,C,,Injured Reserve
4052,Dan Rooney,Dan,Rooney,,,Inactive
953,Terrell McClain,Terrell,McClain,DT,,Inactive
2260,Marcus Martin,Marcus,Martin,C,,Active
1771,M Harris,M,Harris,WR,,Inactive
7185,Ray Wilborn,Ray,Wilborn,LB,,Active
8467,Jordan Stout,Jordan,Stout,P,NYG,Active
3716,Kentrell Brice,Kentrell,Brice,FS,,Inactive
11348,Trevor Nowaske,Trevor,Nowaske,LB,DET,Active
11206,Benny Sapp,Benny,Sapp,DB,,Active
5207,Marchie Murdock,Marchie,Murdock,WR,,Active
5470,Kendal Vickers,Kendal,Vickers,DE,,Active
7911,Alex Hoffman,Alex,Hoffman,OL,,Active
2155,Scott Crichton,Scott,Crichton,DE,,Inactive
5044,Isaiah Oliver,Isaiah,Oliver,CB,ARI,Active
7897,Roland Rivers,Roland,Rivers,QB,,Inactive
11030,Moro Ojomo,Moro,Ojomo,DE,PHI,Active
3289,Derrick Kindred,Derrick,Kindred,FS,,Inactive
11986,Antonio Grier,Antonio,Grier,LB,,Active
13529,Fernando Carmona,Fernando,Carmona,G,TEN,Active
11193,Brenton Cox,Brenton,Cox,LB,GB,Active
1036,Marcus Forston,Marcus,Forston,DT,,Inactive
13928,Geno VanDeMark,Geno,VanDeMark,OL,IND,Active
8700,Savon Scarver,Savon,Scarver,WR,,Active
4091,Marcus Williams,Marcus,Williams,DB,,Active
1369,Tommy Bohanon,Tommy,Bohanon,FB,,Inactive
1491,Michael Cox,Michael,Cox,RB,,Inactive
6330,Santos Ramirez,Santos,Ramirez,FS,,Active
3472,David Grinnage,David,Grinnage,TE,,Inactive
4066,Evan Engram,Evan,Engram,TE,DEN,Active
1225,LaMichael James,LaMichael,James,RB,,Inactive
473,Rob Ninkovich,Rob,Ninkovich,DE,,Inactive
11329,Josh Vann,Josh,Vann,WR,,Active
1142,David Molk,David,Molk,C,,Inactive
8851,Blaise Andries,Blaise,Andries,OL,,Inactive
13670,Harrison Wallace,Harrison,Wallace,WR,ARI,Active
6467,Jonathan Harris,Jonathan,Harris,DT,,Active
7706,Josh Ball,Josh,Ball,OT,,Active
12793,Desmond Watson,Desmond,Watson,DL,,Active
12533,Jacory Croskey-Merritt,Jacory,Croskey-Merritt,RB,WAS,Active
12448,Camron Peterson,Camron,Peterson,DL,,Active
7981,Zac Dawe,Zac,Dawe,DT,,Active
3856,Braxton Deaver,Braxton,Deaver,TE,,Inactive
12405,Mike Thompson,Mike,Thompson,DL,,Active
6524,Jamire Jordan,Jamire,Jordan,WR,,Active
778,RJ Stanford,RJ,Stanford,CB,,Inactive
4830,Austin Gearing,Austin,Gearing,LB,,Active
3048,Chris Manhertz,Chris,Manhertz,TE,NYG,Active
7330,Romeo Finley,Romeo,Finley,LB,,Inactive
3164,Ezekiel Elliott,Ezekiel,Elliott,RB,,Active
6227,Nick Easley,Nick,Easley,WR,,Active
3942,Kyle Steuck,Kyle,Steuck,C,,Active
5415,Zachary Crabtree,Zachary,Crabtree,OT,,Active
1687,Chris Barker,Chris,Barker,G,,Inactive
12723,Hunter Wohler,Hunter,Wohler,DB,IND,Active
1175,Casey Hayward,Casey,Hayward,CB,,Active
13668,Tony Grimes,Tony,Grimes,DB,,Active
5789,Nathan Bazata,Nathan,Bazata,DT,,Active
1068,Dre Kirkpatrick,Dre,Kirkpatrick,CB,,Active
3986,Jeff Richards,Jeff,Richards,CB,,Inactive
13561,Cole Wisniewski,Cole,Wisniewski,DB,PHI,Active
151,Lavelle Hawkins,Lavelle,Hawkins,WR,,Inactive
3310,Jordan Payton,Jordan,Payton,WR,,Inactive
2728,Ashaad Mabry,Ashaad,Mabry,DT,,Active
874,Julius Thomas,Julius,Thomas,TE,,Inactive
8087,K.J. Costello,K.J.,Costello,QB,,Active
4402,Tashawn Bower,Tashawn,Bower,DE,,Active
7767,Kary Vincent,Kary,Vincent,CB,,Active
5544,Marcus Porter,Marcus,Porter,ILB,,Active
2363,Markus Golden,Markus,Golden,LB,,Active
2036,Khalil Mack,Khalil,Mack,LB,LAC,Active
7284,Travis Reed,Travis,Reed,CB,,Inactive
3052,Kendrick Ings,Kendrick,Ings,WR,,Active
13485,Will Lee,Will,Lee,CB,CAR,Active
5903,Will Grier,Will,Grier,QB,,Active
3468,Robert Kugler,Robert,Kugler,C,,Active
13723,Devan Boykin,Devan,Boykin,DB,PIT,Active
4212,Marquel Lee,Marquel,Lee,LB,,Active
6886,Chase Claypool,Chase,Claypool,WR,,Inactive
3432,Joseph Cheek,Joseph,Cheek,G,,Active
11907,Dallas Gant,Dallas,Gant,LB,,Active
12835,Marlowe Wax,Marlowe,Wax,LB,LAC,Active
10,Stephen Tulloch,Stephen,Tulloch,LB,,Inactive
7912,Trill Williams,Trill,Williams,CB,,Active
2841,Kevin Short,Kevin,Short,CB,,Active
6945,Antonio Gibson,Antonio,Gibson,RB,,Active
2732,Connor Hamlett,Connor,Hamlett,TE,,Inactive
12841,Garmon Randolph,Garmon,Randolph,LB,LAC,Active
954,Cam Newton,Cam,Newton,QB,,Active
7117,L'Jarius Sneed,L'Jarius,Sneed,CB,KC,Active
5824,Hayden Hunt,Hayden,Hunt,P,,Active
4704,Tyler Ferguson,Tyler,Ferguson,QB,,Active
3711,Quinshad Davis,Quinshad,Davis,WR,,Inactive
11394,Mitchell Agude,Mitchell,Agude,LB,,Active
12787,Josh Williams,Josh,Williams,RB,TB,Active
6932,Charlie Taumoepeau,Charlie,Taumoepeau,TE,,Active
222,Josh Morgan,Josh,Morgan,WR,,Inactive
17,Matt Prater,Matt,Prater,K,,Active
1934,Justin McCray,Justin,McCray,OL,,Active
5144,Malik Williams,Malik,Williams,RB,,Active
4550,Hendrick Ekpe,Hendrick,Ekpe,OLB,,Active
2314,Ereck Flowers,Ereck,Flowers,T,WAS,Active
3487,Michael Jordan,Michael,Jordan,CB,,Inactive
1367,Logan Ryan,Logan,Ryan,DB,,Active
8393,Qwynnterrio Cole,Qwynnterrio,Cole,DB,,Active
6264,Jay Hayes,Jay,Hayes,DE,,Active
8227,Teagan Quitoriano,Teagan,Quitoriano,TE,ARI,Active
5509,Kyle Bosch,Kyle,Bosch,G,,Active
573,Cam Thomas,Cam,Thomas,NT,,Inactive
9223,Tiyon Evans,Tiyon,Evans,RB,,Active
435,Lawrence Sidbury,Lawrence,Sidbury,LB,,Inactive
6495,Jay-Tee Tiuli,Jay-Tee,Tiuli,NT,,Active
3182,Shaq Lawson,Shaq,Lawson,DE,,Active
4391,Larry Hope,Larry,Hope,CB,,Active
8833,Dallis Flowers,Dallis,Flowers,CB,CHI,Active
6333,Keisean Nixon,Keisean,Nixon,CB,GB,Active
505,Alex Carrington,Alex,Carrington,DE,,Inactive
8387,Jeremiah Gemmel,Jeremiah,Gemmel,LB,,Active
4888,Mark Helfrich,Mark,Helfrich,,,Inactive
6543,Kevin Wilkins,Kevin,Wilkins,DE,,Inactive
906,Phillip Tanner,Phillip,Tanner,RB,,Inactive
8232,Jaquarii Roberson,Jaquarii,Roberson,WR,,Active
201,Marques Colston,Marques,Colston,WR,,Inactive
13746,Bernard Gooden,Bernard,Gooden,DL,,Active
3974,Jon Gruden,Jon,Gruden,,,Inactive
11,Garrett Hartley,Garrett,Hartley,K,,Inactive
3985,Vic Fangio,Vic,Fangio,,,Inactive
11111,Sy Barnett,Sy,Barnett,WR,,Active
5373,Jullian Taylor,Jullian,Taylor,DT,,Active
2375,Jaelen Strong,Jaelen,Strong,WR,,Inactive
1646,A.J. Francis,A.J.,Francis,DT,,Inactive
2357,Jordan Phillips,Jordan,Phillips,DE,,Active
8275,Josh Jobe,Josh,Jobe,DB,SEA,Active
3148,Anthony Dable,Anthony,Dable,WR,,Active
6215,Wes Martin,Wes,Martin,G,,Active
1561,Steven Means,Steven,Means,LB,,Inactive
13366,Joshua Josephs,Joshua,Josephs,DL,WAS,Active
12837,Solomon DeShields,Solomon,DeShields,LB,,Active
7953,Bryan Mills,Bryan,Mills,CB,MIN,Active
8082,Jared Hocker,Jared,Hocker,G,,Active
5901,Tytus Howard,Tytus,Howard,OL,CLE,Active
5097,Wyatt Teller,Wyatt,Teller,G,HOU,Active
2898,Cameron Clear,Cameron,Clear,TE,,Active
108,Steve Johnson,Steve,Johnson,WR,,Inactive
6571,Tre Watson,Tre,Watson,ILB,,Active
3009,Sean Hickey,Sean,Hickey,OT,,Inactive
8400,Travis Jones,Travis,Jones,DL,BAL,Active
1712,Jordan Mabin,Jordan,Mabin,CB,,Inactive
6362,Dredrick Snelson,Dredrick,Snelson,WR,,Inactive
11565,J.J. McCarthy,J.J.,McCarthy,QB,MIN,Active
11057,Duplicate Player,Duplicate,Player,,,
11674,Tyler Nubin,Tyler,Nubin,DB,NYG,Active
3872,Bennett Okotcha,Bennett,Okotcha,CB,,Active
11859,John Rhys Plumlee,John Rhys,Plumlee,QB,,Active
2488,Evan Spencer,Evan,Spencer,WR,,Inactive
5943,Ross Pierschbacher,Ross,Pierschbacher,OL,,Active
3960,Bill O'Brien,Bill,O'Brien,,,Inactive
7364,Blake Lynch,Blake,Lynch,LB,,Active
3547,Braedon Bowman,Braedon,Bowman,TE,,Inactive
335,Eric Wood,Eric,Wood,C,,Inactive
10992,Yasir Abdullah,Yasir,Abdullah,LB,JAX,Active
12444,Mike Smith,Mike,Smith,LB,,Active
8654,Timmy Horne,Timmy,Horne,DT,TEN,Active
8171,Kyle Philips,Kyle,Philips,WR,,Active
6385,Matt Colburn,Matt,Colburn,RB,,Active
5738,Josh Okonye,Josh,Okonye,CB,,Active
1032,Mychal Kendricks,Mychal,Kendricks,LB,,Active
999,Marcus Easley,Marcus,Easley,WR,,Inactive
4405,Caleb Kidder,Caleb,Kidder,DE,,Active
13539,Anez Cooper,Anez,Cooper,G,NYJ,Active
12960,Michael Reid,Michael,Reid,CB,NO,Active
8220,Sincere McCormick,Sincere,McCormick,RB,SF,Active
10956,Dawand Jones,Dawand,Jones,OL,CLE,Active
758,Shayne Graham,Shayne,Graham,K,,Inactive
11686,Javon Bullard,Javon,Bullard,DB,GB,Active
11332,Travez Moore,Travez,Moore,LB,,Active
12039,TD Ayo-Durojaiye,TD,Ayo-Durojaiye,RB,,Active
490,Chase Daniel,Chase,Daniel,QB,,Active
12331,Irshaad Davis,Irshaad,Davis,CB,,Active
8676,Rashid Shaheed,Rashid,Shaheed,WR,SEA,Active
1022,Thaddeus Lewis,Thaddeus,Lewis,QB,,Inactive
13285,Malachi Fields,Malachi,Fields,WR,NYG,Active
6271,Olamide Zaccheaus,Olamide,Zaccheaus,WR,ATL,Active
4879,Francis Owusu,Francis,Owusu,WR,,Inactive
1641,Devin Taylor,Devin,Taylor,DE,,Inactive
11000,Zaire Barnes,Zaire,Barnes,LB,NYG,Active
5756,Garrett Dickerson,Garrett,Dickerson,TE,,Active
13392,Jeff Caldwell,Jeff,Caldwell,WR,KC,Active
563,Eric Berry,Eric,Berry,SS,,Inactive
2108,Kyle Fuller,Kyle,Fuller,CB,,Inactive
13882,Ryan Schernecke,Ryan,Schernecke,OL,NYG,Active
11848,Casey Bauman,Casey,Bauman,QB,,Active
7668,Aaron Robinson,Aaron,Robinson,CB,,Active
4586,Dontrell Nelson,Dontrell,Nelson,CB,,Active
4300,Robert Leff,Robert,Leff,OT,,Active
3039,Kyle Roberts,Kyle,Roberts,OT,,Inactive
461,Michael Vick,Michael,Vick,QB,,Inactive
7178,Hunter Atkinson,Hunter,Atkinson,OT,,Active
1069,Shaun Prater,Shaun,Prater,CB,,Inactive
6990,Tanner Muse,Tanner,Muse,LB,,Active
4253,Vincent Taylor,Vincent,Taylor,DT,,Inactive
1255,Mark Barron,Mark,Barron,LB,,Inactive
7070,Parker Braun,Parker,Braun,G,,Inactive
11885,Ramel Keyton,Ramel,Keyton,WR,,Active
5391,Steven Dunbar,Steven,Dunbar,WR,,Inactive
2726,Henry Coley,Henry,Coley,OLB,,Active
3525,Stephane Nembot,Stephane,Nembot,OT,,Active
12174,Ralen Goforth,Ralen,Goforth,LB,,Active
282,Alan Branch,Alan,Branch,DT,,Inactive
13265,Rob Carter,Rob,Carter,CB,IND,Active
86,Dante Rosario,Dante,Rosario,TE,,Inactive
8133,Player Invalid,Player,Invalid,WR,,Inactive
6866,KJ Hill,KJ,Hill,WR,LAC,Active
2756,Andrew Gleichert,Andrew,Gleichert,TE,,Active
11778,Jordan Magee,Jordan,Magee,LB,WAS,Active
3026,Mike Hartline,Mike,Hartline,QB,,Inactive
12944,Dorian Mausi,Dorian,Mausi,LB,TEN,Active
6219,Austin Seibert,Austin,Seibert,K,,Active
6291,Donovan Wilson,Donovan,Wilson,DB,,Active
1221,Ryan Lindley,Ryan,Lindley,QB,,Inactive
7239,Clay Cordasco,Clay,Cordasco,G,,Active
4416,Austin Carr,Austin,Carr,WR,,Inactive
5135,Saeed Blacknall,Saeed,Blacknall,WR,,Inactive
12086,Cam Johnson,Cam,Johnson,WR,,Active
2192,Andrew Norwell,Andrew,Norwell,OL,,Active
841,Chris Carter,Chris,Carter,LB,,Inactive
8287,David Ojabo,David,Ojabo,DL,MIA,Active
3477,Jack Allen,Jack,Allen,C,,Inactive
2651,Phillip Sims,Phillip,Sims,QB,,Active
4660,Sean Culkin,Sean,Culkin,TE,,Inactive
244,Ben Grubbs,Ben,Grubbs,G,,Inactive
13046,Jalan Gaines,Jalan,Gaines,DL,SEA,Active
8050,Lorenzo Neal,Lorenzo,Neal,DT,,Active
607,Joe Hawley,Joe,Hawley,C,,Inactive
1486,Travis Frederick,Travis,Frederick,C,,Injured Reserve
13098,Jack Henderson,Jack,Henderson,DB,PIT,Active
3635,Frank Shannon,Frank,Shannon,ILB,,Active
13829,David Blay,David,Blay,DT,NE,Active
11792,Will Reichard,Will,Reichard,K,MIN,Active
5435,Tarvarus McFadden,Tarvarus,McFadden,CB,,Inactive
11717,Elijah Jones,Elijah,Jones,DB,ARI,Active
13300,Le'Veon Moss,Le'Veon,Moss,RB,,Active
7761,Tre Norwood,Tre,Norwood,DB,,Active
5206,Trevor Daniel,Trevor,Daniel,P,,Active
5447,Lashard Durr,Lashard,Durr,CB,,Inactive
13868,Thaddeus Dixon,Thaddeus,Dixon,CB,NYG,Inactive
1753,Isaako Aaitui,Isaako,Aaitui,NT,,Inactive
7443,Teair Tart,Teair,Tart,DT,LAC,Active
3180,Robert Nkemdiche,Robert,Nkemdiche,DT,,Active
1259,Olivier Vernon,Olivier,Vernon,DE,,Active
6920,Isaiah Hodgins,Isaiah,Hodgins,WR,NYG,Active
2187,Kony Ealy,Kony,Ealy,DE,,Inactive
3485,Henry Krieger-Coble,Henry,Krieger-Coble,TE,,Inactive
12527,Ashton Jeanty,Ashton,Jeanty,RB,LV,Active
11992,Nolan Potter,Nolan,Potter,OL,,Active
7680,Ifeatu Melifonwu,Ifeatu,Melifonwu,CB,TB,Active
10225,Jonathan Mingo,Jonathan,Mingo,WR,DAL,Active
3427,Trae Elston,Trae,Elston,SS,,Inactive
3055,Robert Myers,Robert,Myers,G,,Injured Reserve
3516,Mitch Mathews,Mitch,Mathews,WR,,Active
12470,Riley Leonard,Riley,Leonard,QB,IND,Active
7685,Brandon Stephens,Brandon,Stephens,DB,NYJ,Active
4859,Ahmad Thomas,Ahmad,Thomas,ILB,,Active
1622,Frank Beltre,Frank,Beltre,ILB,,Active
5575,Devondre Seymour,Devondre,Seymour,OT,,Active
12161,Loren Strickland,Loren,Strickland,DB,DET,Active
1873,Richie Leone,Richie,Leone,P,,Active
12118,Jacob Warren,Jacob,Warren,TE,,Active
2362,Rob Havenstein,Rob,Havenstein,OL,,Inactive
7263,Steven Wirtel,Steven,Wirtel,LS,,Active
13155,Chandler Martin,Chandler,Martin,LB,,Active
3042,Mitchell Bell,Mitchell,Bell,G,,Inactive
2869,C.J. Goodwin,C.J.,Goodwin,CB,,Active
1963,Jonotthan Harrison,Jonotthan,Harrison,OL,,Active
12076,Austin McNamara,Austin,McNamara,P,NYJ,Active
8610,Caleb Jones,Caleb,Jones,T,,Active
1018,Ronald Talley,Ronald,Talley,DE,,Inactive
4827,Germone Hopper,Germone,Hopper,WR,,Active
11761,Tommy Eichenberg,Tommy,Eichenberg,LB,LV,Active
7329,Cole Christiansen,Cole,Christiansen,LB,KC,Active
3930,Kevin White,Kevin,White,CB,,Inactive
12473,Mitchell Evans,Mitchell,Evans,TE,CAR,Active
8428,Zander Horvath,Zander,Horvath,RB,,Active
13780,Terion Stewart,Terion,Stewart,RB,KC,Active
12563,Grey Zabel,Grey,Zabel,OT,SEA,Active
1690,Ka'Lial Glaud,Ka'Lial,Glaud,OLB,,Inactive
213,Mike McGlynn,Mike,McGlynn,G,,Inactive
10920,Tyler Steen,Tyler,Steen,OL,PHI,Active
1025,Brandon Boykin,Brandon,Boykin,CB,,Inactive
1102,Keshawn Martin,Keshawn,Martin,WR,,Inactive
11221,James Campbell,James,Campbell,CB,,Active
12880,Silas Bolden,Silas,Bolden,WR,,Active
ATL,,Atlanta,Falcons,DEF,ATL,
5280,Pharoah McKever,Pharoah,McKever,TE,,Inactive
878,Justin Houston,Justin,Houston,DL,,Active
10219,Chris Rodriguez,Chris,Rodriguez,RB,JAX,Active
10933,DeMarvion Overshown,DeMarvion,Overshown,LB,DAL,Active
4051,Chad Kelly,Chad,Kelly,QB,,Active
4563,Taylor McNamara,Taylor,McNamara,TE,,Active
7633,Kwity Paye,Kwity,Paye,DE,LV,Active
8607,Tre Sterling,Tre,Sterling,DB,,Active
5271,Buddy Howell,Buddy,Howell,RB,,Active
4985,Rashaad Penny,Rashaad,Penny,RB,,Active
4725,Phazahn Odom,Phazahn,Odom,TE,,Active
13277,CJ Donaldson,CJ,Donaldson,RB,NO,Active
3810,Brandon Burks,Brandon,Burks,RB,,Inactive
5917,Mecole Hardman,Mecole,Hardman,WR,BUF,Active
13398,Treydan Stukes,Treydan,Stukes,DB,LV,Active
8710,Jack Cochrane,Jack,Cochrane,LB,KC,Active
1121,Omar Bolden,Omar,Bolden,FS,,Inactive
2727,Travis Manning,Travis,Manning,CB,,Active
3836,James Cowser,James,Cowser,OLB,,Inactive
6767,Joe Brady,Joe,Brady,,,Inactive
5361,Avonte Maddox,Avonte,Maddox,CB,DET,Active
5632,Elijah Norris,Elijah,Norris,ILB,,Active
1156,Chris Greenwood,Chris,Greenwood,CB,,Inactive
381,Terrance Knighton,Terrance,Knighton,NT,,Inactive
12054,Jimmy Ciarlo,Jimmy,Ciarlo,LB,BUF,Active
7925,Jerome Johnson,Jerome,Johnson,DT,,Active
4270,Colin Holba,Colin,Holba,LS,CIN,Active
5336,Ade Aruna,Ade,Aruna,DE,,Active
1775,Eric Martin,Eric,Martin,LB,,Inactive
683,Tim Jennings,Tim,Jennings,CB,,Inactive
6419,P.J. Locke,P.J.,Locke,DB,DAL,Active
3699,Rodney Coe,Rodney,Coe,DT,,Inactive
2775,Jermauria Rasco,Jermauria,Rasco,OLB,,Inactive
823,Pernell McPhee,Pernell,McPhee,LB,,Active
13358,Anthony Lucas,Anthony,Lucas,DL,DET,Active
2945,Lee Ward,Lee,Ward,RB,,Active
12513,TreVeyon Henderson DUPLICATE,TreVeyon,Henderson DUPLICATE,,,
8856,Elijah Hamilton,Elijah,Hamilton,CB,,Active
7047,Dante Olson,Dante,Olson,LB,,Active
4983,DJ Moore,DJ,Moore,WR,BUF,Active
12460,Antwane Wells,Antwane,Wells,WR,ATL,Active
3100,Ronnie Shields,Ronnie,Shields,TE,,Inactive
5022,Dallas Goedert,Dallas,Goedert,TE,PHI,Active
13998,Jack Walsh,Jack,Walsh,C,,Active
6413,Lanard Bonner,Lanard,Bonner,OT,,Active
12849,Traeshon Holden,Traeshon,Holden,WR,DAL,Active
735,Danny Woodhead,Danny,Woodhead,RB,,Inactive
616,Jimmy Graham,Jimmy,Graham,TE,,Active
13334,C.J. Charleston,C.J.,Charleston,WR,,Active
10901,Keeanu Benton,Keeanu,Benton,NT,PIT,Active
CAR,,Carolina,Panthers,DEF,CAR,
629,Dan Williams,Dan,Williams,DT,,Inactive
7436,Mason Kinsey,Mason,Kinsey,WR,TEN,Active
376,Antonio Smith,Antonio,Smith,DE,,Inactive
4434,Brisly Estime,Brisly,Estime,WR,,Active
1574,Jonathan Cooper,Jonathan,Cooper,G,,Inactive
6405,Ken Webster,Ken,Webster,CB,NYJ,Inactive
518,Devin McCourty,Devin,McCourty,DB,,Active
341,Tony McDaniel,Tony,McDaniel,DT,,Injured Reserve
3045,Gannon Sinclair,Gannon,Sinclair,TE,,Active
1565,Cody Davis,Cody,Davis,DB,,Active
13633,Rodney Shelley,Rodney,Shelley,CB,LAC,Active
12181,Peter Bowden,Peter,Bowden,LS,LAC,Active
8664,Brad Hawkins,Brad,Hawkins,DB,,Active
1976,Zurlon Tipton,Zurlon,Tipton,RB,,Inactive
11547,Nehemiah Shelton,Nehemiah,Shelton,CB,,Active
12764,Keonta Jenkins,Keonta,Jenkins,LB,BUF,Active
2923,Connor Neighbors,Connor,Neighbors,RB,,Active
1693,Zach Line,Zach,Line,FB,,Injured Reserve
5176,Davon Grayson,Davon,Grayson,WR,,Active
11360,Matthew Vanderslice,Matthew,Vanderslice,OL,,Active
7702,Royce Newman,Royce,Newman,OL,,Active
13579,Red Murdock,Red,Murdock,LB,DEN,Active
1481,Brad Sorensen,Brad,Sorensen,QB,,Inactive
8479,Braxton Jones,Braxton,Jones,OL,CHI,Active
6935,Josiah Scott,Josiah,Scott,CB,,Active
7177,Evin Ksiezarczyk,Evin,Ksiezarczyk,OL,,Active
8284,Vincent Gray,Vincent,Gray,DB,,Active
3611,Garrett Swanson,Garrett,Swanson,P,,Active
14031,Kyron Hudson,Kyron,Hudson,WR,CHI,Active
8730,David Vereen,David,Vereen,CB,,Active
13466,Keyron Crawford,Keyron,Crawford,DE,LV,Active
1511,Cornelius Washington,Cornelius,Washington,DE,,Inactive
2493,Darius Philon,Darius,Philon,DT,,Active
14030,Wayne Matthews,Wayne,Matthews,LB,CHI,Active
1943,Lacoltan Bester,Lacoltan,Bester,WR,,Active
6701,Fred Trevillion,Fred,Trevillion,WR,,Inactive
3285,Antonio Morrison,Antonio,Morrison,ILB,,Inactive
4541,Brandon Reilly,Brandon,Reilly,WR,,Inactive
2952,Ray Vinopal,Ray,Vinopal,SS,,Inactive
4990,Shaquille Leonard,Shaquille,Leonard,LB,,Active
6612,Luke Gifford,Luke,Gifford,LB,SF,Active
6031,Alex Barnes,Alex,Barnes,RB,,Active
11269,Caleb Biggers,Caleb,Biggers,CB,,Active
8922,Harrison Elliott,Harrison,Elliott,LS,,Inactive
5678,Ike Boettger,Ike,Boettger,OG,,Active
11271,Jeremiah Martin,Jeremiah,Martin,DL,CHI,Active
12125,Mark Perry,Mark,Perry,DB,GB,Active
1696,Brandon Williams,Brandon,Williams,CB,,Active
307,Shane Lechler,Shane,Lechler,P,,Inactive
4129,Jourdan Lewis,Jourdan,Lewis,CB,JAX,Active
11182,Ronald Awatt,Ronald,Awatt,RB,,Active
3030,Kai De La Cruz,Kai,De La Cruz,WR,,Inactive
13042,Xavier Guillory,Xavier,Guillory,WR,BAL,Active
12724,Kyonte Hamilton,Kyonte,Hamilton,DL,HOU,Active
8768,Jesse Bramble,Jesse,Bramble,DB,,Active
7556,Marquez Stevenson,Marquez,Stevenson,WR,,Active
11405,Trey Botts,Trey,Botts,DT,,Active
794,Kamar Aiken,Kamar,Aiken,WR,,Inactive
7774,Jimmy Morrissey,Jimmy,Morrissey,OL,IND,Active
4178,Donnel Pumphrey,Donnel,Pumphrey,RB,,Inactive
5182,Patrick Morris,Patrick,Morris,C,,Active
3462,Jared Dangerfield,Jared,Dangerfield,WR,,Active
4273,Chris Carson,Chris,Carson,RB,,Active
478,Lardarius Webb,Lardarius,Webb,FS,,Inactive
602,Sam Shields,Sam,Shields,CB,,Inactive
12838,Nikko Reed,Nikko,Reed,DB,LAC,Active
8524,Ja'Tyre Carter,Ja'Tyre,Carter,OL,CAR,Active
543,Garrett Graham,Garrett,Graham,TE,,Inactive
3061,Lou Anarumo,Lou,Anarumo,,,Inactive
4708,KeVonn Mabon,KeVonn,Mabon,WR,,Active
8604,Cole Schneider,Cole,Schneider,C,,Active
3205,Cody Kessler,Cody,Kessler,QB,,Active
4202,Nate Hairston,Nate,Hairston,CB,,Active
6692,Joe Horn,Joe,Horn,WR,,Active
1719,Antoine McClain,Antoine,McClain,G,,Inactive
13043,Chris Tyree,Chris,Tyree,WR,,Active
4013,John Lynch,John,Lynch,,,Inactive
12816,Dalton Cooper,Dalton,Cooper,OT,GB,Active
2021,Kona Schwenke,Kona,Schwenke,G,,Inactive
11322,Jerome Carvin,Jerome,Carvin,OL,JAX,Active
13160,Reggie Brown,Reggie,Brown,TE,,Active
3946,Jake Ceresna,Jake,Ceresna,DE,,Active
220,DeMeco Ryans,DeMeco,Ryans,LB,,Inactive
12853,Justin Barron,Justin,Barron,LB,DAL,Active
2637,Casey Pierce,Casey,Pierce,TE,,Inactive
2886,Justin Sinz,Justin,Sinz,TE,,Active
5799,Darius Prince,Darius,Prince,WR,,Active
12822,Marshall Foerner,Marshall,Foerner,OL,TB,Active
4141,Delano Hill,Delano,Hill,DB,,Active
8705,Landon Lenoir,Landon,Lenoir,WR,,Active
7732,Justin Hilliard,Justin,Hilliard,LB,KC,Active
1721,Andrew DePaola,Andrew,DePaola,LS,MIN,Active
2256,Dillon Farrell,Dillon,Farrell,G,,Inactive
12304,Noah Washington,Noah,Washington,LB,,Active
13414,Kaelon Black,Kaelon,Black,RB,SF,Active
6574,Rob Rolle,Rob,Rolle,FS,,Inactive
3290,Alex Lewis,Alex,Lewis,OL,,Inactive
5810,Trey Walker,Trey,Walker,DB,,Inactive
3537,Chris Landrum,Chris,Landrum,OLB,,Inactive
357,Tom Nelson,Tom,Nelson,FS,,Inactive
4757,Louis Riddick,Louis,Riddick,,,Inactive
5755,Duplicate Player,Duplicate,Player,TE,,Inactive
2654,Jaxon Shipley,Jaxon,Shipley,WR,,Inactive
170,Cliff Avril,Cliff,Avril,DE,,Inactive
6096,Jamell Garcia-Williams,Jamell,Garcia-Williams,LB,,Active
8310,Cor'Dale Flott,Cor'Dale,Flott,DB,TEN,Active
1689,Adam Thielen,Adam,Thielen,WR,,Active
1030,Damaris Johnson,Damaris,Johnson,WR,,Inactive
13637,Dashawn Jones,Dashawn,Jones,CB,,Active
2740,Camaron Beard,Camaron,Beard,DT,,Active
4633,Ezra Robinson,Ezra,Robinson,CB,,Active
763,Shaun Suisham,Shaun,Suisham,K,,Inactive
12231,JJ Laap,JJ,Laap,WR,,Active
13740,Aamaris Brown,Aamaris,Brown,DB,DET,Active
11082,Ben Sims,Ben,Sims,TE,MIA,Active
12085,Alec Holler,Alec,Holler,TE,,Active
12033,OJ Hiliare,OJ,Hiliare,WR,,Active
6346,Yurik Bethune,Yurik,Bethune,DE,,Active
5446,Tomasi Laulile,Tomasi,Laulile,DE,,Active
6972,DaVon Hamilton,DaVon,Hamilton,DT,JAX,Active
7701,Tyree Gillespie,Tyree,Gillespie,DB,,Active
8233,Mataeo Durant,Mataeo,Durant,RB,,Active
8755,Kaden Davis,Kaden,Davis,WR,CHI,Active
12392,Tre Mosley,Tre,Mosley,WR,,Active
12203,McKade Mettauer,McKade,Mettauer,G,,Active
5292,Devin Ross,Devin,Ross,WR,,Active
2705,Anthony Jefferson,Anthony,Jefferson,S,,Active
595,Willie Young,Willie,Young,LB,,Inactive
8353,Verone McKinley,Verone,McKinley,DB,,Active
11949,Brayden Narveson,Brayden,Narveson,K,,Active
10882,Emmanuel Forbes,Emmanuel,Forbes,CB,LAR,Active
3538,Larry Scott,Larry,Scott,CB,,Active
5842,Clelin Ferrell,Clelin,Ferrell,DE,MIA,Active
6781,Isaiah Simmons,Isaiah,Simmons,DB,CAR,Active
465,Brandon Pettigrew,Brandon,Pettigrew,TE,,Injured Reserve
8056,Jake Verity,Jake,Verity,K,,Active
12302,Chance Main,Chance,Main,DL,,Active
10919,Sydney Brown,Sydney,Brown,DB,ATL,Active
3279,Juston Burris,Juston,Burris,DB,,Active
3033,Adam Drake,Adam,Drake,WR,,Inactive
4886,Collin Bevins,Collin,Bevins,DE,,Active
6955,James Robinson,James,Robinson,RB,,Active
405,Kevin Ogletree,Kevin,Ogletree,WR,,Inactive
1153,Bill Bentley,Bill,Bentley,CB,,Inactive
14003,Herbert Gums,Herbert,Gums,NT,,Active
6606,Nick Fitzgerald,Nick,Fitzgerald,QB,,Active
5068,Kerryon Johnson,Kerryon,Johnson,RB,,Active
900,Mario Butler,Mario,Butler,CB,,Inactive
1648,Keelan Johnson,Keelan,Johnson,SS,,Inactive
11700,Dru Phillips,Dru,Phillips,DB,NYG,Active
11355,Josh Lugg,Josh,Lugg,OL,,Active
2121,T.J. Jones,T.J.,Jones,WR,,Active
8451,Ikem Ekwonu,Ikem,Ekwonu,T,CAR,Active
7387,George Campbell,George,Campbell,WR,,Inactive
5338,Keishawn Bierria,Keishawn,Bierria,ILB,,Active
11208,Chuck Filiaga,Chuck,Filiaga,G,,Active
7111,McTelvin Agim,McTelvin,Agim,DT,,Active
529,Carlos Dunlap,Carlos,Dunlap,DL,,Active
361,Ziggy Hood,Ziggy,Hood,DE,,Inactive
11941,Isaiah Wooden,Isaiah,Wooden,WR,,Active
6582,Jocquez Kalili,Jocquez,Kalili,DB,,Active
1041,Ron Brooks,Ron,Brooks,CB,,Inactive
14055,Louis Hansen,Louis,Hansen,TE,,Active
12313,Brey Walker,Brey,Walker,OL,,Active
1200,Austin Davis,Austin,Davis,QB,,Inactive
12495,Ollie Gordon,Ollie,Gordon,RB,MIA,Active
10888,Jalen Carter,Jalen,Carter,DL,PHI,Active
8292,Darrian Beavers,Darrian,Beavers,LB,,Active
7444,Kobe Smith,Kobe,Smith,DT,,Active
7666,Jevon Holland,Jevon,Holland,DB,NYG,Active
575,Barry Church,Barry,Church,SS,,Inactive
1901,Isaiah Crowell,Isaiah,Crowell,RB,,Inactive
1170,Alfred Morris,Alfred,Morris,RB,,Active
8598,Akial Byers,Akial,Byers,DT,,Active
182,Mike Tolbert,Mike,Tolbert,FB,,Inactive
12234,Shemar Bartholomew,Shemar,Bartholomew,CB,GB,Active
447,Demar Dotson,Demar,Dotson,OT,,Inactive
11239,Jaylen Moody,Jaylen,Moody,LB,,Active
3366,Kelvin Taylor,Kelvin,Taylor,RB,,Inactive
2174,Roosevelt Nix,Roosevelt,Nix,FB,,Injured Reserve
5175,Jawill Davis,Jawill,Davis,WR,,Inactive
5102,Daurice Fountain,Daurice,Fountain,WR,,Active
13505,Jude Bowry,Jude,Bowry,OT,BUF,Active
4181,Tedric Thompson,Tedric,Thompson,DB,CLE,Active
11147,Tyon Davis,Tyon,Davis,CB,,Active
5261,Jester Weah,Jester,Weah,WR,,Active
2151,Anthony Barr,Anthony,Barr,LB,,Active
4027,Robert Saleh,Robert,Saleh,,,Inactive
6187,Aca'Cedric Ware,Aca'Cedric,Ware,RB,,Active
2746,Justin Halley,Justin,Halley,S,,Active
127,Matt Bryant,Matt,Bryant,K,,Active
4602,Robert Tonyan,Robert,Tonyan,TE,PIT,Active
7586,Dazz Newsome,Dazz,Newsome,WR,,Active
7468,Justin Gooseberry,Justin,Gooseberry,G,,Active
2924,Duplicate Player,Duplicate,Player,TE,,Inactive
4125,Taywan Taylor,Taywan,Taylor,WR,,Active
8342,Esezi Otomewo,Esezi,Otomewo,DL,PIT,Active
2541,Dexter McDonald,Dexter,McDonald,CB,,Inactive
4189,Eric Saubert,Eric,Saubert,TE,SEA,Active
882,David Ausberry,David,Ausberry,TE,,Inactive
8305,Montaric Brown,Montaric,Brown,DB,JAX,Active
12601,Azareye'h Thomas,Azareye'h,Thomas,DB,NYJ,Active
3757,Tyler Gray,Tyler,Gray,OLB,,Inactive
1269,Bradley Sowell,Bradley,Sowell,TE,,Active
5919,Elijah Holyfield,Elijah,Holyfield,RB,,Active
4364,Karel Hamilton,Karel,Hamilton,WR,,Active
3657,Rob Kelley,Rob,Kelley,RB,,Inactive
12811,Esa Pole,Esa,Pole,OT,KC,Active
5725,Tobenna Okeke,Tobenna,Okeke,OLB,,Active
620,Preston Parker,Preston,Parker,WR,,Inactive
8099,DeMichael Harris-DUP,DeMichael,Harris-DUP,WR,,Active
13562,Keyshawn James-Newby,Keyshawn,James-Newby,DE,PHI,Active
3727,Dennis Parks,Dennis,Parks,WR,,Active
11544,Avery Davis,Avery,Davis,WR,,Active
8269,Jordan Davis,Jordan,Davis,DL,PHI,Active
4497,Tony Stevens,Tony,Stevens,WR,,Active
5005,Jaleel Scott,Jaleel,Scott,WR,,Inactive
7297,Yasir Durant,Yasir,Durant,G,,Active
811,Stevan Ridley,Stevan,Ridley,RB,,Inactive
2101,Lache Seastrunk,Lache,Seastrunk,RB,,Inactive
1794,David Fluellen,David,Fluellen,RB,,Active
2883,Chase Williams,Chase,Williams,ILB,CLE,Active
13354,Eric McAlister,Eric,McAlister,WR,,Active
8825,Kekoa Crawford,Kekoa,Crawford,WR,,Active
13871,Tanoa Togiai,Tanoa,Togiai,G,WAS,Active
5695,Brandon Powell,Brandon,Powell,WR,,Active
4174,Deatrich Wise,Deatrich,Wise,DE,WAS,Active
11733,Mason McCormick,Mason,McCormick,OL,PIT,Active
12260,Mason Fairchild,Mason,Fairchild,TE,,Active
12863,Andrew Armstrong,Andrew,Armstrong,WR,KC,Active
790,Casey Matthews,Casey,Matthews,ILB,,Inactive
7104,Shannon Brooks,Shannon,Brooks,RB,,Inactive
5758,Jackson Porter,Jackson,Porter,CB,,Active
2616,Jeremy Crayton,Jeremy,Crayton,CB,,Active
3528,Taveze Calhoun,Taveze,Calhoun,CB,,Inactive
6403,Ian Berryman,Ian,Berryman,P,,Active
11029,Nic Jones,Nic,Jones,CB,NYG,Active
2499,Randall Telfer,Randall,Telfer,TE,,Inactive
4856,Bob McNair,Bob,McNair,,,Inactive
10997,Jerrick Reed,Jerrick,Reed,DB,TEN,Active
12164,Curtis Jacobs,Curtis,Jacobs,LB,,Active
3989,Gregg Williams,Gregg,Williams,,,Inactive
8381,Cobie Durant,Cobie,Durant,DB,DAL,Active
12372,Vincent Blanchard,Vincent,Blanchard,K,,Active
1716,Derrick Coleman,Derrick,Coleman,FB,,Inactive
6776,Alex Van Pelt,Alex,Van Pelt,,,Inactive
5133,Tyler Conklin,Tyler,Conklin,TE,DET,Active
11676,Mike Sainristil,Mike,Sainristil,DB,WAS,Active
2189,Tyler Gaffney,Tyler,Gaffney,RB,,Inactive
3248,Isaac Seumalo,Isaac,Seumalo,G,ARI,Active
11325,Reese Taylor,Reese,Taylor,CB,DEN,Active
3938,Zamir Carlis,Zamir,Carlis,DT,,Active
12852,Monaray Baldwin,Monaray,Baldwin,WR,,Active
6315,Tyrel Dodson,Tyrel,Dodson,LB,MIA,Active
13100,Eli Wilson,Eli,Wilson,TE,,Active
11871,Akeem Dent,Akeem,Dent,DB,,Active
5734,C.J. Duncan,C.J.,Duncan,WR,,Active
6570,Deion Calhoun,Deion,Calhoun,G,,Active
5630,Nick Orr,Nick,Orr,SS,,Active
313,Parys Haralson,Parys,Haralson,OLB,,Inactive
3186,Kenny Clark,Kenny,Clark,DE,DAL,Active
1248,Josh LeRibeus,Josh,LeRibeus,G,,Inactive
3790,Kevin Anderson,Kevin,Anderson,OLB,,Active
12691,Tim Smith,Tim,Smith,DL,IND,Active
1119,Drew Nowak,Drew,Nowak,C,,Inactive
1243,J.R. Sweezy,J.R.,Sweezy,OG,SEA,Active
7520,Innis Gaines,Innis,Gaines,DB,,Active
13187,Nick Jackson,Nick,Jackson,LB,TB,Active
2348,Benardrick McKinney,Benardrick,McKinney,LB,,Active
11264,Macon Clark,Macon,Clark,DB,,Active
3244,Shilique Calhoun,Shilique,Calhoun,LB,,Active
2175,Bernard Reedy,Bernard,Reedy,WR,,Inactive
4248,Leon McQuay,Leon,McQuay,FS,,Inactive
13910,Dion Wilson,Dion,Wilson,DL,BAL,Active
572,Darrell Stuckey,Darrell,Stuckey,FS,,Physically Unable to Perform
498,Kyle Arrington,Kyle,Arrington,CB,,Inactive
2364,Ty Sambrailo,Ty,Sambrailo,T,,Injured Reserve
1780,Ryan Robinson,Ryan,Robinson,DE,,Inactive
1532,Gerald Hodges,Gerald,Hodges,LB,,Inactive
6370,Damion Jeanpiere,Damion,Jeanpiere,WR,,Active
11140,Leonard Taylor,Leonard,Taylor,TE,,Inactive
13709,Isaia Glass,Isaia,Glass,OL,CAR,Active
8459,Bernhard Raimann,Bernhard,Raimann,OL,IND,Active
5953,Demarcus Christmas,Demarcus,Christmas,DT,,Active
11176,Khalan Laborn,Khalan,Laborn,RB,,Active
845,Tommie Campbell,Tommie,Campbell,CB,,Inactive
8221,Keaontay Ingram,Keaontay,Ingram,RB,,Active
8917,KaVontae Turpin,KaVontae,Turpin,WR,DAL,Active
8643,Nick Ford,Nick,Ford,OL,,Inactive
7885,Bailey Gaither,Bailey,Gaither,WR,,Active
12320,Treyton Pickering,Treyton,Pickering,TE,,Active
7632,Caleb Farley,Caleb,Farley,CB,,Active
11655,Tyrone Tracy,Tyrone,Tracy,RB,NYG,Active
5345,Matthew Adams,Matthew,Adams,LB,,Active
13794,DeShon Singleton,DeShon,Singleton,DB,KC,Active
3982,Sean McVay,Sean,McVay,,,Inactive
3646,Quayvon Hicks,Quayvon,Hicks,RB,,Active
12775,Max Brosmer,Max,Brosmer,QB,MIN,Active
12901,Patrick Herbert,Patrick,Herbert,TE,JAX,Active
12291,Dakota Caton,Dakota,Caton,WR,,Active
13482,Kendal Daniels,Kendal,Daniels,LB,ATL,Active
5222,Jalen Davis,Jalen,Davis,CB,CIN,Active
7901,Rico Bussey,Rico,Bussey,WR,,Active
2568,Zach Hodges,Zach,Hodges,ILB,,Inactive
1766,Jonathan Amosa,Jonathan,Amosa,FB,,Inactive
2374,Tyler Lockett,Tyler,Lockett,WR,,Active
11272,Charlie Thomas,Charlie,Thomas,LB,,Active
11912,K.J. Cloyd,K.J.,Cloyd,LB,,Active
4126,Fabian Moreau,Fabian,Moreau,CB,,Active
6957,James Proche,James,Proche,WR,,Active
7410,David Bada,David,Bada,DT,,Inactive
4842,Tyquwan Glass,Tyquwan,Glass,CB,,Active
3260,Vincent Valentine,Vincent,Valentine,NT,,Inactive
3663,Chris Mayes,Chris,Mayes,OT,,Active
3812,Cory Tucker,Cory,Tucker,G,,Inactive
4649,Chad Wheeler,Chad,Wheeler,T,,Active
14059,Sean Fresch,Sean,Fresch,CB,DEN,Active
7220,Frederick Mauigoa,Frederick,Mauigoa,C,,Inactive
3357,Brandon Allen,Brandon,Allen,QB,NYG,Active
1816,Cyril Richardson,Cyril,Richardson,G,,Inactive
2178,Dezmen Southward,Dezmen,Southward,CB,,Inactive
7573,Damon Hazelton,Damon,Hazelton,WR,,Active
6268,Matthew Wright,Matthew,Wright,K,,Active
3439,Jake Brendel,Jake,Brendel,OL,SF,Active
12830,Devonta Davis,Devonta,Davis,DL,,Active
11814,Josiah Ezirim,Josiah,Ezirim,OT,,Active
912,Justin Trattou,Justin,Trattou,DE,,Inactive
11230,Patrick O'Connell,Patrick,O'Connell,LB,SEA,Active
8264,Chase Lucas,Chase,Lucas,DB,TB,Active
11004,Titus Leo,Titus,Leo,LB,SF,Active
10229,Rashee Rice,Rashee,Rice,WR,KC,Active
8881,Willie Johnson,Willie,Johnson,WR,,Active
11202,Jacob Slade,Jacob,Slade,DL,,Active
885,Richard Gordon,Richard,Gordon,TE,,Inactive
7466,Nathan Cottrell,Nathan,Cottrell,RB,,Active
274,Willie Colon,Willie,Colon,G,,Inactive
7936,Amen Ogbongbemiga,Amen,Ogbongbemiga,LB,,Active
849,Mister Alexander,Mister,Alexander,ILB,,Inactive
3050,Myles White,Myles,White,WR,NYJ,Active
2386,John Miller,John,Miller,G,,Active
12614,Shemar James,Shemar,James,LB,DAL,Active
2347,Jalen Collins,Jalen,Collins,CB,,Inactive
3446,Joel Heath,Joel,Heath,DE,,Active
1759,Larry Donnell,Larry,Donnell,TE,,Inactive
6835,Tyler Biadasz,Tyler,Biadasz,C,LAC,Active
1446,Jeremy Harris,Jeremy,Harris,CB,,Inactive
7647,Pete Werner,Pete,Werner,LB,NO,Active
8614,Kevin Atkins,Kevin,Atkins,DT,,Active
1000,Albert McClellan,Albert,McClellan,LB,,Active
2627,Joey Mbu,Joey,Mbu,DT,,Inactive
403,Mike Jenkins,Mike,Jenkins,CB,,Inactive
5829,David Bright,David,Bright,G,,Active
1824,Kamal Johnson,Kamal,Johnson,DT,,Inactive
1451,C.J. Anderson,C.J.,Anderson,RB,,Active
7161,Shane Leatherbury,Shane,Leatherbury,WR,,Active
12685,Bryce Cabeldue,Bryce,Cabeldue,OT,SEA,Active
6563,Tyler Newsome,Tyler,Newsome,P,,Active
6046,Joe Dineen,Joe,Dineen,ILB,,Inactive
7266,Travis Bruffy,Travis,Bruffy,OL,,Inactive
4208,Rodney Adams,Rodney,Adams,WR,,Active
14048,Travis Shaw,Travis,Shaw,DT,TB,Active
1866,Michael Campanaro,Michael,Campanaro,WR,,Injured Reserve
8777,Travon Fuller,Travon,Fuller,CB,,Active
12776,Connor Bazelak,Connor,Bazelak,QB,TB,Active
JAX,,Jacksonville,Jaguars,DEF,JAX,
325,Korey Toomer,Korey,Toomer,LB,,Inactive
8322,Jesse Luketa,Jesse,Luketa,LB,NE,Active
6685,Jalen Greene,Jalen,Greene,WR,,Active
6377,Immanuel Turner,Immanuel,Turner,DE,,Active
4652,Winston Craig,Winston,Craig,DE,,Active
6956,Devin Asiasi,Devin,Asiasi,TE,,Active
451,Craig Dahl,Craig,Dahl,SS,,Inactive
3918,TJ Thorpe,TJ,Thorpe,WR,,Inactive
6309,Austin Exford,Austin,Exford,FS,,Active
9226,De'Von Achane,De'Von,Achane,RB,MIA,Active
5536,Dontrell Hilliard,Dontrell,Hilliard,RB,,Inactive
5625,Cam Phillips,Cam,Phillips,WR,,Inactive
9494,Marvin Mims,Marvin,Mims,WR,DEN,Active
5484,Filipo Mokofisi,Filipo,Mokofisi,DT,,Active
4604,Eli Ankou,Eli,Ankou,DT,,Active
1679,Earl Okine,Earl,Okine,LB,,Inactive
6924,Netane Muti,Netane,Muti,G,,Active
4024,Scot McCloughan,Scot,McCloughan,,,Inactive
5243,Detrich Clark,Detrich,Clark,WR,,Active
1186,Akiem Hicks,Akiem,Hicks,DT,,Active
4362,Cethan Carter,Cethan,Carter,TE,,Inactive
1738,Matt Blanchard,Matt,Blanchard,QB,,Inactive
4973,Hayden Hurst,Hayden,Hurst,TE,,Active
13104,Adin Huntington,Adin,Huntington,DT,CLE,Active
639,Kam Chancellor,Kam,Chancellor,SS,,Inactive
2997,Qumain Black,Qumain,Black,CB,,Active
12568,Jalon Walker,Jalon,Walker,DL,ATL,Active
12905,John Copenhaver,John,Copenhaver,TE,,Active
4535,Steven Wroblewski,Steven,Wroblewski,TE,,Active
2382,Duke Johnson,Duke,Johnson,RB,,Active
6905,Matt Peart,Matt,Peart,T,DEN,Active
5066,P.J. Hall,P.J.,Hall,DT,,Active
4462,Erik Magnuson,Erik,Magnuson,C,,Inactive
4884,Reggie McKenzie,Reggie,McKenzie,,,Inactive
11515,Myles Brooks,Myles,Brooks,CB,,Active
3632,Dwayne Norman,Dwayne,Norman,OLB,,Active
13090,Mapalo Mwansa,Mapalo,Mwansa,LB,CAR,Active
11559,Michael Penix,Michael,Penix,QB,ATL,Active
1454,Montee Ball,Montee,Ball,RB,,Inactive
6878,Anthony McFarland,Anthony,McFarland,RB,,Active
5186,Darius Jackson,Darius,Jackson,DE,,Active
2007,Bryn Renner,Bryn,Renner,QB,,Inactive
7993,Trey Ragas,Trey,Ragas,RB,,Active
2585,Thomas Rawls,Thomas,Rawls,RB,,Inactive
12767,Daryl Porter,Daryl,Porter,DB,PIT,Active
8184,D'Vonte Price,D'Vonte,Price,RB,,Inactive
8918,Alex Akingbulu,Alex,Akingbulu,OL,,Inactive
13279,Carnell Tate,Carnell,Tate,WR,TEN,Active
2265,Shayne Skov,Shayne,Skov,LB,,Inactive
11916,Christopher Edmonds,Christopher,Edmonds,DB,CLE,Active
3201,Roberto Aguayo,Roberto,Aguayo,K,,Inactive
2405,Angelo Blackson,Angelo,Blackson,DE,,Active
11022,Kendall Williamson,Kendall,Williamson,DB,LAC,Active
6861,Nick Coe,Nick,Coe,DE,,Active
4665,Eli Jenkins,Eli,Jenkins,QB,,Active
4993,Mike Gesicki,Mike,Gesicki,TE,CIN,Active
8805,Mika Tafua,Mika,Tafua,DE,,Active
LAR,,Los Angeles,Rams,DEF,LAR,
12070,McCallan Castles,McCallan,Castles,TE,,Active
7138,Chris Claybrooks,Chris,Claybrooks,DB,,Active
4613,Shaq Hill,Shaq,Hill,WR,,Active
6613,Lukayus McNeil,Lukayus,McNeil,OT,,Inactive
191,Philip Wheeler,Philip,Wheeler,LB,,Inactive
4367,Monty Madaris,Monty,Madaris,WR,,Active
7676,Malcolm Koonce,Malcolm,Koonce,DE,LV,Active
6394,Romell Guerrier,Romell,Guerrier,WR,,Inactive
3572,Andrew Bonnet,Andrew,Bonnet,FB,,Active
12928,Amar Johnson,Amar,Johnson,RB,LAC,Active
7366,Myles Dorn,Myles,Dorn,DB,,Inactive
7848,Scooter Harrington,Scooter,Harrington,TE,,Active
5099,Jermaine Carter,Jermaine,Carter,LB,,Active
12113,Thomas Yassmin,Thomas,Yassmin,TE,GB,Active
11316,Anthony Witherstone,Anthony,Witherstone,CB,,Inactive
1947,Jadeveon Clowney,Jadeveon,Clowney,DE,HOU,Active
10974,Antonio Johnson,Antonio,Johnson,DB,JAX,Active
8797,Junior Faulk,Junior,Faulk,CB,,Active
7275,Elex Woodworth,Elex,Woodworth,C,,Active
2579,Mike Hull,Mike,Hull,LB,,Inactive
12733,Carson Bruener,Carson,Bruener,LB,PIT,Active
7489,Kylan Johnson,Kylan,Johnson,LB,,Active
13979,Isaiah Smith,Isaiah,Smith,LB,CAR,Active
4576,Jahad Thomas,Jahad,Thomas,RB,,Inactive
1497,Cooper Taylor,Cooper,Taylor,SS,,Inactive
13800,Xavian Sorey,Xavian,Sorey,LB,LV,Active
5077,Andrew Brown,Andrew,Brown,DT,,Active
13836,Kendrick Blackshire,Kendrick,Blackshire,LB,,Active
2411,Jeremy Langford,Jeremy,Langford,RB,,Inactive
8443,Evan Neal,Evan,Neal,OL,NYG,Active
8911,Drew Jordan,Drew,Jordan,DE,,Active
7346,Christian Rozeboom,Christian,Rozeboom,LB,TB,Active
1192,Lavonte David,Lavonte,David,LB,,Active
6599,Cory Thomas,Cory,Thomas,DT,,Active
5248,Gus Edwards,Gus,Edwards,RB,,Active
11246,Larry Brooks,Larry,Brooks,DB,,Active
3017,Jesse Davis,Jesse,Davis,OL,,Active
11627,Troy Franklin,Troy,Franklin,WR,DEN,Active
13737,Silas Walters,Silas,Walters,DB,BAL,Active
13165,Easton Mascarenas-Arnold,Easton,Mascarenas-Arnold,LB,CLE,Active
13691,Myles Rowser,Myles,Rowser,DB,,Active
4753,Michael Dunn,Michael,Dunn,OG,,Active
1909,Robert Nelson,Robert,Nelson,CB,,Inactive
1278,Duke Ihenacho,Duke,Ihenacho,SS,,Injured Reserve
4711,Jonah Pirsig,Jonah,Pirsig,OT,,Active
13180,Warren Peeples,Warren,Peeples,DL,,Active
2755,Eric Tomlinson,Eric,Tomlinson,TE,,Active
1578,Alex Okafor,Alex,Okafor,DE,,Active
417,Lance Louis,Lance,Louis,G,,Inactive
2096,Spencer Long,Spencer,Long,C,,Injured Reserve
8071,Mitchell Fraboni,Mitchell,Fraboni,LS,DEN,Active
3649,Michael Cooper,Michael,Cooper,TE,,Inactive
7302,Omari Cobb,Omari,Cobb,LB,,Active
5687,Anthony Sherrils,Anthony,Sherrils,DB,,Active
12886,Jeremiah Byers,Jeremiah,Byers,OL,CLE,Active
7764,William Bradley-King,William,Bradley-King,DE,SF,Inactive
11793,Travis Glover,Travis,Glover,OT,GB,Active
225,L.P. LaDouceur,L.P.,LaDouceur,LS,,Inactive
11397,Michael Turk,Michael,Turk,P,,Active
4684,Jaylen Hill,Jaylen,Hill,CB,,Inactive
1924,Ryan Shazier,Ryan,Shazier,LB,,Inactive
809,Ras-I Dowling,Ras-I,Dowling,CB,,Inactive
6328,Kyron Brown,Kyron,Brown,CB,,Active
6936,Joseph Charlton,Joseph,Charlton,P,,Active
11829,Solomon Byrd,Solomon,Byrd,DE,HOU,Active
7735,Cary Angeline,Cary,Angeline,TE,,Active
1273,Francis Owusu,Francis,Owusu,WR,,Active
5955,Hunter Renfrow,Hunter,Renfrow,WR,,Active
8671,Duplicate Player,Duplicate,Player,,,
192,Adam Hayward,Adam,Hayward,ILB,,Inactive
13171,Major Williams,Major,Williams,DB,,Active
2159,Kendall James,Kendall,James,CB,,Inactive
13367,Colton Hood,Colton,Hood,DB,NYG,Active
4667,Charmeachealle Moore,Charmeachealle,Moore,OLB,,Inactive
8350,Isaac Taylor-Stuart,Isaac,Taylor-Stuart,DB,,Active
7445,Khaylan Kearse-Thomas,Khaylan,Kearse-Thomas,LB,,Active
3841,Tony McRae,Tony,McRae,CB,,Inactive
11297,Dyontae Johnson,Dyontae,Johnson,LB,,Active
14023,Jaden Keller,Jaden,Keller,LB,NYJ,Active
13925,Jacob Graham,Jacob,Graham,LS,,Active
11149,Sean Maginn,Sean,Maginn,C,,Active
6711,Jalen Thompson,Jalen,Thompson,DB,DAL,Active
7621,J.T. Ibe,J.T.,Ibe,DB,CAR,Active
12010,Popo Aumavae,Popo,Aumavae,DT,,Active
6356,Dante Booker,Dante,Booker,OLB,,Active
8049,Deuce Wallace,Deuce,Wallace,DB,,Active
14028,Daveren Rayner,Daveren,Rayner,LB,ATL,Active
3015,Zack Wagenmann,Zack,Wagenmann,OLB,,Inactive
4262,Derrick Jones,Derrick,Jones,CB,,Inactive
6447,Jarrell Owens,Jarrell,Owens,DE,,Active
2047,Greg Ducre,Greg,Ducre,CB,,Inactive
610,Sean Weatherspoon,Sean,Weatherspoon,LB,,Inactive
1372,Sheldon Richardson,Sheldon,Richardson,DT,,Active
3216,Kamalei Correa,Kamalei,Correa,LB,,Inactive
8865,Dylan Cook,Dylan,Cook,T,PIT,Active
6533,Dedrick Young,Dedrick,Young,ILB,,Active
104,Donnie Avery,Donnie,Avery,WR,,Inactive
13403,Jam Miller,Jam,Miller,RB,NE,Active
11310,Derrick Langford,Derrick,Langford,CB,,Active
2191,Marcus Lucas,Marcus,Lucas,WR,,Active
10942,Viliami Fehoko,Viliami,Fehoko,DL,,Active
3370,Joey Hunt,Joey,Hunt,C,,Active
5378,Jacob Martin,Jacob,Martin,DE,TEN,Active
12216,Steven Jones,Steven,Jones,OL,PIT,Active
8574,Brandon Sebastian,Brandon,Sebastian,CB,,Active
10947,Ventrell Miller,Ventrell,Miller,LB,JAX,Active
11677,Braden Fiske,Braden,Fiske,DL,LAR,Active
6493,Justin Johnson,Justin,Johnson,TE,,Active
1592,Darren Fells,Darren,Fells,TE,TB,Active
6393,Elkanah Dillon,Elkanah,Dillon,TE,,Inactive
3868,Jalen Richard,Jalen,Richard,RB,LV,Active
5323,Equanimeous St. Brown,Equanimeous,St. Brown,WR,,Inactive
13151,Nick Kallerup,Nick,Kallerup,TE,SEA,Active
5510,Taylor Hearn,Taylor,Hearn,G,,Inactive
3389,Vadal Alexander,Vadal,Alexander,OT,,Inactive
806,Daniel Thomas,Daniel,Thomas,RB,,Inactive
5166,Da'Mari Scott,Da'Mari,Scott,WR,,Inactive
4507,Ben Braden,Ben,Braden,G,,Active
13287,Jeremiyah Love,Jeremiyah,Love,RB,ARI,Active
10990,Darius Rush,Darius,Rush,DB,WAS,Active
13946,Jamal Haynes,Jamal,Haynes,RB,CIN,Active
6982,Cheyenne O'Grady,Cheyenne,O'Grady,TE,,Active
533,Colt McCoy,Colt,McCoy,QB,,Active
13212,Cade McDonald,Cade,McDonald,WR,,Active
291,Felix Jones,Felix,Jones,RB,,Inactive
4641,Keeon Johnson,Keeon,Johnson,WR,,Active
3087,Mike McCoy,Mike,McCoy,,,Inactive
4043,Bruce Allen,Bruce,Allen,,,Inactive
1579,Stepfan Taylor,Stepfan,Taylor,RB,,Inactive
1388,Tyler Eifert,Tyler,Eifert,TE,,Inactive
344,Julian Edelman,Julian,Edelman,WR,,Injured Reserve
8871,Nolan Turner,Nolan,Turner,DB,,Active
2992,Daniel Munyer,Daniel,Munyer,C,,Active
8457,Abraham Lucas,Abraham,Lucas,OL,SEA,Active
2403,Steven Nelson,Steven,Nelson,CB,,Active
13383,Ahmad Moten,Ahmad,Moten,DL,,Active
5634,Michael Joseph,Michael,Joseph,CB,,Inactive
4257,Jack Tocho,Jack,Tocho,FS,,Active
5894,Germaine Pratt,Germaine,Pratt,LB,,Active
13427,Diego Pavia,Diego,Pavia,QB,,Active
4001,Jeff Knox,Jeff,Knox,OLB,,Active
740,Brandon Stokley,Brandon,Stokley,WR,,Inactive
6903,Lloyd Cushenberry,Lloyd,Cushenberry,C,BUF,Active
6975,Darrion Daniels,Darrion,Daniels,DT,,Active
11654,Dante Miller,Dante,Miller,RB,NYG,Active
2016,Zach Fulton,Zach,Fulton,OL,,Injured Reserve
4175,Chad Hansen,Chad,Hansen,WR,,Active
3250,Le'Raven Clark,Le'Raven,Clark,T,,Active
1779,Mitchell White,Mitchell,White,CB,,Active
6108,Jacques Patrick,Jacques,Patrick,RB,,Active
13017,Hajj-Malik Williams,Hajj-Malik,Williams,QB,,Active
13256,Roderick Daniels,Roderick,Daniels,WR,,Active
905,Tyron Smith,Tyron,Smith,T,,Active
1583,Marcus Cooper,Marcus,Cooper,CB,,Inactive
6869,Adam Trautman,Adam,Trautman,TE,DEN,Active
12322,Kam Pedescleaux,Kam,Pedescleaux,DB,,Active
851,Brandon Harris,Brandon,Harris,CB,,Inactive
13830,Kyle Dixon,Kyle,Dixon,WR,NE,Active
1733,Isaiah Frey,Isaiah,Frey,FS,,Inactive
4480,Bobo Wilson,Bobo,Wilson,WR,,Active
4901,Ray Lewis,Ray,Lewis,LB,,Inactive
2712,Blake Renaud,Blake,Renaud,RB,,Inactive
4247,Marquez Williams,Marquez,Williams,FB,,Inactive
13923,Joshua Pitsenberger,Joshua,Pitsenberger,RB,HOU,Active
510,Koa Misi,Koa,Misi,LB,,Inactive
411,Jeremy Maclin,Jeremy,Maclin,WR,,Inactive
1887,Darqueze Dennard,Darqueze,Dennard,CB,,Active
6071,Cameron Glenn,Cameron,Glenn,S,,Active
6115,Wes Hills,Wes,Hills,RB,,Inactive
11167,Alex Ward,Alex,Ward,LS,LV,Active
6234,Deonte Harty,Deonte,Harty,WR,,Active
8156,Player Invalid,Player,Invalid,QB,,Inactive
9509,Bijan Robinson,Bijan,Robinson,RB,ATL,Active
4303,Jordan Moore,Jordan,Moore,FS,,Inactive
7525,DeVonta Smith,DeVonta,Smith,WR,PHI,Active
1089,Drew Butler,Drew,Butler,P,,Inactive
4561,Alvin Hill,Alvin,Hill,CB,,Active
11259,Gabriel Houy,Gabriel,Houy,OL,,Active
12530,Travis Hunter,Travis,Hunter,WR,JAX,Active
2918,Demetrius Wilson,Demetrius,Wilson,WR,,Active
2573,DaVaris Daniels,DaVaris,Daniels,WR,,Active
1468,Brian Leonhardt,Brian,Leonhardt,TE,,Inactive
2457,Tyeler Davison,Tyeler,Davison,DT,,Active
11292,Tommy DeVito,Tommy,DeVito,QB,NE,Active
6300,Cortez Broughton,Cortez,Broughton,DT,,Active
8696,C.J. Avery,C.J.,Avery,LB,,Active
8433,Cade Brewer,Cade,Brewer,TE,,Active
12476,Devin Neal,Devin,Neal,RB,NO,Active
11707,Kiran Amegadjie,Kiran,Amegadjie,OL,CHI,Active
13377,Arvell Reese,Arvell,Reese,LB,NYG,Active
6080,Vitas Hrynkiewicz,Vitas,Hrynkiewicz,C,,Active
7745,Marcus Murphy,Marcus,Murphy,DB,,Active
8595,Kyric McGowan,Kyric,McGowan,WR,,Active
504,Micheal Spurlock,Micheal,Spurlock,WR,,Inactive
3894,Garrett Griffin,Garrett,Griffin,TE,,Active
1811,Seantrel Henderson,Seantrel,Henderson,T,,Active
4371,Josh Tupou,Josh,Tupou,DT,NYG,Active
5743,Michael Cirino,Michael,Cirino,S,,Inactive
12511,Will Howard,Will,Howard,QB,PIT,Active
7831,Brenden Jaimes,Brenden,Jaimes,OL,,Active
2990,Kasey Redfern,Kasey,Redfern,P,,Active
8002,Shane Buechele,Shane,Buechele,QB,BUF,Active
8594,Tyrese Robinson,Tyrese,Robinson,G,,Active
5574,Raymond Davison,Raymond,Davison,ILB,,Active
11059,Aubrey Miller,Aubrey,Miller,LB,,Active
6607,Nate Trewyn,Nate,Trewyn,C,,Active
7510,Paul Fanaika,Paul,Fanaika,G,,Inactive
11554,Chase Cota,Chase,Cota,WR,,Active
7540,Amari Rodgers,Amari,Rodgers,WR,,Active
13937,Jackson Acker,Jackson,Acker,FB,BUF,Active
6734,Thomas Costigan,Thomas,Costigan,DL,,Active
11331,Colby Richardson,Colby,Richardson,CB,,Active
8118,David Bell,David,Bell,WR,,Active
13355,DJ Rogers,DJ,Rogers,TE,DAL,Active
243,Ben Obomanu,Ben,Obomanu,WR,,Inactive
8426,Player Invalid,Player,Invalid,RB,,Inactive
796,Chris Hairston,Chris,Hairston,T,,Inactive
4864,Jevoni Robinson,Jevoni,Robinson,TE,,Inactive
2634,Mack Brown,Mack,Brown,RB,,Inactive
6325,Fredrick Jones,Fredrick,Jones,DT,,Active
598,Tim Masthay,Tim,Masthay,P,,Inactive
2632,Desmond Martin,Desmond,Martin,RB,,Active
1276,Nathan Palmer,Nathan,Palmer,WR,,Inactive
2504,Darius Kilgo,Darius,Kilgo,DT,,Active
3458,Avery Young,Avery,Young,G,,Inactive
4488,Devin Chappell,Devin,Chappell,FS,,Active
5622,Jalen Wilkerson,Jalen,Wilkerson,DE,,Active
3343,Nate Sudfeld,Nate,Sudfeld,QB,,Active
732,Derrick Morgan,Derrick,Morgan,LB,,Injured Reserve
12252,Laekin Vakalahi,Laekin,Vakalahi,T,LAC,Active
6165,Antoine Wesley,Antoine,Wesley,WR,,Active
228,Fred Jackson,Fred,Jackson,RB,,Inactive
8207,Tyler Goodson,Tyler,Goodson,RB,ATL,Active
247,Harry Douglas,Harry,Douglas,WR,,Inactive
5795,Bryce Canady,Bryce,Canady,CB,,Inactive
808,Marcus Cannon,Marcus,Cannon,OL,,Inactive
5300,Kenny Young,Kenny,Young,LB,,Active
1289,Nate Chandler,Nate,Chandler,T,,Inactive
8769,Josh Bist,Josh,Bist,TE,,Active
12,Ryan Kalil,Ryan,Kalil,C,,Active
97,Paul Soliai,Paul,Soliai,DT,,Inactive
11123,Tyler Hoosman,Tyler,Hoosman,RB,,Active
12367,X'Zauvea Gadlin,X'Zauvea,Gadlin,OL,,Active
2058,Chris Boyd,Chris,Boyd,WR,,Inactive
1764,Benson Mayowa,Benson,Mayowa,DE,SEA,Active
13000,Shaun Dolac,Shaun,Dolac,LB,LAR,Active
12490,Bhayshul Tuten,Bhayshul,Tuten,RB,JAX,Active
3585,Isiah Cage,Isiah,Cage,G,,Active
1945,Chris Boswell,Chris,Boswell,K,PIT,Active
8450,Tyler Linderbaum,Tyler,Linderbaum,OL,LV,Active
12827,Myles Purchase,Myles,Purchase,DB,LAC,Active
3034,Blaine Clausell,Blaine,Clausell,OT,,Inactive
7835,Michael Carter,Michael,Carter,CB,PHI,Active
2853,Delvin Breaux,Delvin,Breaux,CB,,Inactive
13025,Easton Kilty,Easton,Kilty,OL,NO,Active
8351,Drake Jackson,Drake,Jackson,DL,WAS,Active
13111,Leif Fautanu,Leif,Fautanu,OL,,Active
13211,John Hoyland,John,Hoyland,K,,Active
1624,Michael Hill,Michael,Hill,RB,,Inactive
11517,Nicholas Williams,Nicholas,Williams,DT,,Injured Reserve
12478,Nick Nash,Nick,Nash,WR,WAS,Active
3448,Giorgio Newberry,Giorgio,Newberry,DE,,Active
12979,Josh Minkins,Josh,Minkins,DB,,Active
2763,Dasman McCullum,Dasman,McCullum,OLB,,Active
5191,Taylor Stallworth,Taylor,Stallworth,DT,,Inactive
2392,Sammie Coates,Sammie,Coates,WR,,Inactive
12457,Jaydon Blue,Jaydon,Blue,RB,DAL,Active
7659,Tre'von Moehrig,Tre'von,Moehrig,DB,CAR,Active
7578,Myron Mitchell,Myron,Mitchell,WR,,Active
6527,Austin Droogsma,Austin,Droogsma,G,,Active
11417,Silas Dzansi,Silas,Dzansi,OL,,Active
7548,Tyler Vaughns,Tyler,Vaughns,WR,,Active
11393,Randy Charlton,Randy,Charlton,DE,,Active
4773,Parker Collins,Parker,Collins,C,,Active
13538,DJ Campbell,DJ,Campbell,G,MIA,Active
11741,Khyree Jackson,Khyree,Jackson,DB,,Inactive
8846,Deandre Johnson,Deandre,Johnson,DE,,Active
8355,Kayvon Thibodeaux,Kayvon,Thibodeaux,DL,NYG,Active
1894,Colin Lockett,Colin,Lockett,WR,,Inactive
5926,Dontavius Russell,Dontavius,Russell,NT,,Active
13859,Jalen Walthall,Jalen,Walthall,WR,NYJ,Inactive
12548,Lenny Krieg,Lenny,Krieg,K,,Active
3028,Chuck Pagano,Chuck,Pagano,,,Inactive
1399,Jacob Schum,Jacob,Schum,P,,Inactive
5631,Dejon Allen,Dejon,Allen,G,,Active
240,Calvin Johnson,Calvin,Johnson,WR,,Inactive
449,Kellen Winslow,Kellen,Winslow,TE,,Inactive
2845,Tevin Westbrook,Tevin,Westbrook,TE,,Inactive
1506,Tress Way,Tress,Way,P,WAS,Active
4373,Stanley Williams,Stanley,Williams,RB,,Active
3475,Keyarris Garrett,Keyarris,Garrett,WR,,Active
2212,Josh Allen,Josh,Allen,G,,Inactive
4891,Jeremy Bates,Jeremy,Bates,,,Inactive
4049,Bradley Sylve,Bradley,Sylve,CB,,Active
6715,Anthony Smithson,Anthony,Smithson,S,,Inactive
6049,Tyre Brady,Tyre,Brady,WR,,Active
8212,Dustin Crum,Dustin,Crum,QB,,Active
4699,Kevin Snead,Kevin,Snead,WR,,Active
12966,Moose Muhammad,Moose,Muhammad,WR,,Active
7039,Cody White,Cody,White,WR,SEA,Active
2238,John Brown,John,Brown,WR,,Active
11479,Eric Garror,Eric,Garror,CB,,Active
6954,Cole McDonald,Cole,McDonald,QB,,Inactive
5379,Tre Flowers,Tre,Flowers,CB,,Active
12146,Grayson Murphy,Grayson,Murphy,DL,,Active
1992,Allen Robinson,Allen,Robinson,WR,,Active
12620,Jamaree Caldwell,Jamaree,Caldwell,DT,LAC,Active
1698,Jonas Gray,Jonas,Gray,RB,,Inactive
11327,Blake Haynes,Blake,Haynes,OL,,Active
1669,Luke Marquardt,Luke,Marquardt,OT,,Inactive
2028,Derek Carr,Derek,Carr,QB,,Active
7768,Jack Anderson,Jack,Anderson,G,,Active
12168,Zach Mathis,Zach,Mathis,WR,,Active
13503,Kaleb Proctor,Kaleb,Proctor,DT,ARI,Inactive
11695,Ruke Orhorhoro,Ruke,Orhorhoro,DT,JAX,Active
13113,Dante Wright,Dante,Wright,WR,,Inactive
2687,Chandler Worthy,Chandler,Worthy,WR,,Inactive
8438,Corey Sutton,Corey,Sutton,WR,,Injured Reserve
2102,Robert Thomas,Robert,Thomas,DT,,Inactive
13001,Mario Williams,Mario,Williams,WR,LAR,Active
6021,Nick Brossette,Nick,Brossette,RB,,Active
6929,Brian Cole,Brian,Cole,DB,,Active
9512,DeWayne McBride,DeWayne,McBride,RB,,Active
7984,Drue Chrisman,Drue,Chrisman,P,,Active
4960,Roquan Smith,Roquan,Smith,LB,BAL,Active
8606,Jamir Johnson,Jamir,Johnson,T,,Active
1509,Kyle Long,Kyle,Long,OG,,Active
1380,Kapron Lewis-Moore,Kapron,Lewis-Moore,DT,,Inactive
5599,Connor Hilland,Connor,Hilland,G,,Inactive
2749,Raheem Mostert,Raheem,Mostert,RB,,Active
13822,Jaeden Roberts,Jaeden,Roberts,OL,PHI,Active
6094,Sam Mustipher,Sam,Mustipher,OL,,Active
571,Ryan Mathews,Ryan,Mathews,RB,,Inactive
5920,Will Harris,Will,Harris,DB,WAS,Active
5458,Du'Vonta Lampkin,Du'Vonta,Lampkin,DT,,Active
13654,Devon Marshall,Devon,Marshall,CB,JAX,Active
4862,Marc Ross,Marc,Ross,,,Inactive
8435,Kwamie Lassiter,Kwamie,Lassiter,WR,,Active
4358,Austin Duke,Austin,Duke,WR,,Active
3501,Eric Striker,Eric,Striker,OLB,,Active
1395,Shawn Williams,Shawn,Williams,DB,,Active
3705,Jeremiah McKinnon,Jeremiah,McKinnon,CB,,Inactive
8899,Prince Emili,Prince,Emili,DT,,Active
857,T.J. Yates,T.J.,Yates,QB,,Inactive
6127,Joejuan Williams,Joejuan,Williams,CB,,Active
2226,Christian Bryant,Christian,Bryant,SS,,Inactive
4618,Malik Smith,Malik,Smith,SS,,Inactive
4894,Eric Washington,Eric,Washington,,,Inactive
13534,Alex Harkey,Alex,Harkey,OT,LAC,Active
13546,Brian Parker,Brian,Parker,OT,CIN,Active
8112,Drake London,Drake,London,WR,ATL,Active
2827,DeShawn Williams,DeShawn,Williams,DT,,Active
6994,Lamar Jackson,Lamar,Jackson,CB,,Active
11632,Malik Nabers,Malik,Nabers,WR,NYG,Active
6658,Austin Maloata,Austin,Maloata,NT,,Active
1171,Keenan Robinson,Keenan,Robinson,LB,,Inactive
5928,David Long,David,Long,LB,,Active
4177,Mack Hollins,Mack,Hollins,WR,NE,Active
13564,Michael Dansby,Michael,Dansby,DB,SEA,Active
4238,Xavier Woods,Xavier,Woods,DB,,Active
5605,Matthew Thomas,Matthew,Thomas,OLB,,Inactive
375,Glover Quin,Glover,Quin,FS,,Injured Reserve
706,Joe Mays,Joe,Mays,LB,,Inactive
12757,Hal Presley,Hal,Presley,WR,,Active
13850,Octavian Smith,Octavian,Smith,WR,BAL,Active
1865,Jeremy Butler,Jeremy,Butler,WR,,Inactive
13825,Malik McClain,Malik,McClain,WR,NYJ,Active
3266,Tavon Young,Tavon,Young,CB,,Inactive
5811,Mike Hughes,Mike,Hughes,DT,,Inactive
6723,Vincent Testaverde,Vincent,Testaverde,QB,,Active
11005,Jarrett Patterson,Jarrett,Patterson,OL,HOU,Active
11805,Jamal Hill,Jamal,Hill,LB,HOU,Active
12983,Brock Lampe,Brock,Lampe,FB,,Active
13961,Henry Lutovsky,Henry,Lutovsky,OG,TB,Active
5610,Evan Brown,Evan,Brown,C,HOU,Active
8339,Kyle Hamilton,Kyle,Hamilton,DB,BAL,Active
1854,Quincy Enunwa,Quincy,Enunwa,WR,,Active
7987,Darius Hodge,Darius,Hodge,DE,,Active
12862,Josh Priebe,Josh,Priebe,OL,MIA,Active
2575,Taiwan Jones,Taiwan,Jones,LB,,Inactive
12192,Craig Young,Craig,Young,LB,,Active
7980,John Raine,John,Raine,FB,,Active
12873,Alex Huntley,Alex,Huntley,DT,MIA,Active
1527,Eddie Lacy,Eddie,Lacy,RB,,Inactive
13692,Marc Stampley,Marc,Stampley,DB,,Active
5848,Marquise Brown,Marquise,Brown,WR,PHI,Active
3832,C.J. Ham,C.J.,Ham,FB,,Active
11169,Dresser Winn,Dresser,Winn,QB,,Active
1457,Vinston Painter,Vinston,Painter,OT,,Inactive
13196,Elijah Williams,Elijah,Williams,DL,MIN,Active
8806,Storey Jackson,Storey,Jackson,LB,,Active
5487,Jake Campos,Jake,Campos,OT,,Active
923,Chris Conte,Chris,Conte,FS,,Inactive
5321,Hunter Bradley,Hunter,Bradley,LS,,Active
2275,Cassius Marsh,Cassius,Marsh,LB,,Active
8246,Bryant Koback,Bryant,Koback,RB,,Inactive
11903,Sincere Haynesworth,Sincere,Haynesworth,OL,,Active
11904,Lawrence Johnson,Lawrence,Johnson,DB,,Active
11175,Ilm Manning,Ilm,Manning,OL,,Active
7374,Tino Ellis,Tino,Ellis,CB,,Inactive
5039,Connor Williams,Connor,Williams,G,,Active
1336,Matthew Tucker,Matthew,Tucker,RB,,Inactive
6344,Picasso Nelson,Picasso,Nelson,CB,,Active
12824,Maddux Trujillo,Maddux,Trujillo,K,,Active
847,Karl Klug,Karl,Klug,DT,,Inactive
11678,Cooper DeJean,Cooper,DeJean,DB,PHI,Active
11371,Julian Hill,Julian,Hill,TE,NE,Inactive
8250,Tay Martin,Tay,Martin,WR,DET,Active
6598,Trenton Irwin,Trenton,Irwin,WR,SF,Active
12090,Corey Crooms,Corey,Crooms,WR,,Active
13662,Will Pauling,Will,Pauling,WR,SF,Active
566,Stevie Brown,Stevie,Brown,SS,,Inactive
5172,Alvin Jones,Alvin,Jones,ILB,,Inactive
12914,Aydan White,Aydan,White,CB,,Active
13453,Jacob Rodriguez,Jacob,Rodriguez,LB,MIA,Active
7101,Rodney Smith,Rodney,Smith,RB,,Active
12715,Thomas Fidone,Thomas,Fidone,TE,NYG,Active
12645,David Walker,David,Walker,LB,TB,Active
13584,Rayshaun Benny,Rayshaun,Benny,DT,BAL,Active
4601,Josh Thornton,Josh,Thornton,CB,,Active
95,Dominique Rodgers-Cromartie,Dominique,Rodgers-Cromartie,CB,,Active
2353,Denzel Perryman,Denzel,Perryman,LB,LAC,Active
13651,Jordan White,Jordan,White,OL,,Active
6010,Chidi Okeke,Chidi,Okeke,OT,,Active
6456,Tyler Gauthier,Tyler,Gauthier,OT,,Active
3359,Dadi Nicolas,Dadi,Nicolas,OLB,,Inactive
4650,Billy Brown,Billy,Brown,TE,,Active
5305,Trevon Young,Trevon,Young,LB,,Inactive
8599,Caliph Brice,Caliph,Brice,LB,,Active
3721,Josh Hawkins,Josh,Hawkins,CB,,Inactive
13328,Anthony Hankerson,Anthony,Hankerson,RB,MIA,Active
10857,Stetson Bennett,Stetson,Bennett,QB,LAR,Active
2733,Kasey Closs,Kasey,Closs,WR,,Active
12312,Noah Rauschenberg,Noah,Rauschenberg,K,,Active
9229,Anthony Richardson,Anthony,Richardson,QB,IND,Active
11071,Mason Brooks,Mason,Brooks,OL,,Active
2318,Andrus Peat,Andrus,Peat,OL,,Active
2350,Eric Kendricks,Eric,Kendricks,LB,,Active
8519,Deane Leonard,Deane,Leonard,DB,LAC,Active
6770,Joe Burrow,Joe,Burrow,QB,CIN,Active
1274,Gerell Robinson,Gerell,Robinson,TE,,Inactive
11624,Xavier Worthy,Xavier,Worthy,WR,KC,Active
13653,Preston Hodge,Preston,Hodge,CB,JAX,Active
5761,Trevor Darling,Trevor,Darling,G,,Active
11994,Kameron Johnson,Kameron,Johnson,WR,TB,Active
6335,Walter Palmore,Walter,Palmore,DT,,Active
13037,Connor O'Toole,Connor,O'Toole,DE,SEA,Active
1105,Dwayne Allen,Dwayne,Allen,TE,,Inactive
8624,Changa Hodge,Changa,Hodge,WR,,Active
11437,Marcus Haynes,Marcus,Haynes,LB,,Active
426,B.J. Raji,B.J.,Raji,NT,,Inactive
4617,Daniel Ross,Daniel,Ross,DT,,Active
5019,Chad Thomas,Chad,Thomas,DE,,Active
6799,Grant Delpit,Grant,Delpit,DB,CLE,Active
150,Danieal Manning,Danieal,Manning,SS,,Inactive
4558,B.J. Bello,B.J.,Bello,LB,,Active
7915,Landen Akers,Landen,Akers,WR,,Active
1616,Josh Martin,Josh,Martin,LB,,Active
11543,Lachlan Pitts,Lachlan,Pitts,TE,,Active
2063,Casey Kreiter,Casey,Kreiter,LS,ARI,Active
7627,Greg Rousseau,Greg,Rousseau,DE,BUF,Active
5035,Derrick Nnadi,Derrick,Nnadi,DT,IND,Active
8822,Ryan Van Demark,Ryan,Van Demark,OL,MIN,Active
4264,Treyvon Hester,Treyvon,Hester,DT,,Active
13139,Taylor Morin,Taylor,Morin,WR,,Active
1905,Christian Kirksey,Christian,Kirksey,LB,,Active
1416,Lavar Edwards,Lavar,Edwards,LB,,Inactive
10227,Payne Durham,Payne,Durham,TE,TB,Active
12071,Gabe Hall,Gabe,Hall,DT,PHI,Active
8335,Kolby Harvell-Peel,Kolby,Harvell-Peel,DB,,Active
12962,Trevian Thomas,Trevian,Thomas,DB,JAX,Active
1081,James-Michael Johnson,James-Michael,Johnson,LB,,Inactive
10214,Davis Allen,Davis,Allen,TE,LAR,Active
6771,Phil Snow,Phil,Snow,,,Inactive
6145,Juan Thornhill,Juan,Thornhill,DB,,Active
8153,Isaiah Spiller,Isaiah,Spiller,RB,,Active
7308,Nick Bowers,Nick,Bowers,TE,,Active
8004,Devon Key,Devon,Key,DB,DEN,Active
11892,Nate Latu,Nate,Latu,DE,,Active
12798,Josh Fryar,Josh,Fryar,OL,ARI,Active
5107,Jaylen Samuels,Jaylen,Samuels,RB,,Active
8299,Baylon Spector,Baylon,Spector,LB,,Active
5023,Chukwuma Okorafor,Chukwuma,Okorafor,OL,NYJ,Active
8346,Mike Rose,Mike,Rose,LB,,Active
7202,Dom Maggio,Dom,Maggio,P,,Active
13379,Josiah Trotter,Josiah,Trotter,LB,TB,Active
2522,Deon Simon,Deon,Simon,NT,,Inactive
1883,Keith Wenning,Keith,Wenning,QB,,Inactive
1657,Brandon Copeland,Brandon,Copeland,LB,,Active
11866,Tyler McLellan,Tyler,McLellan,OL,,Active
4179,Joshua Dobbs,Joshua,Dobbs,QB,,Active
224,Brett Goode,Brett,Goode,LS,,Inactive
614,Robert McClain,Robert,McClain,CB,,Inactive
13888,DeShawn Hanika,DeShawn,Hanika,TE,,Active
11742,Cedric Gray,Cedric,Gray,LB,TEN,Active
5521,Brant Weiss,Brant,Weiss,OT,,Inactive
4603,Jeremiah Valoaga,Jeremiah,Valoaga,DE,,Active
11216,Holton Ahlers,Holton,Ahlers,QB,,Active
5287,Brian Bridgewater,Brian,Bridgewater,TE,,Inactive
1208,Brian Quick,Brian,Quick,WR,,Inactive
10866,Aidan O'Connell,Aidan,O'Connell,QB,LV,Active
7494,Kyahva Tezino,Kyahva,Tezino,LB,,Active
3874,Michael Smith,Michael,Smith,DT,,Inactive
4271,Isaac Rochell,Isaac,Rochell,DE,,Active
693,Joey Porter,Joey,Porter,LB,,Inactive
4301,Josh Magee,Josh,Magee,WR,,Inactive
11342,Ricky Lee,Ricky,Lee,OL,JAX,Active
6037,Brett Rypien,Brett,Rypien,QB,,Active
5357,Kent Shelby,Kent,Shelby,WR,,Active
3859,Jalen Simmons,Jalen,Simmons,RB,,Active
12499,Elic Ayomanor,Elic,Ayomanor,WR,TEN,Active
6061,Drew Lewis,Drew,Lewis,ILB,,Active
4724,Matt Galambos,Matt,Galambos,ILB,,Active
11200,Marvin Pierre,Marvin,Pierre,LB,,Active
11296,Gemon Green,Gemon,Green,DB,,Active
7818,T.J. Slaton,T.J.,Slaton,DT,CIN,Active
11187,Mike Jones,Mike,Jones,LB,,Active
8286,Dax Hill,Dax,Hill,DB,CIN,Active
5457,Christian LaCouture,Christian,LaCouture,NT,,Active
9503,Jacob Copeland,Jacob,Copeland,WR,,Active
5438,Najee Toran,Najee,Toran,G,,Active
3597,DaVonte Lambert,DaVonte,Lambert,DT,,Inactive
8270,Devonte Wyatt,Devonte,Wyatt,DL,GB,Active
4074,Malik Hooker,Malik,Hooker,DB,DAL,Active
14002,Christian Hilborn,Christian,Hilborn,OL,,Active
4775,David Olson,David,Olson,QB,,Inactive
4055,O.J. Howard,O.J.,Howard,TE,,Active
7213,Christian Montano,Christian,Montano,G,,Active
1132,Donald Stephenson,Donald,Stephenson,T,,Inactive
1840,Jon Halapio,Jon,Halapio,G,,Active
6142,Caleb Wilson,Caleb,Wilson,TE,,Active
1151,Ryan Quigley,Ryan,Quigley,P,,Inactive
7698,Andre Cisco,Andre,Cisco,DB,NYJ,Active
13532,Bobby Jamison-Travis,Bobby,Jamison-Travis,DL,NYG,Active
5879,Jaylon Ferguson,Jaylon,Ferguson,LB,,Active
622,Michael Hoomanawanui,Michael,Hoomanawanui,TE,,Inactive
4701,Victor Salako,Victor,Salako,T,,Active
13684,Shad Banks,Shad,Banks,LB,TEN,Active
13013,Mark Redman,Mark,Redman,TE,LAR,Active
608,Corey Peters,Corey,Peters,DT,,Active
1238,Josh Harris,Josh,Harris,LS,LAC,Active
5006,J'Mon Moore,J'Mon,Moore,WR,,Inactive
2877,Kyle Sebetic,Kyle,Sebetic,CB,,Inactive
6312,Myquon Stout,Myquon,Stout,DE,,Active
6609,Ross Reynolds,Ross,Reynolds,OG,,Active
13701,Carlos Allen,Carlos,Allen,DT,ATL,Active
4207,Davon Godchaux,Davon,Godchaux,DT,NO,Active
13478,Ephesians Prysock,Ephesians,Prysock,CB,SF,Active
7513,Manny Patterson,Manny,Patterson,DB,,Active
6347,Tre' Crawford,Tre',Crawford,ILB,,Active
4687,Abner Logan,Abner,Logan,LB,,Active
4461,Lorenzo Jerome,Lorenzo,Jerome,FS,,Inactive
5881,Nasir Adderley,Nasir,Adderley,DB,,Active
13762,Paul Rubelt,Paul,Rubelt,OL,TB,Active
3434,Ian Wells,Ian,Wells,CB,,Active
13967,Jimmy Kibble,Jimmy,Kibble,WR,NE,Inactive
3647,Terrell Lathan,Terrell,Lathan,DT,,Active
982,Bruce Miller,Bruce,Miller,FB,,Inactive
8608,Raleigh Texada,Raleigh,Texada,CB,,Active
11201,Blake Whiteheart,Blake,Whiteheart,TE,CLE,Active
12528,Ajou Ajou,Ajou,Ajou,WR,,Active
1633,Rashaan Melvin,Rashaan,Melvin,CB,,Active
13649,Devin Neal,Devin,Neal,DB,JAX,Active
12222,Joseph Scates,Joseph,Scates,WR,,Active
2316,Trae Waynes,Trae,Waynes,CB,CIN,Active
5213,Garret Dooley,Garret,Dooley,OLB,,Active
6341,Dexter Wright,Dexter,Wright,S,,Active
606,Joe Webb,Joe,Webb,QB,,Active
6971,Solomon Kindley,Solomon,Kindley,G,,Inactive
4448,Anthony Kukwa,Anthony,Kukwa,LS,,Inactive
7225,Chris Orr,Chris,Orr,LB,,Inactive
471,Garrison Sanborn,Garrison,Sanborn,LS,,Active
12209,Justin Blazek,Justin,Blazek,DL,,Active
1043,Stephon Gilmore,Stephon,Gilmore,CB,,Active
453,James Laurinaitis,James,Laurinaitis,LB,,Injured Reserve
13595,Cash Jones,Cash,Jones,RB,ATL,Active
6547,Isaiah Wharton,Isaiah,Wharton,SS,,Inactive
6769,Graham Harrell,Graham,Harrell,QB,,Inactive
1407,Chris Hubbard,Chris,Hubbard,T,,Active
8288,Christopher Hinton,Christopher,Hinton,DL,,Active
8717,Antonio Ortiz,Antonio,Ortiz,LS,,Active
7171,Reggie Floyd,Reggie,Floyd,DB,,Active
3327,Alex Collins,Alex,Collins,RB,,Active
1005,D'Anthony Smith,D'Anthony,Smith,DT,,Inactive
11299,Zavier Scott,Zavier,Scott,RB,MIN,Active
6646,Durndraus Bryant,Durndraus,Bryant,NT,,Inactive
11901,Kyle Sheets,Kyle,Sheets,WR,,Active
5486,Bryce Johnson,Bryce,Johnson,OT,,Active
5020,B.J. Hill,B.J.,Hill,DT,CIN,Active
8032,Aaron Donkor,Aaron,Donkor,LB,,Active
2337,Malcom Brown,Malcom,Brown,DT,,Active
9221,Jahmyr Gibbs,Jahmyr,Gibbs,RB,DET,Active
12997,Wyatt Bowles,Wyatt,Bowles,OL,LAR,Active
3486,Chris Brown,Chris,Brown,WR,,Active
6608,Stacy Keely,Stacy,Keely,DE,,Inactive
964,Lance Kendricks,Lance,Kendricks,TE,,Active
8747,Roger Carter,Roger,Carter,TE,,Active
118,Sebastian Janikowski,Sebastian,Janikowski,K,,Injured Reserve
7163,Jake Benzinger,Jake,Benzinger,OT,,Active
11760,Austin Booker,Austin,Booker,DL,CHI,Active
2656,Chi Chi Ariguzo,Chi Chi,Ariguzo,ILB,,Inactive
2122,Nevin Lawson,Nevin,Lawson,CB,,Active
2606,Cedric Reed,Cedric,Reed,DE,,Inactive
11049,Jovaughn Gwyn,Jovaughn,Gwyn,OL,BAL,Active
12225,Josh Proctor,Josh,Proctor,DB,,Active
567,Jacoby Ford,Jacoby,Ford,WR,,Inactive
2974,De'Ante Saunders,De'Ante,Saunders,S,,Inactive
3819,Taniela Tupou,Taniela,Tupou,FB,,Inactive
295,Tarell Brown,Tarell,Brown,CB,,Inactive
3625,Calvin Heurtelou,Calvin,Heurtelou,NT,,Active
975,McLeod Bethel-Thompson,McLeod,Bethel-Thompson,QB,,Inactive
12445,Christian McCarroll,Christian,McCarroll,DE,,Active
13779,Al-Jay Henderson,Al-Jay,Henderson,RB,,Active
7983,Collin Hill,Collin,Hill,QB,,Inactive
4653,Randall Goforth,Randall,Goforth,FS,,Active
455,Michael Crabtree,Michael,Crabtree,WR,,Active
8690,Jake Herslow,Jake,Herslow,WR,,Active
6895,Quintez Cephus,Quintez,Cephus,WR,,Active
2908,Austin Willis,Austin,Willis,WR,,Inactive
11380,Johnny Lumpkin,Johnny,Lumpkin,TE,,Active
7640,Micah Parsons,Micah,Parsons,LB,GB,Active
11777,Jaylon Carlies,Jaylon,Carlies,DB,IND,Active
11135,D.J. Coleman,D.J.,Coleman,LB,,Active
1039,Tavon Wilson,Tavon,Wilson,DB,SF,Inactive
3163,Jared Goff,Jared,Goff,QB,DET,Active
6354,Nathan Meadors,Nathan,Meadors,DB,,Inactive
7423,DeMarkus Acy,DeMarkus,Acy,CB,,Active
7870,Paddy Fisher,Paddy,Fisher,LB,,Active
1576,Tyrann Mathieu,Tyrann,Mathieu,DB,,Active
4440,Paul Boyette,Paul,Boyette,DE,,Inactive
1415,Vince Williams,Vince,Williams,LB,,Injured Reserve
12891,Jordan Bly,Jordan,Bly,WR,,Active
5025,Ronnie Harrison,Ronnie,Harrison,DB,MIA,Active
3617,Dominique Tovell,Dominique,Tovell,OLB,,Active
8858,Keshunn Abram,Keshunn,Abram,WR,,Active
7920,Tuf Borland,Tuf,Borland,LB,,Active
2995,Michael Huey,Michael,Huey,G,,Inactive
1823,Anthony Johnson,Anthony,Johnson,DE,,Inactive
4516,Richard Levy,Richard,Levy,G,,Active
7951,B.J. Emmons,B.J.,Emmons,RB,,Active
4628,Justin Horton,Justin,Horton,OLB,,Active
2527,Austin Shepherd,Austin,Shepherd,T,,Inactive
1730,Kenny Wiggins,Kenny,Wiggins,G,,Active
13821,Rocco Underwood,Rocco,Underwood,LS,PHI,Active
4671,Brandon Stewart,Brandon,Stewart,CB,,Active
12151,Julian Hicks,Julian,Hicks,WR,,Active
4832,Andrew Price,Andrew,Price,TE,,Active
4428,Max Rich,Max,Rich,OT,,Active
13240,Toa Taua,Toa,Taua,RB,,Active
3770,Quenton Bundrage,Quenton,Bundrage,WR,,Active
4039,Cooper Kupp,Cooper,Kupp,WR,SEA,Active
3688,Tra Carson,Tra,Carson,RB,,Active
7462,Stephen Guidry,Stephen,Guidry,WR,,Active
3619,Ryker Mathews,Ryker,Mathews,OT,,Active
1725,Patrick Lewis,Patrick,Lewis,C,,Inactive
11410,Braxton Burmeister,Braxton,Burmeister,WR,,Active
7610,Trey Lance,Trey,Lance,QB,LAC,Active
13185,Dominic Boyd,Dominic,Boyd,OL,,Active
11349,Lonnie Phelps,Lonnie,Phelps,DE,,Active
8098,Alex Tchangam,Alex,Tchangam,LB,,Active
13451,Jake Slaughter,Jake,Slaughter,C,LAC,Active
1085,Brandon Weeden,Brandon,Weeden,QB,,Inactive
1804,Carey Spear,Carey,Spear,K,,Inactive
2984,Will Johnson,Will,Johnson,P,,Active
1385,Troy Stoudermire,Troy,Stoudermire,CB,,Inactive
5520,Jonathan Owens,Jonathan,Owens,DB,IND,Active
4777,De'Chavon Hayes,De'Chavon,Hayes,RB,,Active
12289,Jake Hornibrook,Jake,Hornibrook,OT,,Active
4132,Montravius Adams,Montravius,Adams,DT,,Active
7132,Jake Hanson,Jake,Hanson,C,,Inactive
3828,Marwin Evans,Marwin,Evans,FS,,Inactive
1439,Hugh Thornton,Hugh,Thornton,G,,Inactive
1562,Akeem Spence,Akeem,Spence,DT,,Active
45,Dan Carpenter,Dan,Carpenter,K,,Inactive
11759,Javon Solomon,Javon,Solomon,DE,BUF,Active
12857,Bruce Harmon,Bruce,Harmon,CB,,Active
6846,Hunter Bryant,Hunter,Bryant,TE,,Active
88,Antoine Bethea,Antoine,Bethea,FS,,Injured Reserve
12483,Jack Bech,Jack,Bech,WR,LV,Active
2416,Tre' Jackson,Tre',Jackson,G,,Inactive
6223,Juwann Winfree,Juwann,Winfree,WR,,Inactive
12796,Roman Parodie,Roman,Parodie,CB,,Active
99,Allen Barbre,Allen,Barbre,G,,Inactive
1522,Sam Barrington,Sam,Barrington,LB,,Injured Reserve
236,Domata Peko,Domata,Peko,DT,,Inactive
12573,Mason Graham,Mason,Graham,DL,CLE,Active
2393,Danielle Hunter,Danielle,Hunter,DE,HOU,Active
5488,Joel Lanning,Joel,Lanning,OLB,,Active
2236,Trey Watts,Trey,Watts,RB,,Inactive
13849,Cortez Braham,Cortez,Braham,WR,BAL,Active
12800,Oscar Cardenas,Oscar,Cardenas,TE,,Active
6900,Jonathan Greenard,Jonathan,Greenard,DE,PHI,Active
2356,Nate Orchard,Nate,Orchard,DE,,Active
12013,Jaden Shirden,Jaden,Shirden,RB,,Active
2884,Josh Shirley,Josh,Shirley,LB,,Inactive
5885,Ryan Finley,Ryan,Finley,QB,,Inactive
3142,Jim O'Neil,Jim,O'Neil,,,Inactive
11836,Myles Harden,Myles,Harden,DB,CLE,Active
8370,Jordan Jackson,Jordan,Jackson,DL,DEN,Active
12677,Bradyn Swinson,Bradyn,Swinson,DE,NE,Active
11084,Andre Carter,Andre,Carter,LB,,Active
NO,,New Orleans,Saints,DEF,NO,
4254,Stacy Coley,Stacy,Coley,WR,,Inactive
13313,Emmanuel Henderson,Emmanuel,Henderson,WR,SEA,Active
6622,Jacob Thieneman,Jacob,Thieneman,SS,,Active
7024,James Smith-Williams,James,Smith-Williams,DE,,Active
7568,Brevin Jordan,Brevin,Jordan,TE,HOU,Active
13776,Hank Beatty,Hank,Beatty,WR,TEN,Active
14041,Anderson Castle,Anderson,Castle,RB,IND,Active
12904,Sal Wormley,Sal,Wormley,OL,,Active
1303,James Develin,James,Develin,FB,,Injured Reserve
3183,Vernon Butler,Vernon,Butler,DT,,Inactive
12605,Jacob Parrish,Jacob,Parrish,DB,TB,Active
2578,John Harris,John,Harris,WR,,Active
1568,Stedman Bailey,Stedman,Bailey,WR,,Inactive
5985,Foster Moreau,Foster,Moreau,TE,HOU,Active
7292,Kobe Williams,Kobe,Williams,CB,,Active
4192,Corn Elder,Corn,Elder,CB,,Active
11158,Jalen Sample,Jalen,Sample,WR,,Active
4846,Taybor Pepper,Taybor,Pepper,LS,,Active
12051,Jackson Sirmon,Jackson,Sirmon,LB,NO,Active
3340,Jerell Adams,Jerell,Adams,TE,,Active
2819,Mike Meyer,Mike,Meyer,K,,Active
12451,Elliott Brown,Elliott,Brown,LB,ARI,Active
4568,Woody Baron,Woody,Baron,DT,,Active
11154,Matthew Jester,Matthew,Jester,LB,,Active
1989,Craig Loston,Craig,Loston,SS,,Inactive
5425,John Diarse,John,Diarse,WR,,Active
13410,Chase Roberts,Chase,Roberts,WR,LV,Active
2765,Kip Smith,Kip,Smith,P,,Active
4463,Tyler McCloskey,Tyler,McCloskey,RB,,Active
11601,Trey Knox,Trey,Knox,TE,,Active
3926,Matt Pierson,Matt,Pierson,OT,,Inactive
6042,Davante Davis,Davante,Davis,CB,,Active
3277,Hassan Ridgeway,Hassan,Ridgeway,DT,,Active
6009,Jordan Miller,Jordan,Miller,DB,,Active
8569,Arron Mosby,Arron,Mosby,LB,GB,Active
3367,Kavon Frazier,Kavon,Frazier,DB,LV,Active
14040,Terrill Davis,Terrill,Davis,WR,MIN,Active
4677,Jordan Roos,Jordan,Roos,G,,Active
8503,Gregory Junior,Gregory,Junior,CB,,Active
8835,James Skalski,James,Skalski,LB,,Active
GB,,Green Bay,Packers,DEF,GB,
13733,Ethan Burke,Ethan,Burke,DE,BAL,Active
5518,Elijah Battle,Elijah,Battle,CB,,Active
12953,Jalen White,Jalen,White,RB,,Active
7276,Auzoyah Alufohai,Auzoyah,Alufohai,DT,,Active
4259,Al-Quadin Muhammad,Al-Quadin,Muhammad,DE,TB,Active
7563,Javian Hawkins,Javian,Hawkins,RB,,Active
13671,Damonic Williams,Damonic,Williams,DT,ARI,Active
13429,Seydou Traore,Seydou,Traore,TE,MIA,Active
3889,Marquis Bundy,Marquis,Bundy,WR,,Inactive
13550,Pat Coogan,Pat,Coogan,C,TEN,Active
2958,Takoby Cofield,Takoby,Cofield,G,,Inactive
3075,Stan Kroenke,Stan,Kroenke,,,Inactive
217,Donte Whitner,Donte,Whitner,SS,,Inactive
7503,Connor Davis,Connor,Davis,TE,,Active
13207,Mose Vavao,Mose,Vavao,OL,,Active
8190,Abram Smith,Abram,Smith,RB,,Active
13904,Jacob De Jesus,Jacob,De Jesus,WR,KC,Active
5162,Reggie Bonnafon,Reggie,Bonnafon,RB,,Active
4071,Marlon Humphrey,Marlon,Humphrey,CB,BAL,Active
536,Antonio Brown,Antonio,Brown,WR,,Active
13697,Da'Metrius Weatherspoon,Da'Metrius,Weatherspoon,OL,BUF,Active
13919,DJ Wingfield,DJ,Wingfield,OL,DAL,Active
6062,Tyler Jones,Tyler,Jones,G,,Active
2609,RJ Archer,RJ,Archer,QB,,Inactive
7479,Tre'Vour Wallace-Simms,Tre'Vour,Wallace-Simms,OL,,Active
8495,Matt Henningsen,Matt,Henningsen,DE,DEN,Active
3474,Briean Boddy-Calhoun,Briean,Boddy-Calhoun,CB,TEN,Active
1688,Terence Garvin,Terence,Garvin,LB,,Inactive
3478,DeAndre Elliott,DeAndre,Elliott,CB,,Inactive
3884,Jarrett Grace,Jarrett,Grace,ILB,,Inactive
2607,Landon Feichter,Landon,Feichter,SS,,Active
2303,Josh Harris,Josh,Harris,RB,,Inactive
7989,DJ Turner,DJ,Turner,WR,HOU,Active
6578,D.J. Coker,D.J.,Coker,C,,Active
13854,Malik Spencer,Malik,Spencer,DB,WAS,Active
3702,Andy Jones,Andy,Jones,WR,NYG,Inactive
1363,Michael Buchanan,Michael,Buchanan,DE,,Inactive
23,Jason Witten,Jason,Witten,TE,,Injured Reserve
4521,Evan Panfil,Evan,Panfil,DE,,Inactive
8496,Theo Jackson,Theo,Jackson,DB,MIN,Active
11812,Walter Rouse,Walter,Rouse,OL,MIN,Active
4622,Keelan Cole,Keelan,Cole,WR,,Active
8923,Vitaliy Gurman,Vitaliy,Gurman,G,,Active
870,Nate Irving,Nate,Irving,LB,,Inactive
3041,Ross Travis,Ross,Travis,TE,,Active
10234,Derius Davis,Derius,Davis,WR,LAC,Active
4130,Brendan Langley,Brendan,Langley,WR,,Inactive
7061,Cameron Clark,Cameron,Clark,OT,NYJ,Inactive
8487,Christian Benford,Christian,Benford,DB,BUF,Active
13239,J.J. Weaver,J.J.,Weaver,LB,,Active
5188,Quenton Meeks,Quenton,Meeks,CB,,Active
2492,JaCorey Shepherd,JaCorey,Shepherd,CB,,Inactive
149,Zackary Bowman,Zackary,Bowman,CB,,Inactive
818,Bilal Powell,Bilal,Powell,RB,,Active
7414,Johnathon Johnson,Johnathon,Johnson,WR,,Active
7531,Feleipe Franks,Feleipe,Franks,TE,CAR,Active
11204,Duece Watts,Duece,Watts,WR,,Active
7660,Liam Eichenberg,Liam,Eichenberg,T,,Active
13426,Sawyer Robertson,Sawyer,Robertson,QB,,Active
4069,Takk McKinley,Takk,McKinley,DE,,Active
12280,Joe Bryson,Joe,Bryson,OL,,Active
3518,Connor Wujciak,Connor,Wujciak,DT,,Active
11975,Jordan Terrell,Jordan,Terrell,RB,,Active
4235,Jordan Carrell,Jordan,Carrell,DT,,Active
3586,Daniel Davie,Daniel,Davie,CB,,Active
3781,C.J. Smith,C.J.,Smith,CB,,Inactive
147,DeSean Jackson,DeSean,Jackson,WR,,Active
13908,Dylan Barrett,Dylan,Barrett,G,GB,Active
2512,Reshard Cliett,Reshard,Cliett,OLB,,Active
7655,Asante Samuel,Asante,Samuel,CB,PIT,Active
13456,Logan Jones,Logan,Jones,C,CHI,Active
5494,Tyree Robinson,Tyree,Robinson,SS,,Inactive
8791,Shaun Jolly,Shaun,Jolly,CB,,Active
7237,Scotty Washington,Scotty,Washington,WR,,Active
1053,Damon Harrison,Damon,Harrison,DT,,Injured Reserve
750,Erik Walden,Erik,Walden,LB,,Injured Reserve
7949,Trevon Grimes,Trevon,Grimes,WR,,Inactive
7978,Tre Walker,Tre,Walker,WR,,Inactive
666,Keenan Lewis,Keenan,Lewis,CB,,Inactive
6668,Tyler Sigler,Tyler,Sigler,DB,,Active
13448,Kadyn Proctor,Kadyn,Proctor,OT,MIA,Active
3857,Jordan Rigsbee,Jordan,Rigsbee,G,,Active
3707,Boston Stiverson,Boston,Stiverson,G,,Inactive
4000,Trent Kirchner,Trent,Kirchner,,,Inactive
13512,Keyshaun Elliott,Keyshaun,Elliott,LB,CHI,Active
13924,Dominic Bailey,Dominic,Bailey,DL,HOU,Active
4605,Evan Baylis,Evan,Baylis,TE,,Active
7370,JoJo Ward,JoJo,Ward,WR,,Active
13911,Kamar Missouri,Kamar,Missouri,OL,LV,Active
7432,Chris Miller,Chris,Miller,DB,,Active
1219,Michael Floyd,Michael,Floyd,WR,,Inactive
8537,Tre Swilling,Tre,Swilling,CB,,Active
13933,Kevin Cline,Kevin,Cline,OL,MIA,Active
11786,Cam Little,Cam,Little,K,JAX,Active
574,Dez Bryant,Dez,Bryant,WR,,Inactive
2490,Charles Gaines,Charles,Gaines,CB,,Injured Reserve
11039,Ryan Hayes,Ryan,Hayes,OL,CAR,Active
187,Thomas Davis,Thomas,Davis,LB,,Injured Reserve
12876,Maxen Hook,Maxen,Hook,DB,SEA,Active
8247,Gerrit Prince,Gerrit,Prince,TE,,Active
12294,Devlin Kirklin,Devlin,Kirklin,DB,,Active
13259,Joseph Vaughn,Joseph,Vaughn,LB,SEA,Active
7541,Cornell Powell,Cornell,Powell,WR,,Active
8914,Jeremiah Pharms,Jeremiah,Pharms,DT,NE,Active
4201,Treston Decoud,Treston,Decoud,CB,,Inactive
12159,Hogan Hatten,Hogan,Hatten,LS,DET,Active
6891,Markus Bailey,Markus,Bailey,LB,,Active
4408,Terrell Newby,Terrell,Newby,RB,,Active
1428,David Quessenberry,David,Quessenberry,OL,LAR,Active
5233,Marcus Baugh,Marcus,Baugh,TE,,Active
3490,Marshall Koehn,Marshall,Koehn,K,,Inactive
8725,DaMarcus Mitchell,DaMarcus,Mitchell,DE,,Active
4161,Howard Wilson,Howard,Wilson,CB,,Active
8148,Jameson Williams,Jameson,Williams,WR,DET,Active
1318,Austin Pasztor,Austin,Pasztor,G,,Inactive
15,Patrick Willis,Patrick,Willis,ILB,,Inactive
8066,Max Duffy,Max,Duffy,P,,Inactive
5875,Erik McCoy,Erik,McCoy,OL,NO,Active
1189,Nick Toon,Nick,Toon,WR,,Inactive
8163,Player Invalid,Player,Invalid,QB,,Inactive
10444,Cedric Tillman,Cedric,Tillman,WR,CLE,Active
3091,Doug Marrone,Doug,Marrone,,,Inactive
13598,Mason Reiger,Mason,Reiger,DE,MIA,Active
7090,Darnell Mooney,Darnell,Mooney,WR,NYG,Active
13634,Jerry Wilson,Jerry,Wilson,CB,,Active
2200,Timothy Flanders,Timothy,Flanders,RB,,Active
7043,Blake Ferguson,Blake,Ferguson,LS,,Active
1144,Cole Beasley,Cole,Beasley,WR,,Inactive
3256,Javon Hargrave,Javon,Hargrave,DT,GB,Active
4745,Daquan Holmes,Daquan,Holmes,FS,,Active
1165,Adrien Robinson,Adrien,Robinson,TE,,Inactive
5266,Detrez Newsome,Detrez,Newsome,RB,,Inactive
7830,Shaun Wade,Shaun,Wade,CB,PHI,Active
13085,Kole Taylor,Kole,Taylor,TE,,Active
13232,Elijah Ellis,Elijah,Ellis,OL,,Active
6539,Devontae Jackson,Devontae,Jackson,RB,,Active
7025,Josiah Coatney,Josiah,Coatney,DT,,Active
4640,Jadar Johnson,Jadar,Johnson,FS,,Active
1825,Jarvis Landry,Jarvis,Landry,WR,,Inactive
2652,Dreamius Smith,Dreamius,Smith,RB,,Inactive
2376,Hroniss Grasu,Hroniss,Grasu,OL,,Active
6203,Valentine Holmes,Valentine,Holmes,RB,,Active
6238,Tyree Mayfield,Tyree,Mayfield,TE,,Active
7315,Bobby Holly,Bobby,Holly,FB,,Active
13170,Desmond Evans,Desmond,Evans,DE,,Active
11801,DJ James,DJ,James,CB,,Active
3372,Rico Gathers,Rico,Gathers,TE,,Inactive
11745,Layden Robinson,Layden,Robinson,OL,ATL,Active
4223,Rudy Ford,Rudy,Ford,DB,,Active
6677,Joe Forson,Joe,Forson,WR,KC,Practice Squad
11103,Alex Pihlstrom,Alex,Pihlstrom,OL,,Active
6050,Brandon Knight,Brandon,Knight,T,,Active
7612,Dee Eskridge,Dee,Eskridge,WR,,Active
11265,Robert Haskins,Robert,Haskins,OL,,Active
8040,Quinn Nordin,Quinn,Nordin,K,,Active
12745,Shilo Sanders,Shilo,Sanders,DB,,Active
4217,George Kittle,George,Kittle,TE,SF,Active
6544,Aaron Adeoye,Aaron,Adeoye,LB,,Active
12100,Chris Autman-Bell,Chris,Autman-Bell,WR,,Active
211,Daryl Smith,Daryl,Smith,LB,,Inactive
3319,Trevor Davis,Trevor,Davis,WR,,Active
270,Lance Moore,Lance,Moore,WR,,Inactive
6634,Nate Brooks,Nate,Brooks,DB,,Active
12480,Moliki Matavao,Moliki,Matavao,TE,NO,Active
1968,Keon Lyn,Keon,Lyn,CB,,Active
5441,Lowell Lotulelei,Lowell,Lotulelei,DL,,Active
5735,Airius Moore,Airius,Moore,ILB,,Active
4283,Khalfani Muhammad,Khalfani,Muhammad,RB,,Active
3864,Jake Lampman,Jake,Lampman,WR,,Inactive
8761,Josh Rivas,Josh,Rivas,G,,Inactive
8215,Austin Allen,Austin,Allen,TE,,Active
4955,Ronald Jones,Ronald,Jones,RB,,Active
7529,Gary Brightwell,Gary,Brightwell,RB,CIN,Active
7020,Cam Brown,Cam,Brown,LB,,Active
8903,Greg Long,Greg,Long,OL,,Inactive
2805,Deon Long,Deon,Long,WR,,Inactive
1015,Jed Collins,Jed,Collins,FB,,Inactive
12115,Dell Pettus,Dell,Pettus,DB,NE,Active
2558,A.J. Tarpley,A.J.,Tarpley,LB,,Inactive
12394,Cam Allen,Cam,Allen,DB,,Active
11826,Trey Taylor,Trey,Taylor,DB,,Active
4482,Gabriel Mass,Gabriel,Mass,DT,,Active
6821,Austin Jackson,Austin,Jackson,T,MIA,Active
6864,Khalid Kareem,Khalid,Kareem,DE,NYG,Active
3461,Russell Hansbrough,Russell,Hansbrough,RB,,Inactive
5576,Ben Niemann,Ben,Niemann,LB,,Active
11628,Marvin Harrison,Marvin,Harrison,WR,ARI,Active
1488,B.W. Webb,B.W.,Webb,CB,,Active
13219,Michael Gonzalez,Michael,Gonzalez,OL,,Active
13439,Luke Elzinga,Luke,Elzinga,P,,Active
4353,Patrick Ricard,Patrick,Ricard,FB,NYG,Active
4645,Evan Schwan,Evan,Schwan,DE,,Inactive
11750,Dominique Hampton,Dominique,Hampton,CB,,Active
1798,Josh Huff,Josh,Huff,WR,,Inactive
1078,L.J. Fort,L.J.,Fort,LB,,Active
5480,C.J. Reavis,C.J.,Reavis,CB,,Inactive
5757,Josh Woods,Josh,Woods,LB,ATL,Active
8061,Jake Hausmann,Jake,Hausmann,TE,,Active
5615,Matt Dickerson,Matt,Dickerson,DE,JAX,Active
7747,Joe Sculthorpe,Joe,Sculthorpe,OL,,Active
2335,Damarious Randall,Damarious,Randall,CB,,Active
10210,Cameron Latu,Cameron,Latu,TE,PHI,Active
2306,Jameis Winston,Jameis,Winston,QB,NYG,Active
8675,Derek Schweiger,Derek,Schweiger,OL,,Inactive
4939,Roderick Henderson,Roderick,Henderson,DT,TEN,Active
13918,Kahlil Benson,Kahlil,Benson,T,KC,Active
11730,T.J. Tampa,T.J.,Tampa,DB,BAL,Active
3502,Romeo Okwara,Romeo,Okwara,LB,,Active
4924,Zach Terrell,Zach,Terrell,QB,BAL,Active
5554,Reggie Hall,Reggie,Hall,CB,,Active
13032,Marshall Lang,Marshall,Lang,TE,MIN,Active
1180,Frank Alexander,Frank,Alexander,DE,,Inactive
11088,Monte Pottebaum,Monte,Pottebaum,FB,,Active
1479,Keenan Allen,Keenan,Allen,WR,,Active
5699,Matt Fleming,Matt,Fleming,WR,,Active
6600,Stone Wilson,Stone,Wilson,P,,Active
5061,Uchenna Nwosu,Uchenna,Nwosu,LB,SEA,Active
904,DeMarco Murray,DeMarco,Murray,RB,,Inactive
1929,Travis Coons,Travis,Coons,K,,Inactive
3559,Ryan Smith,Ryan,Smith,CB,,Active
3258,Nick Vannett,Nick,Vannett,TE,SEA,Active
14032,Xavier Holmes,Xavier,Holmes,DL,NE,Active
1392,Margus Hunt,Margus,Hunt,DE,,Active
13036,T.J. Jackson,T.J.,Jackson,DL,,Active
4470,Riley Bullough,Riley,Bullough,ILB,,Inactive
6164,Kahale Warring,Kahale,Warring,TE,,Active
5770,J.P. Quinn,J.P.,Quinn,C,,Inactive
13721,Jack Dingle,Jack,Dingle,LB,CIN,Active
12450,Travion Fluellen,Travion,Fluellen,DB,,Active
184,Adrian Peterson,Adrian,Peterson,RB,,Active
2587,Dres Anderson,Dres,Anderson,WR,,Active
1226,AJ Jenkins,AJ,Jenkins,WR,,Inactive
2274,Jackson Jeffcoat,Jackson,Jeffcoat,LB,,Inactive
11534,Andrew Whitaker,Andrew,Whitaker,CB,,Active
5547,Ryan Smith,Ryan,Smith,TE,,Active
1001,Tyler Clutts,Tyler,Clutts,FB,,Inactive
5335,Colby Gossett,Colby,Gossett,OL,,Active
5549,Darrel Williams,Darrel,Williams,RB,,Active
1423,Blidi Wreh-Wilson,Blidi,Wreh-Wilson,CB,TB,Active
3395,Alex McCalister,Alex,McCalister,DE,,Inactive
12195,Myles Murphy,Myles,Murphy,DL,,Active
4518,Emanuel Byrd,Emanuel,Byrd,TE,,Inactive
1786,Lance Lewis,Lance,Lewis,WR,,Inactive
7211,Zimari Manning,Zimari,Manning,WR,,Active
4413,Eric Wilson,Eric,Wilson,LB,MIN,Active
3410,Jake Coker,Jake,Coker,QB,,Active
8875,Jordan Mosley,Jordan,Mosley,DB,,Active
7405,Michael Jacquet,Michael,Jacquet,CB,,Active
1264,Justin Tucker,Justin,Tucker,K,,Active
1584,B.J. Daniels,B.J.,Daniels,WR,,Inactive
5331,Chris Covington,Chris,Covington,LB,,Active
8463,Zach Bako-Bewele,Zach,Bako-Bewele,OL,GB,Active
6636,Jay Liggins,Jay,Liggins,DB,,Active
11556,Devin Leary,Devin,Leary,QB,,Active
647,Richie Incognito,Richie,Incognito,G,,Active
13452,Bud Clark,Bud,Clark,DB,SEA,Active
3513,Jared Norris,Jared,Norris,LB,,Active
5390,Jamar McGloster,Jamar,McGloster,OT,,Active
12188,Justin Strong,Justin,Strong,RB,,Active
973,Anthony Sherman,Anthony,Sherman,RB,,Injured Reserve
13359,Malachi Lawrence,Malachi,Lawrence,DL,DAL,Active
4381,Taysom Hill,Taysom,Hill,TE,,Active
5153,Levi Wallace,Levi,Wallace,CB,,Inactive
5041,Fred Warner,Fred,Warner,LB,SF,Active
5050,Rashaan Gaulden,Rashaan,Gaulden,DB,,Active
12477,Kurtis Rourke,Kurtis,Rourke,QB,SF,Active
4169,Jehu Chesson,Jehu,Chesson,WR,,Inactive
7899,Isaiah McKoy,Isaiah,McKoy,WR,,Active
4306,Taylor Reynolds,Taylor,Reynolds,CB,,Active
13267,Devin Veresuk,Devin,Veresuk,LB,IND,Active
1492,Johnathan Hankins,Johnathan,Hankins,DT,,Active
4140,Shaquill Griffin,Shaquill,Griffin,CB,,Active
7283,Chris Williams,Chris,Williams,DT,ATL,Active
7491,Cedrick Lattimore,Cedrick,Lattimore,DT,,Active
7896,Donovan Stiner,Donovan,Stiner,DB,,Active
13197,Matt Harmon,Matt,Harmon,LB,,Active
2605,Merrill Noel,Merrill,Noel,DB,,Inactive
1618,Rico Richardson,Rico,Richardson,WR,,Inactive
7204,Reggie Gilliam,Reggie,Gilliam,RB,NE,Active
115,Cullen Loeffler,Cullen,Loeffler,LS,,Inactive
5117,Jordan Thomas,Jordan,Thomas,TE,,Active
696,Chris Clemons,Chris,Clemons,DE,,Inactive
5192,Ralph Webb,Ralph,Webb,RB,,Inactive
206,Cody Wallace,Cody,Wallace,C,,Inactive
7454,Travis Jonsen,Travis,Jonsen,WR,,Active
527,Dennis Pitta,Dennis,Pitta,TE,,Inactive
5856,Cody Ford,Cody,Ford,OL,CIN,Active
1821,Matt Hazel,Matt,Hazel,WR,,Injured Reserve
7469,Austen Pleasants,Austen,Pleasants,OL,SF,Active
13486,Connor Lew,Connor,Lew,C,CIN,Active
1498,David Amerson,David,Amerson,CB,,Inactive
4185,Will Holden,Will,Holden,T,,Inactive
3025,LT Smith,LT,Smith,WR,,Inactive
4059,Marshon Lattimore,Marshon,Lattimore,CB,,Active
7327,T.J. Smith,T.J.,Smith,DT,,Active
5934,Charles Omenihu,Charles,Omenihu,DE,WAS,Active
5405,Cole Boozer,Cole,Boozer,OT,WAS,Inactive
1793,Trey Burton,Trey,Burton,TE,,Inactive
2033,Shelby Harris,Shelby,Harris,DE,NYG,Active
5461,Trent Sieg,Trent,Sieg,LS,DAL,Active
8741,Jamal Pettigrew,Jamal,Pettigrew,TE,,Active
4962,Sony Michel,Sony,Michel,RB,,Active
13394,Josh Cameron,Josh,Cameron,WR,JAX,Active
6167,Jordan Scarlett,Jordan,Scarlett,RB,MIA,Inactive
5218,Demone Harris,Demone,Harris,DE,,Active
7717,Zechariah McPhearson,Zechariah,McPhearson,CB,,Inactive
11595,Jared Wiley,Jared,Wiley,TE,KC,Active
3967,Wade Phillips,Wade,Phillips,,,Inactive
12531,Trevor Etienne,Trevor,Etienne,RB,CAR,Active
2861,Jacoby Glenn,Jacoby,Glenn,CB,,Injured Reserve
13575,Tyre West,Tyre,West,DT,DET,Active
13958,Aidan Laros,Aidan,Laros,P,,Active
4790,Robert Wheelwright,Robert,Wheelwright,WR,,Active
5994,Kendall Joseph,Kendall,Joseph,ILB,,Inactive
5123,Trenton Cannon,Trenton,Cannon,RB,,Inactive
4183,Nathan Peterman,Nathan,Peterman,QB,,Active
5264,Blake Mack,Blake,Mack,TE,,Active
8490,Curtis Brooks,Curtis,Brooks,DT,,Active
3536,Tyler Marcordes,Tyler,Marcordes,OLB,,Active
11124,Terrance Lang,Terrance,Lang,DL,,Active
609,Antone Smith,Antone,Smith,RB,,Inactive
11253,Jonah Tavai,Jonah,Tavai,DL,,Active
13156,Keondre Jackson,Keondre,Jackson,DB,BAL,Active
11945,Ryan Sanborn,Ryan,Sanborn,P,,Active
7406,Elijah Riley,Elijah,Riley,DB,,Active
3171,Connor Cook,Connor,Cook,QB,,Inactive
11609,Player Invalid,Player,Invalid,WR,,Inactive
13457,Gabe Jacas,Gabe,Jacas,DE,NE,Active
2448,Bobby McCain,Bobby,McCain,CB,,Active
6748,Bryson Allen-Williams,Bryson,Allen-Williams,OLB,,Active
11708,DJ Glaze,DJ,Glaze,OL,LV,Active
1212,Matt Kalil,Matt,Kalil,T,,Inactive
1319,Terrence Frederick,Terrence,Frederick,CB,,Inactive
2408,Bryce Petty,Bryce,Petty,QB,,Injured Reserve
7320,Dalton Schoen,Dalton,Schoen,WR,,Active
8238,Emeka Emezie,Emeka,Emezie,WR,,Inactive
7335,Bryce Perkins,Bryce,Perkins,QB,,Active
8420,Jack Sorenson,Jack,Sorenson,WR,,Active
11751,Brennan Jackson,Brennan,Jackson,DE,LV,Active
13824,Joshua Weru,Joshua,Weru,DE,PHI,Active
3068,Jim Caldwell,Jim,Caldwell,,,Inactive
1614,Frankie Hammond,Frankie,Hammond,WR,,Inactive
4221,Jeremy Sprinkle,Jeremy,Sprinkle,TE,,Inactive
8622,Dohnovan West,Dohnovan,West,OL,,Active
12229,David Olajiga,David,Olajiga,DL,BAL,Active
7758,Will Fries,Will,Fries,G,MIN,Active
8046,Brendon White,Brendon,White,LB,NYJ,Active
2942,Joe Don Duncan,Joe Don,Duncan,RB,,Inactive
6811,Kenneth Murray,Kenneth,Murray,LB,,Active
6554,Shawn Poindexter,Shawn,Poindexter,WR,,Inactive
3240,Darian Thompson,Darian,Thompson,DB,DAL,Active
5913,Connor McGovern,Connor,McGovern,G,BUF,Active
13615,Delby Lemieux,Delby,Lemieux,OL,MIN,Active
1810,Jimmy Gaines,Jimmy,Gaines,ILB,,Inactive
4531,Ricky Seals-Jones,Ricky,Seals-Jones,TE,,Inactive
7067,Simon Stepaniak,Simon,Stepaniak,OG,,Injured Reserve
6963,Patrick Taylor,Patrick,Taylor,RB,SF,Active
215,Jason Snelling,Jason,Snelling,RB,,Inactive
11027,Alex Austin,Alex,Austin,DB,MIA,Active
6464,John Wirtel,John,Wirtel,LS,,Active
13767,James Neal,James,Neal,OT,HOU,Active
889,DeMarcus VanDyke,DeMarcus,VanDyke,CB,,Inactive
2002,Isaiah Burse,Isaiah,Burse,WR,,Inactive
6630,Dakari Monroe,Dakari,Monroe,CB,,Active
4676,Darreus Rogers,Darreus,Rogers,WR,,Active
3174,Leonard Floyd,Leonard,Floyd,LB,,Active
3709,Adairius Barnes,Adairius,Barnes,CB,,Inactive
11974,Khalid Duke,Khalid,Duke,DE,,Active
8057,Kenji Bahar,Kenji,Bahar,QB,,Active
3459,Taylor Fallin,Taylor,Fallin,G,,Active
6340,Chase Middleton,Chase,Middleton,LB,,Active
11679,Chris Braswell,Chris,Braswell,LB,TB,Active
3558,Chris Jones,Chris,Jones,DT,KC,Active
155,Jerricho Cotchery,Jerricho,Cotchery,WR,,Inactive
5101,Deon Cain,Deon,Cain,WR,,Active
4376,Michael Clark,Michael,Clark,WR,,Inactive
5616,Mike Ramsay,Mike,Ramsay,NT,,Active
7184,Bryson Young,Bryson,Young,LB,,Active
7872,Alaric Jackson,Alaric,Jackson,OL,LAR,Active
12431,Rory Starkey,Rory,Starkey,WR,,Active
13705,Ty Pezza,Ty,Pezza,TE,BAL,Active
927,Nick Fairley,Nick,Fairley,DT,,Injured Reserve
10898,Tuli Tuipulotu,Tuli,Tuipulotu,DL,LAC,Active
11165,Ryan Smenda,Ryan,Smenda,LB,,Active
12973,DJ Thomas-Jones,DJ,Thomas-Jones,TE,,Active
3218,A'Shawn Robinson,A'Shawn,Robinson,DT,TB,Active
1619,Demetrius Harris,Demetrius,Harris,TE,,Active
1792,Kadron Boone,Kadron,Boone,WR,,Inactive
13545,Trey Smack,Trey,Smack,K,GB,Active
11749,Cam Hart,Cam,Hart,CB,LAC,Active
1489,J.J. Wilcox,J.J.,Wilcox,SS,,Inactive
12249,Randen Plattner,Randen,Plattner,LS,,Active
477,Mike Leach,Mike,Leach,LS,,Inactive
4287,Joshua Holsey,Joshua,Holsey,CB,,Inactive
13117,Qualan Jones,Qualan,Jones,RB,,Inactive
11841,Sanoussi Kane,Sanoussi,Kane,DB,TEN,Inactive
4839,Mitch Leidner,Mitch,Leidner,QB,,Active
11808,Jha'Quan Jackson,Jha'Quan,Jackson,WR,HOU,Active
1483,Steve Williams,Steve,Williams,CB,,Inactive
11018,Christian Braswell,Christian,Braswell,DB,JAX,Active
1252,Jeris Pendleton,Jeris,Pendleton,DT,,Inactive
3023,Damian Parms,Damian,Parms,SS,,Inactive
5923,Joe Jackson,Joe,Jackson,DE,,Active
1326,Eddie Pleasant,Eddie,Pleasant,SS,,Inactive
12030,Braiden McGregor,Braiden,McGregor,DE,NYJ,Active
12912,Cam'Ron Silmon-Craig,Cam'Ron,Silmon-Craig,DB,JAX,Active
12140,Omar Speights,Omar,Speights,LB,LAR,Active
11492,Ace Eley,Ace,Eley,LB,,Active
1406,Reggie Dunn,Reggie,Dunn,WR,,Inactive
259,Kevin Williams,Kevin,Williams,DT,,Inactive
2619,Andrew East,Andrew,East,C,,Inactive
2066,Zack Martin,Zack,Martin,G,,Active
218,Jonathan Stewart,Jonathan,Stewart,RB,,Injured Reserve
4831,Justice Liggins,Justice,Liggins,WR,,Active
2369,Jordan Richards,Jordan,Richards,DB,BAL,Active
12539,Arian Smith,Arian,Smith,WR,NYJ,Active
13717,Devin Pringle,Devin,Pringle,DB,,Active
7357,Dan Chisena,Dan,Chisena,WR,CAR,Inactive
8568,John Lovett,John,Lovett,RB,,Active
748,Mike Williams,Mike,Williams,WR,,Inactive
6922,Ezra Cleveland,Ezra,Cleveland,G,JAX,Active
7382,Dominique Ross,Dominique,Ross,LB,,Active
12281,Dimitri Stanley,Dimitri,Stanley,WR,,Active
6843,Albert Okwuegbunam,Albert,Okwuegbunam,TE,LV,Active
863,DuJuan Harris,DuJuan,Harris,RB,,Inactive
10897,Tyrique Stevenson,Tyrique,Stevenson,CB,CHI,Active
11500,Jaylon Thomas,Jaylon,Thomas,OL,,Active
4336,Christian Brown,Christian,Brown,DE,,Active
11136,Oliver Martin,Oliver,Martin,WR,,Active
13935,Kahlil Saunders,Kahlil,Saunders,DL,,Active
6898,Anthony Gordon,Anthony,Gordon,QB,,Active
5702,Pat Afriyie,Pat,Afriyie,DE,,Inactive
4204,Blair Brown,Blair,Brown,OLB,,Inactive
12777,Joaquin Davis,Joaquin,Davis,WR,PIT,Active
8864,Ben Beise,Ben,Beise,TE,,Active
5817,Byron Leftwich,Byron,Leftwich,QB,,Inactive
12384,Kingsley Eguakun,Kingsley,Eguakun,OL,CLE,Active
14039,Mante Morrow,Mante,Morrow,WR,LAC,Active
3660,Valdez Showers,Valdez,Showers,WR,,Active
5009,Chris Herndon,Chris,Herndon,TE,,Active
4566,Karter Schult,Karter,Schult,DE,,Active
3606,Amir Carlisle,Amir,Carlisle,WR,,Active
1566,Robert Steeples,Robert,Steeples,CB,,Inactive
13506,Zane Durant,Zane,Durant,DT,BUF,Active
6147,Clayton Thorson,Clayton,Thorson,QB,NYG,Active
6941,Troy Dye,Troy,Dye,LB,LAC,Active
2150,Ryan White,Ryan,White,CB,,Active
2233,Marcus Roberson,Marcus,Roberson,CB,,Inactive
890,Stefen Wisniewski,Stefen,Wisniewski,OG,,Injured Reserve
7789,Jalen Camp,Jalen,Camp,WR,,Active
12982,Remario-DUP Steppings-DUP,Remario-DUP,Steppings-DUP,DL,,Active
1124,Malik Jackson,Malik,Jackson,DT,CLE,Active
2901,Malcome Kennedy,Malcome,Kennedy,,,Active
482,Paul Kruger,Paul,Kruger,DE,,Inactive
755,Will Blackmon,Will,Blackmon,FS,,Inactive
7620,Jarvis Miller,Jarvis,Miller,LB,,Active
6180,Darius Williams,Darius,Williams,CB,,Active
4471,Reese Fleming,Reese,Fleming,CB,,Inactive
3481,Kyle Carter,Kyle,Carter,TE,,Inactive
6484,Michael Onuoha,Michael,Onuoha,OLB,,Active
8749,Tyreik McAllister,Tyreik,McAllister,RB,,Active
4311,Jermaine Grace,Jermaine,Grace,LB,,Active
14008,Rodney Hammond,Rodney,Hammond,RB,DEN,Active
4703,DeAngelo Brown,DeAngelo,Brown,NT,,Active
13275,Ty Simpson,Ty,Simpson,QB,LAR,Active
7052,John Reid,John,Reid,CB,,Active
7087,Jonathan Ward,Jonathan,Ward,RB,,Active
1393,T.J. Johnson,T.J.,Johnson,C,,Inactive
12179,Rodney Mathews,Rodney,Mathews,DT,,Active
11031,Brandon Hill,Brandon,Hill,DB,,Active
12969,Lan Larison,Lan,Larison,RB,NE,Active
8423,Brittain Brown,Brittain,Brown,RB,CHI,Active
10865,Travis Dye,Travis,Dye,RB,,Active
145,Rashard Mendenhall,Rashard,Mendenhall,RB,,Inactive
3232,Adam Gotsis,Adam,Gotsis,DE,,Active
6862,Saahdiq Charles,Saahdiq,Charles,T,CAR,Active
5968,Mark Fields,Mark,Fields,CB,SF,Active
492,Tyler Thigpen,Tyler,Thigpen,RB,,Inactive
5051,Donte Jackson,Donte,Jackson,CB,LAC,Active
11036,Anthony Johnson,Anthony,Johnson,DB,CHI,Active
13812,Eddie Walls,Eddie,Walls,DL,LAR,Inactive
8300,Andrew Booth,Andrew,Booth,DB,,Active
4083,Sidney Jones,Sidney,Jones,CB,,Active
12815,Stevo Klotz,Stevo,Klotz,TE,,Active
3798,Shahbaz Ahmed,Shahbaz,Ahmed,G,,Inactive
4309,Scott Orndoff,Scott,Orndoff,TE,,Active
7230,Badara Traore,Badara,Traore,T,,Inactive
5404,Chris Gonzalez,Chris,Gonzalez,G,,Active
5877,Elgton Jenkins,Elgton,Jenkins,G,CLE,Active
11653,Charlie Smyth,Charlie,Smyth,K,NO,Active
7514,Michael Pinckney,Michael,Pinckney,LB,,Inactive
5064,Tracy Walker,Tracy,Walker,DB,,Active
969,Sam Acho,Sam,Acho,LB,,Active
463,Sen'Derrick Marks,Sen'Derrick,Marks,DT,,Inactive
3820,Micah Awe,Micah,Awe,ILB,,Active
67,Pat Sims,Pat,Sims,DT,,Inactive
4583,Cameron Hunt,Cameron,Hunt,G,,Active
2418,Gabe Wright,Gabe,Wright,DT,WAS,Active
12369,Bryce Sheppert,Bryce,Sheppert,DB,,Active
160,Paul Posluszny,Paul,Posluszny,LB,,Inactive
13796,Connor Stutz,Connor,Stutz,P,,Active
8183,Brock Purdy,Brock,Purdy,QB,SF,Active
432,William Moore,William,Moore,SS,,Inactive
13920,Jonathan Brady,Jonathan,Brady,WR,,Active
12080,Aidan Robbins,Aidan,Robbins,RB,,Active
13932,Jim Bonifas,Jim,Bonifas,OL,MIA,Active
12339,Danny Abraham,Danny,Abraham,LB,,Active
14037,Rashad Rochelle,Rashad,Rochelle,WR,SEA,Active
12007,Nathaniel Peat,Nathaniel,Peat,RB,,Active
7084,Jake Luton,Jake,Luton,QB,,Active
4315,Casey Sayles,Casey,Sayles,DE,,Active
11133,Jaray Jenkins,Jaray,Jenkins,WR,,Active
2153,Kain Colter,Kain,Colter,WR,,Inactive
4143,Kendell Beckwith,Kendell,Beckwith,ILB,,Inactive
3760,Farrington Huguenin,Farrington,Huguenin,OLB,,Active
2163,Shamar Stephen,Shamar,Stephen,DT,,Active
7201,Nick Vogel,Nick,Vogel,K,,Active
13540,Jordan van den Berg,Jordan,van den Berg,DL,CHI,Active
7343,Sam Renner,Sam,Renner,DT,,Active
6601,Isaiah Mack,Isaiah,Mack,DT,,Active
11179,Joey Fisher,Joey,Fisher,OL,,Active
8055,Brian Johnson,Brian,Johnson,K,,Active
864,TJ Heath,TJ,Heath,CB,,Inactive
13320,Zachariah Branch,Zachariah,Branch,WR,ATL,Active
1133,Devon Wylie,Devon,Wylie,WR,,Inactive
11873,Willis Patrick,Willis,Patrick,OL,,Active
5564,Jacob Pugh,Jacob,Pugh,OLB,,Active
5864,Byron Murphy,Byron,Murphy,CB,MIN,Active
6457,Calvin Anderson,Calvin,Anderson,T,,Active
1234,Russell Wilson,Russell,Wilson,QB,,Active
3519,Roger Lewis,Roger,Lewis,WR,,Inactive
1758,Kashif Moore,Kashif,Moore,WR,,Inactive
2456,Kyle Emanuel,Kyle,Emanuel,LB,,Inactive
1918,Wesley Johnson,Wesley,Johnson,C,,Inactive
2900,Terrence Franks,Terrence,Franks,RB,,Active
12541,Dont'e Thornton,Dont'e,Thornton,WR,LV,Active
2913,Gavin Lutman,Gavin,Lutman,WR,,Active
12306,La'Damian Webb,La'Damian,Webb,RB,,Active
11491,Austin Aune,Austin,Aune,QB,,Active
12732,Dominic Lovett,Dominic,Lovett,WR,DET,Active
12296,Kaylon Horton,Kaylon,Horton,WR,,Active
1920,Josh Mauro,Josh,Mauro,DE,ARI,Active
5319,Cole Madison,Cole,Madison,C,,Active
2899,Jalil Carter,Jalil,Carter,CB,,Inactive
8718,Carson Taylor,Carson,Taylor,DE,,Active
13781,Ken Seals,Ken,Seals,QB,,Active
7891,Brock Wright,Brock,Wright,TE,DET,Active
7996,Dillon Stoner,Dillon,Stoner,WR,,Inactive
13269,Fernando Mendoza,Fernando,Mendoza,QB,LV,Active
5492,Donovan Olumba,Donovan,Olumba,CB,,Active
2987,Dan Pettinato,Dan,Pettinato,DE,,Active
4656,Tre Sullivan,Tre,Sullivan,SS,,Inactive
1338,Matt Barkley,Matt,Barkley,QB,,Active
13420,Bryce Lance,Bryce,Lance,WR,NO,Active
7362,David Moa,David,Moa,DT,,Active
11810,Sataoa Laumea,Sataoa,Laumea,OL,,Active
2979,Jarrod West,Jarrod,West,WR,,Inactive
4792,Jonathan Walton,Jonathan,Walton,OLB,,Active
2171,Freddie Martino,Freddie,Martino,WR,,Inactive
8634,Chris Pierce,Chris,Pierce,TE,,Active
6649,Dare Odeyingbo,Dare,Odeyingbo,DE,,Active
4187,Brian Hill,Brian,Hill,RB,,Active
12255,Swayze Bozeman,Swayze,Bozeman,LB,CIN,Active
873,Rahim Moore,Rahim,Moore,FS,,Inactive
2366,Ali Marpet,Ali,Marpet,G,TB,Active
8371,Chad Muma,Chad,Muma,LB,NE,Active
5214,Holton Hill,Holton,Hill,CB,,Active
11822,Jaylen Key,Jaylen,Key,DB,,Active
11593,Brevyn Spann-Ford,Brevyn,Spann-Ford,TE,DAL,Active
2279,Paul Richardson,Paul,Richardson,WR,,Active
11485,Antwuan Jackson,Antwuan,Jackson,DT,,Active
13068,Joe Michalski,Joe,Michalski,OL,,Active
3299,Ronald Blair,Ronald,Blair,DE,NYJ,Active
12512,Quinshon Judkins,Quinshon,Judkins,RB,CLE,Active
238,Dashon Goldson,Dashon,Goldson,FS,,Inactive
12560,Shemar Stewart,Shemar,Stewart,DL,CIN,Active
660,Peyton Hillis,Peyton,Hillis,RB,,Inactive
1476,Latavius Murray,Latavius,Murray,RB,,Active
8357,Marquan McCall,Marquan,McCall,DL,,Active
12603,Cobee Bryant,Cobee,Bryant,DB,ATL,Active
8719,A.J. Thomas,A.J.,Thomas,DB,,Active
5797,Duplicate Player,Duplicate,Player,ILB,DEN,Inactive
7488,Jonathan Hubbard,Jonathan,Hubbard,OT,,Active
3024,Chris Highland,Chris,Highland,LS,,Inactive
11758,Sedrick Van Pran-Granger,Sedrick,Van Pran-Granger,OL,BUF,Active
798,Da'Norris Searcy,Da'Norris,Searcy,SS,,Inactive
5080,Damion Ratley,Damion,Ratley,WR,,Active
12634,Jordan Watkins,Jordan,Watkins,WR,SF,Active
343,Patrick Chung,Patrick,Chung,SS,,Injured Reserve
2542,Laurence Gibson,Laurence,Gibson,OT,,Active
11293,Troy Brown,Troy,Brown,LB,,Active
6498,Willie Harvey,Willie,Harvey,LB,,Active
8848,Owen Carney,Owen,Carney,DT,,Active
6625,Clayton Hatfield,Clayton,Hatfield,K,,Active
13629,Jacobian Guillory,Jacobian,Guillory,DL,LAC,Active
8354,Player Invalid,Player,Invalid,DB,,Inactive
11352,Ronnie Hickman,Ronnie,Hickman,DB,CLE,Active
11426,Evan Deckers,Evan,Deckers,LS,TB,Active
3802,Chris Hubert,Chris,Hubert,WR,,Inactive
699,Trumaine McBride,Trumaine,McBride,CB,,Inactive
13253,JayVian Farr,JayVian,Farr,DB,,Active
1082,Trent Richardson,Trent,Richardson,RB,,Inactive
8884,JJ Howland,JJ,Howland,TE,,Active
5332,Foyesade Oluokun,Foyesade,Oluokun,LB,JAX,Active
12202,Jaylon White-McClain,Jaylon,White-McClain,DE,,Active
21,Red Bryant,Red,Bryant,DE,,Inactive
12107,Dylan Leonard,Dylan,Leonard,TE,,Active
12684,Kain Medrano,Kain,Medrano,LB,WAS,Active
11739,Evan Williams,Evan,Williams,DB,GB,Active
4556,Alex Scearce,Alex,Scearce,OLB,,Active
7145,Jashon Cornell,Jashon,Cornell,DT,,Active
4151,Jake Butt,Jake,Butt,TE,,Injured Reserve
1365,Aaron Dobson,Aaron,Dobson,WR,,Injured Reserve
13124,Jeremiah Webb,Jeremiah,Webb,WR,NE,Inactive
1062,DeAngelo Tyson,DeAngelo,Tyson,DT,,Inactive
5195,Akrum Wadley,Akrum,Wadley,RB,,Active
3904,Ra'Zahn Howard,Ra'Zahn,Howard,NT,,Inactive
1110,T.Y. Hilton,T.Y.,Hilton,WR,,Active
121,LeRon McClain,LeRon,McClain,RB,,Inactive
5115,David Williams,David,Williams,RB,,Inactive
2825,Trevor Roach,Trevor,Roach,ILB,,Inactive
5710,Nick Holley,Nick,Holley,WR,,Active
8662,Bryce Rodgers,Bryce,Rodgers,DT,,Active
7565,Terrace Marshall,Terrace,Marshall,WR,MIA,Active
715,Ryan Wendell,Ryan,Wendell,G,,Inactive
26,Roman Harper,Roman,Harper,SS,,Inactive
13809,Nikhai Hill-Green,Nikhai,Hill-Green,LB,LAR,Active
11685,Kamari Lassiter,Kamari,Lassiter,DB,HOU,Active
1122,Aaron Brewer,Aaron,Brewer,LS,,Active
2618,Duplicate Player,Duplicate,Player,DL,,Inactive
299,Logan Mankins,Logan,Mankins,G,,Inactive
3473,Justin Zimmer,Justin,Zimmer,DT,,Active
11374,James Blackman,James,Blackman,QB,,Active
11257,Shedrick Jackson,Shedrick,Jackson,WR,LV,Active
4008,Greg Manusky,Greg,Manusky,,,Inactive
13057,Davion Ross,Davion,Ross,DB,,Active
4064,Cam Robinson,Cam,Robinson,OL,,Active
2258,Dontae Johnson,Dontae,Johnson,CB,,Inactive
11899,Rico Payton,Rico,Payton,CB,NYG,Inactive
7103,Tavien Feaster,Tavien,Feaster,RB,ARI,Active
7142,Dustin Woodard,Dustin,Woodard,OL,,Injured Reserve
11922,Drake Nugent,Drake,Nugent,OL,SF,Active
2709,Eric Patterson,Eric,Patterson,CB,,Inactive
8589,Marcus Santos-Silva,Marcus,Santos-Silva,TE,,Active
2795,Dakorey Johnson,Dakorey,Johnson,OLB,,Active
1352,Robert Woods,Robert,Woods,WR,,Active
876,Brandon Bair,Brandon,Bair,DE,,Inactive
4930,Franko House,Franko,House,TE,CHI,Active
581,Kurt Coleman,Kurt,Coleman,FS,,Active
3118,Dexter McCoil,Dexter,McCoil,SS,,Inactive
651,Santonio Holmes,Santonio,Holmes,WR,,Inactive
8419,Stanley Berryhill,Stanley,Berryhill,WR,,Active
11079,Wilson Huber,Wilson,Huber,LB,,Active
2242,Chandler Catanzaro,Chandler,Catanzaro,K,,Injured Reserve
6718,Jordan McCray,Jordan,McCray,G,,Active
56,Leon Hall,Leon,Hall,CB,,Inactive
11042,Carrington Valentine,Carrington,Valentine,DB,GB,Active
12610,Princely Umanmielen,Princely,Umanmielen,DL,CAR,Active
7005,Scottie Phillips,Scottie,Phillips,RB,,Active
2129,Jordan Thompson,Jordan,Thompson,TE,,Inactive
13405,Kaytron Allen,Kaytron,Allen,RB,WAS,Active
11258,Jalen Harris,Jalen,Harris,DL,,Active
1617,Bradley McDougald,Bradley,McDougald,DB,JAX,Active
1181,Luke Kuechly,Luke,Kuechly,LB,,Injured Reserve
5643,Austin Fleer,Austin,Fleer,OT,,Active
3430,David Dean,David,Dean,DT,,Active
7798,William Sherman,William,Sherman,T,NO,Active
6144,Trayveon Williams,Trayveon,Williams,RB,,Active
3542,DeAndre Reaves,DeAndre,Reaves,WR,,Active
3495,Mike Bercovici,Mike,Bercovici,QB,,Active
7991,Darius Stills,Darius,Stills,DT,,Active
4057,Gareon Conley,Gareon,Conley,CB,,Active
6809,Trevon Diggs,Trevon,Diggs,CB,,Active
8181,Connor Heyward,Connor,Heyward,TE,LV,Active
2786,Jarryd Hayne,Jarryd,Hayne,RB,,Inactive
773,Larry Asante,Larry,Asante,FS,,Inactive
11385,Brian Walker,Brian,Walker,TE,,Active
6334,Damarea Crockett,Damarea,Crockett,RB,,Active
1188,Andrew Tiller,Andrew,Tiller,G,,Inactive
5650,Dominick Sanders,Dominick,Sanders,FS,,Active
11835,Jaylen Harrell,Jaylen,Harrell,DE,TEN,Active
12919,Elijah Simmons,Elijah,Simmons,DL,TB,Active
13840,Cameron Robertson,Cameron,Robertson,DE,ARI,Active
13166,Kisean Johnson,Kisean,Johnson,WR,,Active
3784,Destiny Vaeao,Destiny,Vaeao,DE,,Inactive
13703,Kam Dewberry,Kam,Dewberry,OL,ATL,Active
10230,Jalen Wayne,Jalen,Wayne,WR,,Active
6951,Eno Benjamin,Eno,Benjamin,RB,,Active
2850,Bobby Richardson,Bobby,Richardson,DT,,Inactive
13810,Rohan Jones,Rohan,Jones,TE,LAR,Active
4249,Ejuan Price,Ejuan,Price,OLB,,Inactive
5683,David Steinmetz,David,Steinmetz,T,,Active
2451,Davis Tull,Davis,Tull,OLB,,Active
4176,David Sharpe,David,Sharpe,T,,Active
4335,P.J. Walker,P.J.,Walker,QB,,Active
1382,Rick Wagner,Rick,Wagner,G,,Active
4392,Malcolm Lewis,Malcolm,Lewis,WR,,Active
13140,Demeco Roland,Demeco,Roland,DL,,Active
11472,Alfonzo Graham,Alfonzo,Graham,RB,,Inactive
5545,Raven Greene,Raven,Greene,DB,,Active
2865,Julian Howsare,Julian,Howsare,RB,,Inactive
1437,Khaled Holmes,Khaled,Holmes,C,,Inactive
5535,Micah Hannemann,Micah,Hannemann,FS,,Active
6919,Thaddeus Moss,Thaddeus,Moss,TE,,Active
4095,Malik McDowell,Malik,McDowell,DT,,Active
1140,Mike Harris,Mike,Harris,G,,Injured Reserve
13543,Dametrious Crownover,Dametrious,Crownover,OT,NE,Active
7847,Gunnar Vogel,Gunnar,Vogel,OT,,Active
11978,John McCartan,John,McCartan,LB,,Active
5419,Chris Durant,Chris,Durant,OT,,Active
8151,Kenneth Walker,Kenneth,Walker,RB,KC,Active
13773,Isaiah Jacobs,Isaiah,Jacobs,RB,,Active
60,Andre Fluellen,Andre,Fluellen,DT,,Inactive
7907,Bryce Thompson,Bryce,Thompson,CB,,Active
319,John Greco,John,Greco,G,,Inactive
2521,Austin Reiter,Austin,Reiter,C,,Active
6064,E.J. Ejiya,E.J.,Ejiya,OLB,,Active
6188,Sutton Smith,Sutton,Smith,FB,,Active
10236,Dalton Kincaid,Dalton,Kincaid,TE,BUF,Active
12275,Donny Ventrelli,Donny,Ventrelli,OL,,Active
2078,Odell Beckham,Odell,Beckham,WR,NYG,Active
7354,Donell Stanley,Donell,Stanley,C,,Active
8334,Malcolm Rodriguez,Malcolm,Rodriguez,LB,DET,Active
7215,Corliss Waitman,Corliss,Waitman,P,SF,Active
6472,Justin Phillips,Justin,Phillips,LB,,Active
1778,Greg Jenkins,Greg,Jenkins,CB,,Inactive
13548,Gabriel Rubio,Gabriel,Rubio,DL,PIT,Active
2308,Dante Fowler,Dante,Fowler,LB,SEA,Active
4317,Brandon Banks,Brandon,Banks,DE,,Inactive
8075,Damon Lloyd,Damon,Lloyd,LB,,Active
10986,Jammie Robinson,Jammie,Robinson,DB,ATL,Active
7077,Jacob Bobenmoyer,Jacob,Bobenmoyer,LS,,Active
2977,Collin Rahrig,Collin,Rahrig,G,,Inactive
2045,Alden Darby,Alden,Darby,SS,,Inactive
13851,Jahquez Robinson,Jahquez,Robinson,DB,BAL,Active
12003,Gunnar Watson,Gunnar,Watson,QB,,Active
12383,John Jiles,John,Jiles,WR,,Active
3961,Marc Trestman,Marc,Trestman,,,Inactive
12352,Jeremy Moussa,Jeremy,Moussa,QB,,Active
5083,Kamrin Moore,Kamrin,Moore,FS,,Inactive
3940,Chase Price,Chase,Price,RB,,Inactive
4752,Fred Brown,Fred,Brown,WR,,Active
3526,Roy Robertson-Harris,Roy,Robertson-Harris,DE,NYG,Active
11290,Alex Cook,Alex,Cook,DB,LAR,Active
3436,Jeremy Cash,Jeremy,Cash,OLB,,Inactive
12062,Cam Grandy,Cam,Grandy,TE,CIN,Active
11247,Mac Hippenhammer,Mac,Hippenhammer,WR,,Active
4338,Levern Jacobs,Levern,Jacobs,WR,,Inactive
4290,Brandon Beane,Brandon,Beane,,,Inactive
12462,Damien Martinez,Damien,Martinez,RB,GB,Active
6589,Kirk Barron,Kirk,Barron,C,,Active
1714,Chigbo Anunoby,Chigbo,Anunoby,NT,,Inactive
13799,Tyler Duzansky,Tyler,Duzansky,LS,LV,Active
351,Matt Slauson,Matt,Slauson,G,,Injured Reserve
11785,Cedric Johnson,Cedric,Johnson,DE,CIN,Active
6487,Charles Scarff,Charles,Scarff,TE,,Inactive
12327,Isaiah Major,Isaiah,Major,LB,,Active
5459,Mason McKenrick,Mason,McKenrick,LB,,Active
8453,Cam Jurgens,Cam,Jurgens,OL,PHI,Active
3037,Josue Matias,Josue,Matias,G,,Inactive
5694,Antwuan Davis,Antwuan,Davis,CB,,Inactive
7054,Tommy Kraemer,Tommy,Kraemer,G,,Active
6397,Jaylen Johnson,Jaylen,Johnson,DL,,Active
13118,Melvin Smith,Melvin,Smith,DB,KC,Active
2501,Quandre Diggs,Quandre,Diggs,DB,,Active
2723,RJ Harris,RJ,Harris,WR,,Inactive
12893,Nate McCollum,Nate,McCollum,WR,,Active
5295,De'Mornay Pierson-El,De'Mornay,Pierson-El,WR,,Active
11535,Josh Butler,Josh,Butler,CB,DAL,Active
131,Duane Brown,Duane,Brown,T,,Active
1204,Trumaine Johnson,Trumaine,Johnson,CB,,Active
11041,Andre Jones,Andre,Jones,DE,BUF,Active
13720,Ceyair Wright,Ceyair,Wright,CB,CIN,Active
12630,Nick Martin,Nick,Martin,LB,SF,Active
4485,William Stanback,William,Stanback,RB,,Active
8323,Jaquan Brisker,Jaquan,Brisker,DB,PIT,Active
3732,Richard Mullaney,Richard,Mullaney,WR,,Active
8026,Landon Rice,Landon,Rice,TE,,Inactive
6444,Nate Harvey,Nate,Harvey,ILB,,Active
6089,Daniel Helm,Daniel,Helm,TE,,Active
7547,Amon-Ra St. Brown,Amon-Ra,St. Brown,WR,DET,Active
2266,Brandon Thomas,Brandon,Thomas,G,,Active
6368,Shane Bowman,Shane,Bowman,DE,,Inactive
2955,CJ Conway,CJ,Conway,CB,,Inactive
11900,Jacob Kibodi,Jacob,Kibodi,RB,,Active
3643,Doug Middleton,Doug,Middleton,DB,SF,Active
4642,Jarron Jones,Jarron,Jones,OL,,Active
12266,Kam Stutts,Kam,Stutts,OL,,Active
8413,Chris Oladokun,Chris,Oladokun,QB,KC,Active
11474,Dylan Drummond,Dylan,Drummond,WR,ATL,Active
12580,Landon Jackson,Landon,Jackson,DL,BUF,Active
4268,Elijah Qualls,Elijah,Qualls,DT,,Active
13063,Darius Lassiter,Darius,Lassiter,WR,,Active
3504,Steven Scheu,Steven,Scheu,TE,,Active
13216,Derrick Canteen,Derrick,Canteen,CB,TEN,Active
1111,Andrew Luck,Andrew,Luck,QB,,Injured Reserve
8928,Daylen Baldwin,Daylen,Baldwin,WR,,Active
12834,Jimmy Bell,Jimmy,Bell,TE,,Active
5067,Arden Key,Arden,Key,DE,IND,Active
8105,Brayden Lenius,Brayden,Lenius,TE,,Active
5062,Mason Cole,Mason,Cole,OL,,Active
6285,Xavier Crawford,Xavier,Crawford,DB,,Active
5751,Austin Roberts,Austin,Roberts,TE,,Active
7009,Trishton Jackson,Trishton,Jackson,WR,,Inactive
10928,Brodric Martin,Brodric,Martin,DT,ARI,Active
4409,Josiah Price,Josiah,Price,TE,,Active
6914,Trevon Hill,Trevon,Hill,DL,,Inactive
3686,Joe Sommers,Joe,Sommers,TE,,Inactive
117,Rashean Mathis,Rashean,Mathis,CB,,Inactive
7222,Myles Adams,Myles,Adams,DT,DET,Active
6364,Papi White,Papi,White,WR,,Active
11719,Cooper Beebe,Cooper,Beebe,OL,DAL,Active
13413,Cyrus Allen,Cyrus,Allen,WR,KC,Active
8374,Riq Woolen,Riq,Woolen,DB,PHI,Active
760,Colt Anderson,Colt,Anderson,FS,,Inactive
7742,Kion Smith,Kion,Smith,T,,Active
4356,Ben Boulware,Ben,Boulware,ILB,,Active
5581,Anthony Wint,Anthony,Wint,ILB,,Inactive
4113,Dawuane Smoot,Dawuane,Smoot,DE,,Active
3622,Mose Frazier,Mose,Frazier,WR,,Inactive
3601,Leonard Wester,Leonard,Wester,G,,Inactive
3282,Willie Beavers,Willie,Beavers,OL,,Active
6059,Travis Fulgham,Travis,Fulgham,WR,,Active
8555,Chuck Wiley,Chuck,Wiley,LB,,Active
7802,Tarron Jackson,Tarron,Jackson,DE,,Active
6245,Gaje Ferguson,Gaje,Ferguson,S,,Inactive
3084,Rex Ryan,Rex,Ryan,,,Inactive
12829,Coleman Owen,Coleman,Owen,WR,IND,Active
11062,Ali Gaye,Ali,Gaye,DE,HOU,Active
13677,Noah Short,Noah,Short,WR,,Active
11023,Alex Forsyth,Alex,Forsyth,OL,DEN,Active
5017,Jessie Bates,Jessie,Bates,DB,ATL,Active
2972,Darrian Miller,Darrian,Miller,T,,Inactive
5582,Brett Taylor,Brett,Taylor,LB,,Active
1805,Alejandro Villanueva,Alejandro,Villanueva,OT,BAL,Active
1484,Tourek Williams,Tourek,Williams,LB,,Inactive
13761,Jeffrey M'ba,Jeffrey,M'ba,DL,WAS,Active
1870,James Hurst,James,Hurst,OL,,Active
5522,Owen Obasuyi,Owen,Obasuyi,DE,,Active
5365,Troy Apke,Troy,Apke,DB,,Inactive
941,Christian Ponder,Christian,Ponder,QB,,Inactive
1935,Zach Mettenberger,Zach,Mettenberger,QB,,Inactive
4452,Xavier Woodson,Xavier,Woodson,OLB,,Inactive
1830,Garrison Smith,Garrison,Smith,DT,,Inactive
7154,Derrek Tuszka,Derrek,Tuszka,LB,,Active
8828,Michael Young,Michael,Young,WR,,Active
6657,Freedom Akinmoladun,Freedom,Akinmoladun,DE,NYJ,Active
2230,Lamarcus Joyner,Lamarcus,Joyner,DB,,Inactive
4058,Solomon Thomas,Solomon,Thomas,DT,TEN,Active
5542,Naashon Hughes,Naashon,Hughes,ILB,,Active
12994,Jordan Taylor,Jordan,Taylor,CB,,Active
12773,DJ Uiagalelei,DJ,Uiagalelei,QB,LAC,Active
1299,Kyle Miller,Kyle,Miller,TE,,Inactive
6916,Stanford Samuels,Stanford,Samuels,CB,,Active
7176,Caleb Repp,Caleb,Repp,TE,,Active
8727,Liam Shanahan,Liam,Shanahan,OL,,Active
11091,James Nyamwaya,James,Nyamwaya,DE,,Active
7805,Joshuah Bledsoe,Joshuah,Bledsoe,DB,,Active
13837,Kobe Barnes,Kobe,Barnes,OL,,Active
7658,Kelvin Joseph,Kelvin,Joseph,CB,,Active
11817,KT Leveston,KT,Leveston,OL,CLE,Active
83,Tim Hightower,Tim,Hightower,RB,,Inactive
12638,Quincy Riley,Quincy,Riley,CB,NO,Active
5339,Kendrick Norton,Kendrick,Norton,NT,,Inactive
7877,Hamilcar Rashed,Hamilcar,Rashed,DE,,Active
11774,Trevor Keegan,Trevor,Keegan,OL,DAL,Active
2301,Al Louis-Jean,Al,Louis-Jean,CB,,Inactive
4552,Isaiah Irving,Isaiah,Irving,LB,,Inactive
11233,Ty Okada,Ty,Okada,DB,SEA,Active
2206,Logan Kilgore,Logan,Kilgore,QB,,Active
12561,Derrick Harmon,Derrick,Harmon,DL,PIT,Active
500,Billy Cundiff,Billy,Cundiff,K,,Inactive
2354,Mitch Morse,Mitch,Morse,C,,Active
8165,Brandin Dandridge,Brandin,Dandridge,DB,,Inactive
12651,Ty Robinson,Ty,Robinson,DT,PHI,Active
11128,Mikel Jones,Mikel,Jones,LB,,Active
321,Jerome Simpson,Jerome,Simpson,WR,,Inactive
8703,Jean Delance,Jean,Delance,T,,Active
13009,Josh Pearcy,Josh,Pearcy,LB,,Active
7057,Baylen Buchanan,Baylen,Buchanan,CB,,Inactive
10959,Anthony Bradford,Anthony,Bradford,OL,SEA,Active
1184,Amini Silatolu,Amini,Silatolu,G,,Inactive
632,Navorro Bowman,Navorro,Bowman,LB,,Inactive
390,Tyson Jackson,Tyson,Jackson,DE,,Inactive
12718,Konata Mumpfield,Konata,Mumpfield,WR,LAR,Active
2024,Charcandrick West,Charcandrick,West,RB,,Injured Reserve
5585,T.J. Mutcherson,T.J.,Mutcherson,SS,,Active
5291,J.t. Luper,J.t.,Luper,WR,,Inactive
9481,Luke Musgrave,Luke,Musgrave,TE,GB,Active
4885,Brian Gutekunst,Brian,Gutekunst,,,Inactive
5002,Maurice Hurst,Maurice,Hurst,DT,,Active
11837,Jaden Davis,Jaden,Davis,DB,ARI,Inactive
2208,Vinnie Sunseri,Vinnie,Sunseri,FS,,Inactive
11213,Camren McDonald,Camren,McDonald,TE,,Active
58,Greg Olsen,Greg,Olsen,TE,,Injured Reserve
3315,K.J. Dillon,K.J.,Dillon,FS,,Inactive
13893,Mani Powell,Mani,Powell,LB,TEN,Active
13419,Jaydn Ott,Jaydn,Ott,RB,KC,Active
2624,Derek Akunne,Derek,Akunne,OLB,,Inactive
2154,Rakim Cox,Rakim,Cox,DE,,Inactive
5224,Taj Williams,Taj,Williams,WR,,Active
4600,Noel Thomas,Noel,Thomas,WR,,Active
3442,Lamarcus Brutus,Lamarcus,Brutus,SS,,Active
3545,Rashod Hill,Rashod,Hill,T,,Active
5131,Justin Jackson,Justin,Jackson,RB,,Active
1636,MarQueis Gray,MarQueis,Gray,TE,,Inactive
11720,Marist Liufau,Marist,Liufau,LB,DAL,Active
781,Teddy Williams,Teddy,Williams,CB,,Inactive
12623,Ashton Gillotte,Ashton,Gillotte,DE,KC,Active
7950,Harry Crider,Harry,Crider,OL,,Active
3980,Cory Carter,Cory,Carter,P,,Active
12939,Anthony Tyus,Anthony,Tyus,RB,CAR,Active
11548,Aaron Dykes,Aaron,Dykes,RB,,Active
2665,Jimmy Legree,Jimmy,Legree,CB,,Inactive
7361,Jake Lacina,Jake,Lacina,OL,,Inactive
3765,Donte Deayon,Donte,Deayon,CB,,Active
1430,Chris Jones,Chris,Jones,DT,,Inactive
12872,John Saunders,John,Saunders,DB,NE,Active
2744,Cole Farrand,Cole,Farrand,OLB,,Active
4632,Carroll Phillips,Carroll,Phillips,DE,,Active
7485,Daniel Bituli,Daniel,Bituli,LB,,Inactive
5653,Jordan Thomas,Jordan,Thomas,CB,,Active
4326,Bug Howard,Bug,Howard,TE,,Inactive
1123,Ronnie Hillman,Ronnie,Hillman,RB,,Inactive
8336,Tyreke Smith,Tyreke,Smith,DL,KC,Active
13535,Logan Taylor,Logan,Taylor,G,LAC,Active
6454,Trevon Tate,Trevon,Tate,G,,Active
13995,Tim Anderson,Tim,Anderson,OT,,Active
7313,Liam McCullough,Liam,McCullough,LS,ATL,Active
12287,Chris Chukwuneke,Chris,Chukwuneke,LB,,Active
7109,Malcolm Perry,Malcolm,Perry,WR,,Active
7441,Brandon Kemp,Brandon,Kemp,T,,Active
1762,Josh McNary,Josh,McNary,LB,,Inactive
172,Johnathan Joseph,Johnathan,Joseph,CB,,Injured Reserve
2165,Dominique Williams,Dominique,Williams,RB,,Inactive
4850,Christian Tago,Christian,Tago,OLB,,Active
11017,Dee Winters,Dee,Winters,LB,DAL,Active
13115,Will Brooks,Will,Brooks,DB,,Active
5198,Damon Webb,Damon,Webb,SS,,Active
12106,Brandon Matterson,Brandon,Matterson,DL,,Active
8007,Anthony Butler,Anthony,Butler,LB,,Inactive
5742,Blaine Woodson,Blaine,Woodson,DE,,Active
13542,Namdi Obiazor,Namdi,Obiazor,LB,NE,Active
8596,Devin Taylor,Devin,Taylor,CB,,Active
12226,Lorenzo Lingard,Lorenzo,Lingard,RB,,Active
12635,Tonka Hemingway,Tonka,Hemingway,DT,LV,Active
8129,Dameon Pierce,Dameon,Pierce,RB,PHI,Active
8434,Player Invalid,Player,Invalid,TE,,Inactive
7403,Luke Juriga,Luke,Juriga,C,,Active
4097,Ryan Anderson,Ryan,Anderson,LB,,Active
11844,Myles Cole,Myles,Cole,LB,NO,Active
4883,Eric Decosta,Eric,Decosta,,,Inactive
6627,Shy Tuttle,Shy,Tuttle,DT,WAS,Active
11425,Derrek Pitts,Derrek,Pitts,CB,,Active
4382,Izaah Lunsford,Izaah,Lunsford,DE,,Active
13636,Jacob Spomer,Jacob,Spomer,C,LAC,Active
7797,Jaylen Twyman,Jaylen,Twyman,DT,,Active
3778,Darrell Greene,Darrell,Greene,G,,Active
2351,Jaquiski Tartt,Jaquiski,Tartt,DB,,Active
5299,Greg Senat,Greg,Senat,T,,Active
7179,Austin Capps,Austin,Capps,C,,Active
13519,DeMonte Capehart,DeMonte,Capehart,DT,TB,Active
13875,Sean Brown,Sean,Brown,LB,TEN,Active
3233,Kevin Byard,Kevin,Byard,DB,NE,Active
5933,Bless Austin,Bless,Austin,DB,,Active
2660,Curtis Grant,Curtis,Grant,OLB,,Inactive
385,Britton Colquitt,Britton,Colquitt,P,,Active
254,Darrelle Revis,Darrelle,Revis,CB,,Inactive
2803,Bradley Marquez,Bradley,Marquez,WR,,Inactive
3467,Taylor Bertolet,Taylor,Bertolet,K,,Inactive
12899,Doneiko Slaughter,Doneiko,Slaughter,DB,PIT,Active
880,Jerrell Powe,Jerrell,Powe,NT,,Inactive
10892,Will Anderson,Will,Anderson,DL,HOU,Active
14013,Tyce Westland,Tyce,Westland,DE,DEN,Active
2380,Garrett Grayson,Garrett,Grayson,QB,,Inactive
199,Jon Condo,Jon,Condo,LS,,Active
6949,Jordyn Brooks,Jordyn,Brooks,LB,MIA,Active
3573,Brandon Wilds,Brandon,Wilds,RB,,Inactive
2402,Geneo Grissom,Geneo,Grissom,DE,,Inactive
6265,Chris Nelson,Chris,Nelson,DE,,Active
5272,Greg Joseph,Greg,Joseph,K,,Active
950,Darrin Walls,Darrin,Walls,CB,,Inactive
7898,Shakur Brown,Shakur,Brown,CB,,Active
2764,Alfy Hill,Alfy,Hill,DE,,Active
5839,Rashan Gary,Rashan,Gary,LB,DAL,Active
4412,Shaan Washington,Shaan,Washington,ILB,,Active
1699,Brian Tyms,Brian,Tyms,WR,,Inactive
8685,John Mitchell,John,Mitchell,TE,,Active
70,Joe Staley,Joe,Staley,T,,Injured Reserve
802,Pat Devlin,Pat,Devlin,QB,,Inactive
1593,John Lotulelei,John,Lotulelei,LB,,Injured Reserve
3713,Deonte Gibson,Deonte,Gibson,DE,,Active
1950,James Ferentz,James,Ferentz,OL,,Active
13281,Jordyn Tyson,Jordyn,Tyson,WR,NO,Active
8437,Thomas Hennigan,Thomas,Hennigan,WR,,Active
4487,Aaron Taylor,Aaron,Taylor,S,,Active
1795,Kevin Graf,Kevin,Graf,OT,,Inactive
13029,James Burnip,James,Burnip,P,,Active
6595,Devlin Hodges,Devlin,Hodges,QB,,Active
8173,ZaQuandre White,ZaQuandre,White,RB,,Active
11910,Donovan Manuel,Donovan,Manuel,LB,,Active
3262,Justin Simmons,Justin,Simmons,DB,,Active
6102,Sua Opeta,Sua,Opeta,G,,Active
8243,DeAndre Torrey,DeAndre,Torrey,RB,,Active
11581,MarShawn Lloyd,MarShawn,Lloyd,RB,GB,Active
11038,Derek Parish,Derek,Parish,DL,,Active
5853,Trayvon Mullen,Trayvon,Mullen,CB,,Active
13303,Cade Klubnik,Cade,Klubnik,QB,NYJ,Active
5417,Marcus Edmond,Marcus,Edmond,DB,,Active
8237,Player Invalid,Player,Invalid,RB,,Inactive
1827,Arthur Lynch,Arthur,Lynch,TE,,Inactive
559,Tim Tebow,Tim,Tebow,TE,,Inactive
7074,A.J. Hines,A.J.,Hines,RB,,Inactive
11956,Brian Dooley,Brian,Dooley,T,,Active
6655,Taj-Amir Torres,Taj-Amir,Torres,CB,,Inactive
11494,Willie Taylor,Willie,Taylor,LB,,Active
427,Jarius Wynn,Jarius,Wynn,DE,,Inactive
5754,Jaeden Graham,Jaeden,Graham,TE,,Inactive
4570,Kennan Gilchrist,Kennan,Gilchrist,OLB,,Active
10909,Isaiah Foskey,Isaiah,Foskey,DL,CIN,Active
1723,Sean Baker,Sean,Baker,FS,,Inactive
2954,BJ McBryde,BJ,McBryde,DT,,Inactive
3469,Cassanova McKinzy,Cassanova,McKinzy,OLB,,Active
8201,Jack Coan,Jack,Coan,QB,,Active
4414,Josh Augusta,Josh,Augusta,NT,,Active
846,Jurrell Casey,Jurrell,Casey,DT,,Injured Reserve
13962,Cameron Dorner,Cameron,Dorner,WR,NE,Active
4904,Kevin Stefanski,Kevin,Stefanski,,,Inactive
5032,Jordan Akins,Jordan,Akins,TE,,Active
4080,Zay Jones,Zay,Jones,WR,,Active
6999,Benito Jones,Benito,Jones,DT,LV,Active
4147,Samaje Perine,Samaje,Perine,RB,CIN,Active
13052,Eli Cox,Eli,Cox,C,HOU,Active
7474,Keandre Jones,Keandre,Jones,LB,,Inactive
13900,Cole Brevard,Cole,Brevard,DT,KC,Active
13463,Caleb Tiernan,Caleb,Tiernan,OT,MIN,Active
5837,Redford Jones,Redford,Jones,K,,Active
12712,Marcus Harris,Marcus,Harris,DB,TEN,Active
13443,Max Iheanachor,Max,Iheanachor,OT,PIT,Active
3032,Lavance Taylor,Lavance,Taylor,RB,,Inactive
1927,Ri'Shard Anderson,Ri'Shard,Anderson,CB,,Inactive
5333,Jalyn Holmes,Jalyn,Holmes,DE,TEN,Active
4002,Eliot Wolf,Eliot,Wolf,,,Inactive
2562,John Crockett,John,Crockett,RB,,Inactive
14058,Malick Meiga,Malick,Meiga,WR,CAR,Active
8458,Dylan Parham,Dylan,Parham,OL,NYJ,Active
4997,Mark Walton,Mark,Walton,RB,,Active
11240,C.J. Okoye,C.J.,Okoye,DL,BAL,Active
3418,Mekale McKay,Mekale,McKay,WR,,Active
4728,Bart Houston,Bart,Houston,QB,,Active
5679,Ryan Carter,Ryan,Carter,CB,,Active
11838,Nate Thomas,Nate,Thomas,OL,DAL,Active
7635,Jaelan Phillips,Jaelan,Phillips,LB,CAR,Active
5591,Robert McCray,Robert,McCray,DE,,Active
684,Julius Peppers,Julius,Peppers,DE,,Injured Reserve
11312,T.J. Luther,T.J.,Luther,WR,,Active
13713,KC Eziomume,KC,Eziomume,DB,CHI,Active
6123,Greedy Williams,Greedy,Williams,CB,,Active
10932,Garrett Williams,Garrett,Williams,DB,ARI,Active
12807,Eddie Czaplicki,Eddie,Czaplicki,P,,Active
12538,Brady Cook,Brady,Cook,QB,NYJ,Active
12702,Rayuan Lane,Rayuan,Lane,DB,JAX,Active
4050,Cyril Grayson,Cyril,Grayson,WR,,Active
6452,Jamie Gillan,Jamie,Gillan,P,,Active
640,Anthony McCoy,Anthony,McCoy,TE,,Inactive
8294,Bryan Cook,Bryan,Cook,DB,CIN,Active
8877,Abu Daramy-Swaray,Abu,Daramy-Swaray,CB,,Active
6294,Ty Summers,Ty,Summers,LB,,Active
12417,Jason Maitre,Jason,Maitre,CB,,Active
1621,Nick Becton,Nick,Becton,T,,Injured Reserve
13010,Jordan Waters,Jordan,Waters,RB,LAR,Active
7720,Kene Nwangwu,Kene,Nwangwu,RB,NYJ,Active
4759,John Elway,John,Elway,,,Inactive
10945,Cameron Young,Cameron,Young,DT,,Active
2719,Anthony Harris,Anthony,Harris,DB,,Active
13446,Blake Miller,Blake,Miller,OT,DET,Active
11209,Henry Pearson,Henry,Pearson,FB,,Active
12240,Brady Latham,Brady,Latham,OL,,Active
11867,Jaelen Gill,Jaelen,Gill,WR,,Active
8416,Jalen Virgil,Jalen,Virgil,WR,,Active
3550,Jarrod Wilson,Jarrod,Wilson,DB,,Active
8621,Garrett Walston,Garrett,Walston,TE,,Active
12418,Chris Collins,Chris,Collins,LB,,Active
1902,Pierre Desir,Pierre,Desir,CB,,Active
12911,Keivie Rose,Keivie,Rose,DL,JAX,Active
5126,Austin Proehl,Austin,Proehl,WR,,Active
13193,Ketron Jackson,Ketron,Jackson,WR,,Active
2073,Keith Smith,Keith,Smith,FB,,Active
13726,Camden Brown,Camden,Brown,WR,DAL,Active
5566,Julian Allen,Julian,Allen,FB,,Inactive
2014,Laurent Duvernay-Tardif,Laurent,Duvernay-Tardif,OL,,Active
7921,Christian Elliss,Christian,Elliss,LB,NE,Active
1493,Eric Herman,Eric,Herman,G,,Inactive
5106,Tyrell Crosby,Tyrell,Crosby,OL,,Active
11791,Tylan Grable,Tylan,Grable,OL,BUF,Active
6973,J.J. Taylor,J.J.,Taylor,RB,,Active
5548,Elijah Marks,Elijah,Marks,WR,,Active
272,Chris Johnson,Chris,Johnson,RB,,Inactive
1512,Marquess Wilson,Marquess,Wilson,WR,,Inactive
6585,Tony Brooks-James,Tony,Brooks-James,RB,,Active
12744,Jonah Monheim,Jonah,Monheim,OL,JAX,Active
7924,Jaytlin Askew,Jaytlin,Askew,CB,,Active
3845,Jabriel Washington,Jabriel,Washington,OLB,,Inactive
2195,Marcus Ball,Marcus,Ball,SS,,Inactive
12290,Brandon Bishop,Brandon,Bishop,DB,,Active
2079,Nat Berhe,Nat,Berhe,FS,,Inactive
5208,Matt Linehan,Matt,Linehan,QB,,Inactive
5552,Austin Golson,Austin,Golson,C,,Active
5400,Trevon Mathis,Trevon,Mathis,CB,,Active
5720,Vontae Diggs,Vontae,Diggs,OLB,,Active
5778,Zaycoven Henderson,Zaycoven,Henderson,DT,,Active
1948,Anthony Denham,Anthony,Denham,TE,,Inactive
762,James Starks,James,Starks,RB,,Inactive
12536,Jaylin Noel,Jaylin,Noel,WR,HOU,Active
6917,Antoine Brooks,Antoine,Brooks,DB,,Active
12683,Tyrion Ingram-Dawkins,Tyrion,Ingram-Dawkins,DE,MIN,Active
6057,Ulysees Gilbert,Ulysees,Gilbert,LB,,Active
7971,Sam Cooper,Sam,Cooper,G,,Active
4837,Carlos Davis,Carlos,Davis,DT,,Active
6641,Andrew Soroh,Andrew,Soroh,DB,,Active
3387,Steven Daniels,Steven,Daniels,OLB,,Active
1357,Dion Sims,Dion,Sims,TE,,Injured Reserve
4729,Toby Baker,Toby,Baker,P,,Active
13445,Caleb Banks,Caleb,Banks,DT,MIN,Active
8280,Nik Bonitto,Nik,Bonitto,LB,DEN,Active
7712,Robert Rochell,Robert,Rochell,DB,CAR,Active
5071,DeShon Elliott,DeShon,Elliott,DB,PIT,Active
7958,Greg Eiland,Greg,Eiland,OT,,Active
12314,Beau Corrales,Beau,Corrales,WR,,Active
7673,Chazz Surratt,Chazz,Surratt,LB,SEA,Active
7231,LaCale London,LaCale,London,DT,ATL,Active
8857,Kader Kohou,Kader,Kohou,CB,KC,Active
10223,Eric Gray,Eric,Gray,RB,NYG,Active
7597,Kenny Yeboah,Kenny,Yeboah,TE,ARI,Active
3213,Trevone Boykin,Trevone,Boykin,QB,,Inactive
1923,Shaquille Richardson,Shaquille,Richardson,CB,,Active
721,Rolando McClain,Rolando,McClain,LB,,Inactive
8689,Matt Gotel,Matt,Gotel,DT,,Active
12492,Pat Bryant,Pat,Bryant,WR,DEN,Active
6257,Roderic Teamer,Roderic,Teamer,DB,,Active
7826,Jamar Johnson,Jamar,Johnson,DB,,Active
11736,Jordan Jefferson,Jordan,Jefferson,DT,CIN,Active
7287,Josh Hammond,Josh,Hammond,WR,,Active
6826,Cole Kmet,Cole,Kmet,TE,CHI,Active
77,Zak DeOssie,Zak,DeOssie,LS,,Active
709,Brice McCain,Brice,McCain,CB,,Inactive
6161,L.J. Scott,L.J.,Scott,RB,,Active
12600,Aireontae Ersery,Aireontae,Ersery,OL,HOU,Active
1956,Jay Prosch,Jay,Prosch,FB,,Inactive
5069,Kylie Fitts,Kylie,Fitts,LB,,Active
12134,Sam Wiglusz,Sam,Wiglusz,WR,,Active
512,Jared Odrick,Jared,Odrick,DE,,Injured Reserve
6442,Johnny Robinson,Johnny,Robinson,DT,,Active
12238,Eric Watts,Eric,Watts,DL,NYJ,Active
7939,Ben DeLuca,Ben,DeLuca,DB,,Active
7784,Brady Breeze,Brady,Breeze,DB,,Inactive
13163,Jahvaree Ritzie,Jahvaree,Ritzie,DT,MIN,Active
5250,Robert Foster,Robert,Foster,WR,,Active
171,Zach Miller,Zach,Miller,TE,,Inactive
814,Shane Vereen,Shane,Vereen,RB,,Injured Reserve
8854,Tomon Fox,Tomon,Fox,LB,LAR,Active
3044,Malcolm Bunche,Malcolm,Bunche,G,,Active
4836,Ryan Langford,Ryan,Langford,,ARI,Active
2849,Tavaris Barnes,Tavaris,Barnes,DE,,Injured Reserve
13683,Aamil Wagner,Aamil,Wagner,OT,TEN,Active
513,Sergio Brown,Sergio,Brown,FS,,Inactive
12526,Tetairoa McMillan,Tetairoa,McMillan,WR,CAR,Active
2528,Ben Koyack,Ben,Koyack,TE,,Active
13225,Sam Brown,Sam,Brown,WR,,Active
5199,Byron Pringle,Byron,Pringle,WR,,Active
1760,Jamie Childers,Jamie,Childers,TE,,Inactive
4446,Chris Humes,Chris,Humes,SS,,Active
8224,Cole Kelley,Cole,Kelley,QB,,Active
1377,Matt Elam,Matt,Elam,SS,,Inactive
82,Brandon Jacobs,Brandon,Jacobs,RB,,Inactive
11775,Jaylin Simpson,Jaylin,Simpson,DB,GB,Active
1401,Martin Wallace,Martin,Wallace,OT,,Inactive
129,Kroy Biermann,Kroy,Biermann,LB,,Inactive
7622,Sammis Reyes,Sammis,Reyes,TE,,Active
1598,Ryan Seymour,Ryan,Seymour,G,,Inactive
12596,Maxwell Hairston,Maxwell,Hairston,DB,BUF,Active
2388,Craig Mager,Craig,Mager,CB,,Inactive
7236,Devwah Whaley,Devwah,Whaley,RB,,Active
330,Dustin Colquitt,Dustin,Colquitt,P,,Active
10960,Jake Andrews,Jake,Andrews,OL,HOU,Active
6897,Jabari Zuniga,Jabari,Zuniga,DE,,Active
3339,Devante Bond,Devante,Bond,LB,,Active
6401,T.J. Rahming,T.J.,Rahming,WR,,Active
11058,Blake Grupe,Blake,Grupe,K,IND,Active
2394,Sean Mannion,Sean,Mannion,QB,,Active
3301,Connor McGovern,Connor,McGovern,OL,,Active
5389,Alan Knott,Alan,Knott,C,,Active
4439,Breon Borders,Breon,Borders,CB,,Active
3665,Ivan McLennan,Ivan,McLennan,OLB,,Inactive
6807,Patrick Queen,Patrick,Queen,LB,PIT,Active
8867,Curtis Blackwell,Curtis,Blackwell,OL,,Inactive
8340,JoJo Domann,JoJo,Domann,LB,,Inactive
8209,Makai Polk,Makai,Polk,WR,,Active
1954,Louis Nix,Louis,Nix,DT,,Inactive
2158,Donte Foster,Donte,Foster,WR,,Inactive
1789,Josh Andrews,Josh,Andrews,C,,Active
2648,Tajh Hasson,Tajh,Hasson,CB,,Active
2349,Hau'oli Kikaha,Hau'oli,Kikaha,DE,,Inactive
11935,A.J. Woods,A.J.,Woods,CB,ATL,Active
10931,Siaki Ika,Siaki,Ika,DL,,Active
7884,Carlo Kemp,Carlo,Kemp,LB,,Active
5156,Andrew Vollert,Andrew,Vollert,TE,,Active
5568,Myles Humphrey,Myles,Humphrey,DE,,Active
13276,Omar Cooper,Omar,Cooper,WR,NYJ,Active
5942,Austin Bryant,Austin,Bryant,LB,,Inactive
13682,Kobe Baynes,Kobe,Baynes,G,,Active
5825,Eric Cotton,Eric,Cotton,DE,,Active
12818,Elijah Young,Elijah,Young,RB,,Active
2510,Obum Gwacham,Obum,Gwacham,LB,,Inactive
1526,Datone Jones,Datone,Jones,DT,,Active
5298,Bradley Bozeman,Bradley,Bozeman,OL,,Active
1516,Sam Martin,Sam,Martin,P,CAR,Active
7187,Rojesterman Farris,Rojesterman,Farris,DB,DEN,Active
8051,Josh Johnson,Josh,Johnson,RB,,Inactive
12948,Austin Keys,Austin,Keys,LB,ARI,Active
1553,John Jenkins,John,Jenkins,DT,BAL,Active
12795,Jake Majors,Jake,Majors,OL,PHI,Active
69,Santana Moss,Santana,Moss,WR,,Inactive
7259,Bobby Price,Bobby,Price,DB,,Active
7245,Nate Wieting,Nate,Wieting,TE,,Inactive
5945,Jonathan Ledbetter,Jonathan,Ledbetter,DE,,Active
8267,Nakobe Dean,Nakobe,Dean,LB,LV,Active
11725,Jarrian Jones,Jarrian,Jones,DB,JAX,Active
2120,Gregory Hickman,Gregory,Hickman,DE,,Active
11210,Malik Heath,Malik,Heath,WR,ATL,Active
13808,Wesley Bailey,Wesley,Bailey,DL,LAR,Active
11776,Jacob Monk,Jacob,Monk,OL,GB,Active
946,Akeem Dent,Akeem,Dent,LB,,Inactive
4636,Lenard Tillery,Lenard,Tillery,RB,,Active
11734,Tyrice Knight,Tyrice,Knight,LB,SEA,Active
2317,Danny Shelton,Danny,Shelton,DT,,Active
8693,Micah Dew-Treadway,Micah,Dew-Treadway,DT,,Active
13963,Nick DeGennaro,Nick,DeGennaro,WR,NE,Active
1417,Zaviar Gooden,Zaviar,Gooden,ILB,,Inactive
3388,Jalen Mills,Jalen,Mills,CB,,Active
7456,Benning Potoa'e,Benning,Potoa'e,DT,,Active
8089,Sal Cannella,Sal,Cannella,TE,,Active
11362,Antonio Moultrie,Antonio,Moultrie,DL,,Active
6901,Joshua Metellus,Joshua,Metellus,DB,MIN,Active
3457,Rashawn Scott,Rashawn,Scott,WR,,Inactive
3594,Peyton Barber,Peyton,Barber,RB,,Active
10953,Chandler Zavala,Chandler,Zavala,G,CAR,Active
12770,Johnny Walker,Johnny,Walker,DE,DEN,Active
7859,Nick Eubanks,Nick,Eubanks,TE,,Active
8720,Christian Albright,Christian,Albright,LB,,Active
11015,Dante Stills,Dante,Stills,DT,ARI,Active
6079,Gary Johnson,Gary,Johnson,ILB,,Active
3652,Mike Thomas,Mike,Thomas,WR,,Active
8890,Naz Bohannon,Naz,Bohannon,TE,,Active
111,Marcedes Lewis,Marcedes,Lewis,TE,,Active
1582,Cornellius Carradine,Cornellius,Carradine,DE,,Inactive
10954,Clark Phillips,Clark,Phillips,CB,ATL,Active
11840,Nick Samac,Nick,Samac,C,CAR,Active
7550,Warren Jackson,Warren,Jackson,WR,,Active
966,Austin Pettis,Austin,Pettis,WR,,Inactive
13152,Justin Lockhart,Justin,Lockhart,WR,,Active
6131,Mack Wilson,Mack,Wilson,LB,ARI,Active
3534,Adrian McDonald,Adrian,McDonald,SS,,Active
8014,Ryan McCollum,Ryan,McCollum,C,PIT,Active
13003,Tru Edwards,Tru,Edwards,WR,LAR,Active
13121,Ben Yurosek,Ben,Yurosek,TE,MIN,Active
13209,Jordan Turner,Jordan,Turner,LB,DEN,Active
8829,Cullen Wick,Cullen,Wick,DE,,Active
3869,Torian White,Torian,White,OT,,Inactive
6842,Jeff Gladney,Jeff,Gladney,CB,,Active
6943,Gabe Davis,Gabe,Davis,WR,,Active
5356,Jeremiah Briscoe,Jeremiah,Briscoe,QB,,Active
1341,Joe Kruger,Joe,Kruger,OLB,,Inactive
3678,Wil Lutz,Wil,Lutz,K,DEN,Active
1984,Allen Hurns,Allen,Hurns,WR,MIA,Active
13760,Jaden Bradley,Jaden,Bradley,WR,WAS,Active
12170,Jaaron Hayek,Jaaron,Hayek,WR,,Active
6297,George Asafo-Adjei,George,Asafo-Adjei,OT,,Active
2809,Montell Garner,Montell,Garner,CB,,Inactive
6829,Kristian Fulton,Kristian,Fulton,CB,KC,Active
3071,Hue Jackson,Hue,Jackson,,,Inactive
6129,Jerry Tillery,Jerry,Tillery,DT,IND,Active
13899,Amari McNeill,Amari,McNeill,DT,KC,Active
8539,Seth Green,Seth,Green,TE,,Active
13741,Melvin Priestly,Melvin,Priestly,OL,DET,Active
6605,Cortrelle Simpson,Cortrelle,Simpson,WR,,Inactive
7551,Deon Jackson,Deon,Jackson,RB,,Active
3773,Claude Pelon,Claude,Pelon,DE,,Inactive
4350,Ricky Ortiz,Ricky,Ortiz,FB,,Active
2880,Zach Laskey,Zach,Laskey,RB,,Active
2973,Joe Rankin,Joe,Rankin,CB,,Active
5711,Brian Womac,Brian,Womac,OLB,,Active
14009,Josh Celiscar,Josh,Celiscar,DL,,Active
1514,Corey Fuller,Corey,Fuller,WR,,Injured Reserve
11966,Rashad Wisdom,Rashad,Wisdom,DB,TB,Active
5614,Nico Falah,Nico,Falah,C,,Active
4635,Justin Davis,Justin,Davis,RB,,Inactive
4438,Javarius Leamon,Javarius,Leamon,OT,,Active
937,Christian Ballard,Christian,Ballard,DT,,Inactive
6184,Derrek Thomas,Derrek,Thomas,DB,,Active
7299,Justice Shelton-Mosley,Justice,Shelton-Mosley,WR,,Inactive
13048,Jared Ivey,Jared,Ivey,DE,SEA,Active
4466,Noble Nwachukwu,Noble,Nwachukwu,DT,,Active
7954,Connor Wedington,Connor,Wedington,WR,,Active
2084,Devon Kennard,Devon,Kennard,LB,,Active
7032,Tyrie Cleveland,Tyrie,Cleveland,WR,,Active
10864,Player Invalid,Player,Invalid,WR,,Inactive
11802,Tejhaun Palmer,Tejhaun,Palmer,WR,ARI,Active
3027,Boobie Dixon,Boobie,Dixon,RB,,Inactive
1662,Marcus Burley,Marcus,Burley,CB,,Inactive
13078,Tysheem Johnson,Tysheem,Johnson,DB,,Active
11563,Bo Nix,Bo,Nix,QB,DEN,Active
2449,Stefon Diggs,Stefon,Diggs,WR,,Active
8477,Matt Waletzko,Matt,Waletzko,OL,KC,Active
7522,Hunter Thedford,Hunter,Thedford,TE,,Active
7567,Kenny Gainwell,Kenny,Gainwell,RB,TB,Active
6540,DeAndre Thompkins,DeAndre,Thompkins,WR,GB,Inactive
942,Allen Reisner,Allen,Reisner,TE,,Inactive
7543,Travis Etienne,Travis,Etienne,RB,NO,Active
12217,Shawn Bowman,Shawn,Bowman,TE,,Active
6418,Tariq Cole,Tariq,Cole,G,,Active
3426,Ken Crawley,Ken,Crawley,CB,,Active
13804,Kansei Matsuzawa,Kansei,Matsuzawa,K,LV,Active
8031,Kiondre Thomas,Kiondre,Thomas,CB,,Active
7411,Matt Leo,Matt,Leo,DE,,Active
7793,Racey McMath,Racey,McMath,WR,,Active
1134,Tony Bergstrom,Tony,Bergstrom,C,,Active
6526,Tre Thomas,Tre,Thomas,LB,,Active
2305,Charley Hughlett,Charley,Hughlett,LS,,Active
554,Tyson Alualu,Tyson,Alualu,DE,,Active
13936,Cade Denhoff,Cade,Denhoff,DE,BUF,Active
6258,Nik Needham,Nik,Needham,CB,,Active
8192,Curtis Hodges,Curtis,Hodges,TE,,Active
1575,Andre Ellington,Andre,Ellington,RB,,Inactive
11502,Brian Cobbs,Brian,Cobbs,WR,,Active
5139,Trey Quinn,Trey,Quinn,WR,,Active
3043,Will Tye,Will,Tye,TE,,Inactive
6001,Drew Sample,Drew,Sample,TE,CIN,Active
1841,Stephen Houston,Stephen,Houston,RB,,Active
4123,Ethan Pocic,Ethan,Pocic,OL,BAL,Active
1161,Will Hill,Will,Hill,SS,,Inactive
5590,Jordan Smallwood,Jordan,Smallwood,WR,,Active
7572,Kylin Hill,Kylin,Hill,RB,,Active
5858,Andre Dillard,Andre,Dillard,T,,Active
5726,Robert Spillane,Robert,Spillane,LB,NE,Active
2840,Kenneth Penny,Kenneth,Penny,CB,,Active
3179,Joshua Garnett,Joshua,Garnett,G,,Injured Reserve
3560,Austin Johnson,Austin,Johnson,DT,,Active
719,Victor Cruz,Victor,Cruz,WR,,Inactive
5910,Ben Powers,Ben,Powers,G,DEN,Active
5745,Nick Stevens,Nick,Stevens,QB,,Inactive
61,Cortland Finnegan,Cortland,Finnegan,CB,,Inactive
13027,Dalys Beanum,Dalys,Beanum,CB,NO,Active
1817,Sammy Watkins,Sammy,Watkins,WR,,Active
930,Jamari Lattimore,Jamari,Lattimore,LB,,Inactive
13638,Jay'Viar Suggs,Jay'Viar,Suggs,DT,NO,Active
3843,Kyrie Wilson,Kyrie,Wilson,ILB,,Inactive
5801,Kobe McCrary,Kobe,McCrary,RB,,Active
12759,Jacob Bayer,Jacob,Bayer,C,CIN,Active
5475,Nate Wozniak,Nate,Wozniak,T,,Inactive
3824,Alex Ellis,Alex,Ellis,TE,,Active
7757,Ben Skowronek,Ben,Skowronek,WR,PIT,Active
7904,Stevie Scott,Stevie,Scott,RB,,Active
2259,Aaron Lynch,Aaron,Lynch,LB,,Inactive
2950,Jack Tabb,Jack,Tabb,TE,,Inactive
13382,Keionte Scott,Keionte,Scott,DB,TB,Active
12404,Colton Theaker,Colton,Theaker,K,,Active
8583,Stone Smartt,Stone,Smartt,TE,PHI,Active
14062,Tyler Moore,Tyler,Moore,TE,NYG,Active
4323,Darrell Daniels,Darrell,Daniels,TE,,Active
12131,Bryan Hudson,Bryan,Hudson,OL,NYG,Active
4591,Dymonte Thomas,Dymonte,Thomas,FS,,Inactive
4154,Dorian Johnson,Dorian,Johnson,G,,Inactive
4307,Alek Torgersen,Alek,Torgersen,QB,,Active
12002,Alfahiym Walcott,Alfahiym,Walcott,DB,,Active
7937,Kyle Spalding,Kyle,Spalding,OL,,Active
3396,Charone Peake,Charone,Peake,WR,,Inactive
168,Nick Novak,Nick,Novak,K,,Inactive
94,Kyle Williams,Kyle,Williams,DT,,Injured Reserve
12660,Miles Frazier,Miles,Frazier,OG,DET,Active
2859,Justin Hamilton,Justin,Hamilton,DT,,Active
13343,Vinny Anthony,Vinny,Anthony,WR,ATL,Active
1386,Giovani Bernard,Giovani,Bernard,RB,,Active
11990,Kalen DeLoach,Kalen,DeLoach,LB,,Active
5935,Jalen Jelks,Jalen,Jelks,DE,,Active
6824,Donovan Peoples-Jones,Donovan,Peoples-Jones,WR,,Active
6222,Ka'dar Hollman,Ka'dar,Hollman,DB,,Active
2817,Daniel Rodriguez,Daniel,Rodriguez,WR,,Active
805,Frank Kearse,Frank,Kearse,DE,,Inactive
1713,Colton Schmidt,Colton,Schmidt,P,,Inactive
12123,Kaleb Ford-Dement,Kaleb,Ford-Dement,CB,,Active
2532,Da'Ron Brown,Da'Ron,Brown,WR,,Active
268,Alex Smith,Alex,Smith,QB,,Injured Reserve
13006,Jamil Muhammad,Jamil,Muhammad,DE,,Active
792,Julian Vandervelde,Julian,Vandervelde,G,,Inactive
6192,Chris Blewitt,Chris,Blewitt,K,,Active
746,Robert Malone,Robert,Malone,P,,Inactive
12110,Frank Crum,Frank,Crum,OT,DEN,Active
689,Roy Miller,Roy,Miller,DT,,Inactive
3491,Byron Marshall,Byron,Marshall,RB,,Inactive
3583,Tevaun Smith,Tevaun,Smith,WR,,Inactive
5327,Kahlil McKenzie,Kahlil,McKenzie,DT,,Active
3119,Steve Spagnuolo,Steve,Spagnuolo,,,Inactive
3507,Landon Turner,Landon,Turner,G,,Inactive
7076,Jeff Thomas,Jeff,Thomas,WR,,Inactive
5932,Beau Benzschawel,Beau,Benzschawel,G,,Active
2625,Jonathon Mincy,Jonathon,Mincy,FS,,Inactive
34,Pierre Thomas,Pierre,Thomas,RB,,Inactive
11159,Zion Bowens,Zion,Bowens,WR,,Active
6980,Jon Runyan,Jon,Runyan,G,NYG,Active
6109,Alec Ingold,Alec,Ingold,FB,LAC,Active
3939,Zach Colvin,Zach,Colvin,DT,,Inactive
1418,Justin Hunter,Justin,Hunter,WR,,Inactive
5860,Johnathan Abram,Johnathan,Abram,DB,,Active
2043,Ryan Carrethers,Ryan,Carrethers,NT,,Inactive
4261,Jeremy Clark,Jeremy,Clark,FS,,Inactive
11448,Ekow Boye-Doe,Ekow,Boye-Doe,CB,,Active
4803,Nate Iese,Nate,Iese,TE,,Active
371,Connor Barwin,Connor,Barwin,LB,,Inactive
1835,Dominique Easley,Dominique,Easley,LB,,Inactive
5863,J.J. Arcega-Whiteside,J.J.,Arcega-Whiteside,WR,,Active
11260,Robert Burns,Robert,Burns,FB,CHI,Active
12253,Bo Bauer,Bo,Bauer,LB,,Active
4316,Sae Tautu,Sae,Tautu,OLB,,Active
13536,Matt Gulbin,Matt,Gulbin,OL,WAS,Active
4077,Jamal Adams,Jamal,Adams,SS,MIN,Active
3987,Tom Cable,Tom,Cable,,,Inactive
13844,Coleman Bennett,Coleman,Bennett,RB,CHI,Active
949,Jacquizz Rodgers,Jacquizz,Rodgers,RB,,Inactive
6873,Austin Mack,Austin,Mack,WR,,Active
7682,Elijah Molden,Elijah,Molden,CB,LAC,Active
479,Jalen Parmele,Jalen,Parmele,RB,,Inactive
208,Josh McCown,Josh,McCown,QB,,Active
8560,Davis Cheek,Davis,Cheek,QB,,Active
148,Andre Caldwell,Andre,Caldwell,WR,,Inactive
8737,Dan Isom,Dan,Isom,DB,,Active
2156,Antone Exum,Antone,Exum,SS,,Active
5644,Bryon Fields,Bryon,Fields,DB,,Active
12984,CJ Dippre,CJ,Dippre,TE,NE,Active
5184,Greg Gilmore,Greg,Gilmore,DT,,Active
7296,Brandon Wright,Brandon,Wright,P,,Active
1685,Kenny Demens,Kenny,Demens,LB,,Inactive
1518,Darius Slay,Darius,Slay,CB,,Active
1029,Nick Foles,Nick,Foles,QB,,Active
8522,Chris Paul,Chris,Paul,OL,WAS,Active
81,Randy Starks,Randy,Starks,DE,,Inactive
11874,Jaylen Johnson,Jaylen,Johnson,WR,,Active
8491,Austin Deculus,Austin,Deculus,T,TEN,Active
5706,Jeremi Hall,Jeremi,Hall,G,,Active
2523,Bryce Hager,Bryce,Hager,LB,,Inactive
5559,Warren Long,Warren,Long,OLB,,Active
3835,Ross Burbank,Ross,Burbank,C,,Active
13848,Matthew McDoom,Matthew,McDoom,CB,BAL,Active
10907,Joe Tippmann,Joe,Tippmann,OL,NYJ,Active
13091,Luke Kandra,Luke,Kandra,OL,,Active
1391,Tanner Hawkinson,Tanner,Hawkinson,T,,Inactive
2111,DeDe Lattimore,DeDe,Lattimore,ILB,,Inactive
13656,James Thompson,James,Thompson,DT,SF,Active
9508,Tyjae Spears,Tyjae,Spears,RB,TEN,Active
11570,Rasheen Ali,Rasheen,Ali,RB,BAL,Active
11938,Chigozie Anusiem,Chigozie,Anusiem,CB,LV,Active
1343,Jordan Poyer,Jordan,Poyer,DB,,Active
6678,David Simmons,David,Simmons,CB,,Active
12534,Kyle Monangai,Kyle,Monangai,RB,CHI,Active
11503,Cam Brown,Cam,Brown,CB,,Active
7139,Arlington Hambright,Arlington,Hambright,OL,,Active
5426,McKay Murphy,McKay,Murphy,DT,,Inactive
2205,Seantavius Jones,Seantavius,Jones,WR,,Inactive
6876,A.J. Green,A.J.,Green,CB,MIA,Active
4344,C.J. Board,C.J.,Board,WR,,Active
4920,Dax Dellenbach,Dax,Dellenbach,LS,,Active
12150,Jarveon Howard,Jarveon,Howard,RB,,Inactive
8195,Ronnie Rivers,Ronnie,Rivers,RB,LAR,Active
2130,Kyle Van Noy,Kyle,Van Noy,LB,,Active
7799,Roy Lopez,Roy,Lopez,DT,ARI,Active
1597,Ty Powell,Ty,Powell,OLB,,Inactive
6892,Nate Stanley,Nate,Stanley,QB,,Active
11501,Justus Tavai,Justus,Tavai,DT,,Active
5302,Bilal Nichols,Bilal,Nichols,DT,,Active
13890,Michael Briscoe,Michael,Briscoe,WR,MIN,Active
13054,Junior Tafuna,Junior,Tafuna,DT,HOU,Active
4218,Trent Taylor,Trent,Taylor,WR,,Active
6178,Darwin Thompson,Darwin,Thompson,RB,,Active
377,Donald Brown,Donald,Brown,RB,,Inactive
7415,John Houston,John,Houston,LB,,Active
12154,Messiah Swinson,Messiah,Swinson,TE,GB,Active
1642,Levine Toilolo,Levine,Toilolo,TE,NYG,Inactive
1675,Marlon Brown,Marlon,Brown,WR,,Injured Reserve
6542,Anthony Rush,Anthony,Rush,DT,,Active
13597,Matthew Caldwell,Matthew,Caldwell,QB,LAR,Active
8849,Tanner Conner,Tanner,Conner,TE,NYG,Active
8159,Desmond Ridder,Desmond,Ridder,QB,,Active
448,Josh Freeman,Josh,Freeman,QB,,Inactive
12142,Jaylen McCollough,Jaylen,McCollough,DB,LAR,Active
920,Evan Royster,Evan,Royster,RB,,Inactive
12980,Jordan Polk,Jordan,Polk,CB,,Active
3311,Joe Haeg,Joe,Haeg,T,,Active
10994,Scott Matlock,Scott,Matlock,DT,LAC,Active
5527,Ramon Richards,Ramon,Richards,SS,,Active
2751,Daniel Brown,Daniel,Brown,TE,,Inactive
5515,Austin Olsen,Austin,Olsen,OL,,Active
2938,Cam Worthy,Cam,Worthy,WR,,Active
11970,Gunner Britton,Gunner,Britton,OL,,Active
4895,Lamar Atkins,Lamar,Atkins,WR,,Active
204,Ryan Harris,Ryan,Harris,T,,Inactive
1607,Dalton Freeman,Dalton,Freeman,C,,Inactive
1750,Giorgio Tavecchio,Giorgio,Tavecchio,K,,Inactive
3554,David Reeves,David,Reeves,TE,,Active
2152,Teddy Bridgewater,Teddy,Bridgewater,QB,DET,Active
11455,Anthony Kendall,Anthony,Kendall,CB,,Active
3385,Daniel Braverman,Daniel,Braverman,WR,,Inactive
6708,Kalani Vakameilalo,Kalani,Vakameilalo,DT,,Active
5688,John Montelus,John,Montelus,G,,Active
11936,Norell Pollard,Norell,Pollard,DL,,Active
4107,Chidobe Awuzie,Chidobe,Awuzie,CB,BAL,Active
8485,Luke Tenuta,Luke,Tenuta,OL,IND,Active
5855,Garrett Bradbury,Garrett,Bradbury,C,CHI,Active
11028,Spencer Anderson,Spencer,Anderson,OL,PIT,Active
12525,Player Invalid,Player,Invalid,ATH,,Inactive
2001,Kapri Bibbs,Kapri,Bibbs,RB,,Inactive
8668,Jack Koerner,Jack,Koerner,DB,,Active
8018,Shaun Beyer,Shaun,Beyer,TE,,Active
109,Danny Lansanah,Danny,Lansanah,LB,,Inactive
3368,Aaron Burbridge,Aaron,Burbridge,WR,,Inactive
5497,Jon Cunningham,Jon,Cunningham,DT,,Active
4631,Charlie Miller,Charlie,Miller,FS,,Active
2847,Michael Lee,Michael,Lee,CB,,Inactive
382,Eugene Monroe,Eugene,Monroe,T,,Inactive
3379,Donavon Clark,Donavon,Clark,G,,Active
12631,Upton Stout,Upton,Stout,CB,SF,Active
13931,E.J. Horton,E.J.,Horton,WR,IND,Active
7850,Justus Reed,Justus,Reed,DE,,Active
7923,Robert Jones,Robert,Jones,G,SF,Active
8631,LaRon Stokes,LaRon,Stokes,DT,,Active
12763,Jakob Robinson,Jakob,Robinson,CB,SF,Active
2566,Tyler Varga,Tyler,Varga,RB,,Inactive
5392,Jack Heneghan,Jack,Heneghan,QB,,Active
13533,Barion Brown,Barion,Brown,WR,NO,Active
6556,Ronald Ollie,Ronald,Ollie,DE,,Active
5666,Matt Diaz,Matt,Diaz,OT,,Active
2915,Taylor Pontius,Taylor,Pontius,K,,Inactive
1697,David King,David,King,DE,,Inactive
13891,Rasheed Miller,Rasheed,Miller,OL,TEN,Active
7487,Delontae Scott,Delontae,Scott,LB,,Active
7000,Chapelle Russell,Chapelle,Russell,LB,,Active
11782,Beaux Limmer,Beaux,Limmer,OL,LAR,Active
6398,Ahmad Gooden,Ahmad,Gooden,LB,,Active
11422,J.D. DiRenzo,J.D.,DiRenzo,OL,,Inactive
4611,Justin Hardee,Justin,Hardee,CB,,Active
661,Alex Smith,Alex,Smith,TE,,Inactive
894,Corey Liuget,Corey,Liuget,DT,,Inactive
52,Joel Dreessen,Joel,Dreessen,TE,,Inactive
11699,Jer'Zhan Newton,Jer'Zhan,Newton,DL,WAS,Active
5189,Eddy Pineiro,Eddy,Pineiro,K,SF,Active
6965,Jonathan Garvin,Jonathan,Garvin,LB,CHI,Active
868,Virgil Green,Virgil,Green,TE,,Inactive
11486,Zach Ojile,Zach,Ojile,FB,,Active
12401,Andrew Hayes,Andrew,Hayes,DB,,Active
12821,Jordan Oladokun,Jordan,Oladokun,CB,,Active
2600,Ricky Seale,Ricky,Seale,RB,,Active
5989,Trysten Hill,Trysten,Hill,DT,,Active
7190,Bronson Rechsteiner,Bronson,Rechsteiner,RB,,Active
252,Don Muhlbach,Don,Muhlbach,LS,,Active
970,David Carter,David,Carter,DE,,Inactive
13018,Jarrod Hufford,Jarrod,Hufford,OL,,Active
11796,Khristian Boyd,Khristian,Boyd,DL,NO,Active
1898,James Wright,James,Wright,WR,,Inactive
3141,Ruston Webster,Ruston,Webster,,,Inactive
4681,Reggie Davis,Reggie,Davis,WR,,Inactive
2140,Jeff Janis,Jeff,Janis,WR,,Inactive
6651,Anthony Pittman,Anthony,Pittman,LB,,Active
303,John Sullivan,John,Sullivan,C,,Inactive
13337,Emmett Johnson,Emmett,Johnson,RB,KC,Active
93,D'Qwell Jackson,D'Qwell,Jackson,LB,,Inactive
5164,Simmie Cobbs,Simmie,Cobbs,WR,,Inactive
7637,Zaven Collins,Zaven,Collins,LB,ARI,Active
13101,Gage Larvadain,Gage,Larvadain,WR,CLE,Active
13953,Nate Evans,Nate,Evans,CB,CLE,Active
2970,Floyd Raven,Floyd,Raven,SS,,Inactive
13814,Nick Andersen,Nick,Andersen,DB,LAR,Active
4646,Shane Smith,Shane,Smith,FB,,Inactive
3093,Teryl Austin,Teryl,Austin,,,Inactive
6642,Terrence Alexander,Terrence,Alexander,CB,,Active
4737,Jordan Simone,Jordan,Simone,SS,,Active
197,Andy Studebaker,Andy,Studebaker,LB,,Inactive
8037,Josiah Bronson,Josiah,Bronson,DT,,Active
5546,Kyle Meadows,Kyle,Meadows,OT,,Inactive
1853,IK Enemkpali,IK,Enemkpali,LB,,Inactive
6508,Anthony Stubbs,Anthony,Stubbs,OLB,,Active
12626,Jaylin Smith,Jaylin,Smith,CB,HOU,Active
11926,Owen Porter,Owen,Porter,DL,,Active
6852,Trey Adams,Trey,Adams,OT,,Inactive
12061,Noah Cain,Noah,Cain,RB,,Active
3582,Chester Rogers,Chester,Rogers,WR,,Active
6082,Corbin Kaufusi,Corbin,Kaufusi,OL,,Active
7310,Mike Panasiuk,Mike,Panasiuk,DT,,Active
5059,Rasheem Green,Rasheem,Green,DE,,Active
8872,Don Gardner,Don,Gardner,CB,,Active
1249,Terrell Manning,Terrell,Manning,ILB,,Inactive
11631,Brian Thomas,Brian,Thomas,WR,JAX,Active
1791,Karim Barton,Karim,Barton,G,,Active
5358,Anthony Manzo-Lewis,Anthony,Manzo-Lewis,TE,,Active
11523,Cody Chrest,Cody,Chrest,WR,,Active
8314,Jalen Pitre,Jalen,Pitre,DB,HOU,Active
11021,Desjuan Johnson,Desjuan,Johnson,DT,LAR,Active
2760,Travis Raciti,Travis,Raciti,NT,,Active
12212,Austin Stogner,Austin,Stogner,TE,,Active
12261,Nelson Paul,Nelson,Paul,DE,,Active
11710,Calen Bullock,Calen,Bullock,DB,HOU,Active
2113,Pat O'Donnell,Pat,O'Donnell,P,,Active
3224,Mackensie Alexander,Mackensie,Alexander,CB,,Inactive
13700,James Brockermeyer,James,Brockermeyer,C,ATL,Active
535,T.J. Ward,T.J.,Ward,FS,,Injured Reserve
1054,Stephen Hill,Stephen,Hill,WR,,Inactive
3212,Kalan Reed,Kalan,Reed,CB,,Inactive
4845,Antonio Crawford,Antonio,Crawford,CB,,Active
5892,David Montgomery,David,Montgomery,RB,HOU,Active
5660,Frank Herron,Frank,Herron,DE,,Active
305,Justin Smith,Justin,Smith,DT,,Inactive
2559,E.J. Bibbs,E.J.,Bibbs,TE,,Injured Reserve
2514,Kennard Backman,Kennard,Backman,TE,,Inactive
2470,Damian Swann,Damian,Swann,CB,,Inactive
5675,Ed Shockley,Ed,Shockley,LB,,Active
6638,Tommy Doles,Tommy,Doles,OT,,Active
4627,Avery Gennesy,Avery,Gennesy,G,,Inactive
1836,Cam Fleming,Cam,Fleming,T,,Active
163,Andrew McDonald,Andrew,McDonald,OT,,Inactive
12223,Andrew Parker,Andrew,Parker,LB,,Active
2026,George Atkinson,George,Atkinson,RB,,Inactive
5353,Dimitri Flowers,Dimitri,Flowers,FB,,Inactive
11286,Harris LaChance,Harris,LaChance,OG,,Active
8759,Kadofi Wright,Kadofi,Wright,LB,,Active
8086,James Smith,James,Smith,P,,Active
2105,Brandon Dunn,Brandon,Dunn,NT,,Active
12348,Jasper Parks,Jasper,Parks,OL,,Active
3600,Channing Ward,Channing,Ward,DT,,Inactive
4352,Donald Payne,Donald,Payne,LB,,Active
2477,Cameron Artis-Payne,Cameron,Artis-Payne,RB,,Inactive
12701,Kobe King,Kobe,King,LB,NYJ,Inactive
12407,BJ Davis,BJ,Davis,LB,,Active
3521,Alex Balducci,Alex,Balducci,G,,Inactive
6197,Durval Queiroz Neto,Durval,Queiroz Neto,G,MIA,Active
8337,Haskell Garrett,Haskell,Garrett,DL,,Active
2742,Nick Marshall,Nick,Marshall,CB,,Inactive
6084,Hjalte Froholdt,Hjalte,Froholdt,G,ARI,Active
13374,Kayden McDonald,Kayden,McDonald,DL,HOU,Active
4220,Jayon Brown,Jayon,Brown,LB,,Inactive
2141,Corey Linsley,Corey,Linsley,C,,Active
1768,K Browner,K,Browner,DE,,Inactive
6020,Te'von Coney,Te'von,Coney,LB,,Active
8572,Andrew Parchment,Andrew,Parchment,WR,,Active
5749,Kyle Wilson,Kyle,Wilson,OLB,,Inactive
13681,Kaidon Salter,Kaidon,Salter,QB,,Active
13941,Omari Kelly,Omari,Kelly,WR,CHI,Active
3806,Trip Thurman,Trip,Thurman,G,,Inactive
161,Wes Horton,Wes,Horton,DE,,Injured Reserve
2902,Hutson Mason,Hutson,Mason,,,Active
1577,Kevin Minter,Kevin,Minter,LB,,Active
1774,Deon Lacey,Deon,Lacey,LB,,Active
3369,Elandon Roberts,Elandon,Roberts,LB,,Active
5157,Alec James,Alec,James,DE,,Active
6007,Ryquell Armstead,Ryquell,Armstead,RB,,Active
3783,Paul Turner,Paul,Turner,WR,,Inactive
2989,Kitt O'Brien,Kitt,O'Brien,G,,Active
33,Kenny Phillips,Kenny,Phillips,SS,,Inactive
1160,Tahir Whitehead,Tahir,Whitehead,LB,,Active
4327,Colin Jeter,Colin,Jeter,TE,,Inactive
6224,Drew Forbes,Drew,Forbes,OG,,Active
1287,Kai Forbath,Kai,Forbath,K,,Inactive
3775,John Depalma,John,Depalma,LS,,Inactive
2644,Terrance Plummer,Terrance,Plummer,LB,,Inactive
909,Mark Herzlich,Mark,Herzlich,LB,,Inactive
7031,Ray Lima,Ray,Lima,DT,,Active
768,Scott Chandler,Scott,Chandler,TE,,Inactive
3049,Terry Poole,Terry,Poole,OT,,Active
5210,Korey Robertson,Korey,Robertson,WR,,Active
3355,Cody Core,Cody,Core,WR,,Active
13162,Maximilian Mang,Maximilian,Mang,TE,,Active
14025,Peter Manuma,Peter,Manuma,DB,NE,Active
4365,Darrin Laufasa,Darrin,Laufasa,FB,,Active
2441,David Cobb,David,Cobb,RB,,Inactive
12130,Steele Chambers,Steele,Chambers,LB,,Active
10965,Warren McClendon,Warren,McClendon,OL,LAR,Active
458,Justin Forsett,Justin,Forsett,RB,,Inactive
2118,Eric Ebron,Eric,Ebron,TE,PIT,Inactive
11668,Byron Murphy,Byron,Murphy,DL,SEA,Active
7095,Austin MacGinnis,Austin,MacGinnis,K,,Active
7081,James Morgan,James,Morgan,QB,,Active
8907,Jack Coco,Jack,Coco,LS,,Active
4870,Brian Flores,Brian,Flores,,,Inactive
5689,Josh Fatu,Josh,Fatu,DT,,Active
6755,Tavonn Salter,Tavonn,Salter,WR,,Inactive
2000,Lamin Barrow,Lamin,Barrow,LB,,Inactive
2419,Jamil Douglas,Jamil,Douglas,OL,,Active
8787,Ben Brown,Ben,Brown,OG,NE,Active
13178,Virgil Lemons,Virgil,Lemons,DB,,Active
13650,Bryan Thomas,Bryan,Thomas,DE,JAX,Active
6290,Scotty Miller,Scotty,Miller,WR,CHI,Active
13150,Darius Cooper,Darius,Cooper,WR,PHI,Active
2773,Tyler Murphy,Tyler,Murphy,WR,,Inactive
2546,Darryl Roberts,Darryl,Roberts,CB,,Active
11207,Jason Lewan,Jason,Lewan,DL,,Active
8261,Jack Jones,Jack,Jones,DB,SF,Active
5692,Ryan Santoso,Ryan,Santoso,K,,Active
4477,Paul Magloire,Paul,Magloire,ILB,,Inactive
7878,Milo Eifler,Milo,Eifler,LB,,Active
8780,Clarence Hicks,Clarence,Hicks,LB,,Active
10978,Darrell Luter,Darrell,Luter,CB,SF,Active
13951,Nathan Voorhis,Nathan,Voorhis,DE,NYJ,Active
11186,Carlos Washington,Carlos,Washington,RB,MIA,Active
11302,Maalik Hall,Maalik,Hall,LB,,Inactive
6337,Johnny Dwight,Johnny,Dwight,NT,,Active
11583,Jonathon Brooks,Jonathon,Brooks,RB,CAR,Active
13710,Gabriel Plascencia,Gabriel,Plascencia,K,,Active
6463,Lawrence Marshall,Lawrence,Marshall,DL,,Active
10914,Daiyan Henley,Daiyan,Henley,LB,LAC,Active
13198,D'Eryk Jackson,D'Eryk,Jackson,LB,,Active
2538,Gerod Holliman,Gerod,Holliman,FS,,Active
262,Evan Mathis,Evan,Mathis,G,,Inactive
13243,Thor Griffith,Thor,Griffith,DT,,Active
7396,Devin Phelps,Devin,Phelps,WR,,Active
5127,Kyle Allen,Kyle,Allen,QB,BUF,Active
2667,Harold Jones-Quartey,Harold,Jones-Quartey,SS,,Inactive
11447,Kris Leach,Kris,Leach,TE,,Active
12362,Johnny Hudson,Johnny,Hudson,DT,,Active
12391,Kenny Dyson,Kenny,Dyson,LB,,Active
12497,Tory Horton,Tory,Horton,WR,SEA,Active
7728,James Hudson,James,Hudson,OT,NE,Active
5408,Sergio Bailey,Sergio,Bailey,WR,,Active
12469,Dylan Sampson,Dylan,Sampson,RB,CLE,Active
3020,Dan Light,Dan,Light,TE,,Active
2879,Isiah Ferguson,Isiah,Ferguson,WR,,Active
5285,Ross Dwelley,Ross,Dwelley,TE,,Active
5840,Josh Hines-Allen,Josh,Hines-Allen,DE,JAX,Active
13857,Bryce Phillips,Bryce,Phillips,DB,KC,Active
6793,Tristan Wirfs,Tristan,Wirfs,T,TB,Active
1603,Luke Willson,Luke,Willson,TE,,Injured Reserve
6213,Trey Pipkins,Trey,Pipkins,T,LAC,Active
207,Donald Penn,Donald,Penn,OT,,Injured Reserve
4280,Stevie Tu'ikolovatu,Stevie,Tu'ikolovatu,NT,,Active
12846,Fentrell Cypress,Fentrell,Cypress,CB,,Active
2930,Justin Tukes,Justin,Tukes,TE,,Active
4931,Austin Appleby,Austin,Appleby,QB,,Active
12429,Kohl Levao,Kohl,Levao,OL,NYJ,Active
2299,Kevin Fogg,Kevin,Fogg,CB,,Inactive
8373,Jaylen Watson,Jaylen,Watson,DB,LAR,Active
12736,Kitan Crawford,Kitan,Crawford,DB,ARI,Active
13959,Ayden Garnes,Ayden,Garnes,DB,TB,Active
10980,SirVocea Dennis,SirVocea,Dennis,LB,TB,Active
3923,Franky Okafor,Franky,Okafor,WR,,Inactive
13391,Jake Golday,Jake,Golday,LB,MIN,Active
5078,Davontae Harris,Davontae,Harris,CB,,Active
12574,Abdul Carter,Abdul,Carter,DL,NYG,Active
4331,Rigoberto Sanchez,Rigoberto,Sanchez,P,IND,Active
1959,Julius Warmsley,Julius,Warmsley,DT,,Inactive
7019,Chauncey Rivers,Chauncey,Rivers,LB,,Active
8697,Kevin Shaa,Kevin,Shaa,WR,,Active
13291,Kejon Owens,Kejon,Owens,RB,,Active
2862,Tony Johnson,Tony,Johnson,K,,Inactive
13336,Dane Key,Dane,Key,WR,DEN,Active
4824,Duplicate Player,Duplicate,Player,CB,,Inactive
12011,Demani Richardson,Demani,Richardson,DB,CAR,Active
13138,Tommy McCormick,Tommy,McCormick,DB,,Active
12023,Rason Williams,Rason,Williams,DL,,Active
967,Robert Quinn,Robert,Quinn,LB,,Active
12933,Caden Prieskorn,Caden,Prieskorn,TE,CAR,Active
4156,Nico Siragusa,Nico,Siragusa,G,,Inactive
12681,Carson Vinson,Carson,Vinson,OT,BAL,Active
4274,David Moore,David,Moore,WR,CAR,Active
13179,Ja'seem Reed,Ja'seem,Reed,WR,CAR,Active
2572,Justin Coleman,Justin,Coleman,CB,,Active
395,Michael Mitchell,Michael,Mitchell,FS,,Inactive
1332,Ifeanyi Momah,Ifeanyi,Momah,WR,,Inactive
2116,Brock Vereen,Brock,Vereen,FS,,Inactive
8217,Leddie Brown,Leddie,Brown,RB,,Active
1147,James Hanna,James,Hanna,TE,,Inactive
12461,Player Invalid,Player,Invalid,WR,,Inactive
1472,D.J. Hayden,D.J.,Hayden,CB,WAS,Active
13530,J.C. Davis,J.C.,Davis,OT,NYG,Active
6235,Kyle Phillips,Kyle,Phillips,DT,,Active
6845,Zack Moss,Zack,Moss,RB,,Active
7036,Terrell Burgess,Terrell,Burgess,DB,NO,Active
3748,Pace Murphy,Pace,Murphy,OT,,Inactive
370,Nate Washington,Nate,Washington,WR,,Inactive
6541,Keegan Render,Keegan,Render,C,,Active
6676,Juwon Young,Juwon,Young,OLB,,Active
3897,Paul Lang,Paul,Lang,TE,,Inactive
13568,Tommy Doman,Tommy,Doman,P,BUF,Active
6961,Harrison Hand,Harrison,Hand,CB,,Active
11366,Chris Coleman,Chris,Coleman,WR,,Active
1390,Cobi Hamilton,Cobi,Hamilton,WR,,Inactive
13834,Cody Hardy,Cody,Hardy,TE,NO,Active
7417,James Lockhart,James,Lockhart,LB,,Active
6535,Nate Becker,Nate,Becker,TE,,Inactive
11711,Caedan Wallace,Caedan,Wallace,OL,NE,Active
2543,Trent Brown,Trent,Brown,OL,HOU,Active
13425,Jalon Daniels,Jalon,Daniels,QB,TB,Active
12737,Jay Toia,Jay,Toia,DT,DAL,Active
5150,Heath Harding,Heath,Harding,CB,ATL,Active
13613,Tyreek Chappell,Tyreek,Chappell,CB,MIN,Active
4422,Andrew Jelks,Andrew,Jelks,OT,,Active
4305,Tyler Renew,Tyler,Renew,RB,,Active
6808,Josh Jones,Josh,Jones,OL,SEA,Active
3935,Alex Chisum,Alex,Chisum,WR,,Inactive
2876,Ed Williams,Ed,Williams,WR,,Inactive
3569,Denzell Perine,Denzell,Perine,DE,,Active
11164,Rashad Torrence,Rashad,Torrence,DB,,Active
2384,Eli Harold,Eli,Harold,LB,,Inactive
12627,Dylan Fairchild,Dylan,Fairchild,OL,CIN,Active
11639,Player Invalid,Player,Invalid,WR,,Inactive
246,Darren Sproles,Darren,Sproles,RB,,Injured Reserve
13699,Prince Dorbah,Prince,Dorbah,DL,,Active
1016,Brian De La Puente,Brian,De La Puente,C,,Inactive
8772,Tanner Owen,Tanner,Owen,OL,,Inactive
1453,Lerentee McCray,Lerentee,McCray,DE,,Active
8758,Kana'i Mauga,Kana'i,Mauga,LB,,Active
4231,Caleb Brantley,Caleb,Brantley,DE,,Inactive
178,Matt Schaub,Matt,Schaub,QB,,Injured Reserve
4612,Rickey Hatley,Rickey,Hatley,DT,,Inactive
8187,CJ Verdell,CJ,Verdell,RB,,Active
8219,Jelani Woods,Jelani,Woods,TE,NYJ,Active
2268,Rashaun Allen,Rashaun,Allen,TE,,Injured Reserve
3160,Jalen Ramsey,Jalen,Ramsey,CB,PIT,Active
4312,Kevin Davis,Kevin,Davis,ILB,,Inactive
5455,Alex Thompson,Alex,Thompson,C,,Active
13914,Devyn Perkins,Devyn,Perkins,DB,LV,Active
4489,Gehrig Dieter,Gehrig,Dieter,WR,,Active
5715,R.J. Prince,R.J.,Prince,OG,,Active
1164,Rueben Randle,Rueben,Randle,WR,,Injured Reserve
3818,Pete Robertson,Pete,Robertson,OLB,,Active
7603,Shi Smith,Shi,Smith,WR,,Active
3123,Mike Smith,Mike,Smith,,,Inactive
11032,DJ Ivey,DJ,Ivey,CB,CIN,Active
11771,Chau Smith-Wade,Chau,Smith-Wade,DB,CAR,Active
MIA,,Miami,Dolphins,DEF,MIA,
7751,Dax Milne,Dax,Milne,WR,,Active
5149,Emmanuel Smith,Emmanuel,Smith,LB,,Active
8052,Donte Sylencieux,Donte,Sylencieux,WR,,Inactive
2098,Morgan Moses,Morgan,Moses,OL,NE,Active
8731,Shemar Bridges,Shemar,Bridges,WR,,Active
5463,Mark Thompson,Mark,Thompson,RB,,Active
5563,Eddy Wilson,Eddy,Wilson,DT,,Active
2126,Caraun Reid,Caraun,Reid,DT,LAC,Active
7935,Eli Stove,Eli,Stove,WR,,Inactive
8377,Tycen Anderson,Tycen,Anderson,DB,DEN,Active
13297,Reggie Virgil,Reggie,Virgil,WR,ARI,Active
6928,Kindle Vildor,Kindle,Vildor,DB,NE,Active
3,David Harris,David,Harris,LB,,Inactive
6618,Isaiah Searight,Isaiah,Searight,TE,,Active
6488,Kalil Morris,Kalil,Morris,DT,,Active
3610,Givens Price,Givens,Price,G,,Inactive
5046,Royce Freeman,Royce,Freeman,RB,,Active
4621,Caleb Bluiett,Caleb,Bluiett,TE,,Active
13583,Ethan Onianwa,Ethan,Onianwa,G,ATL,Active
12945,Alexander Williams,Alexander,Williams,DL,,Active
5930,Jaquan Johnson,Jaquan,Johnson,DB,,Active
8309,Damone Clark,Damone,Clark,LB,DET,Active
7075,Charlie Woerner,Charlie,Woerner,TE,ATL,Active
13573,Quintayvious Hutchins,Quintayvious,Hutchins,DE,NE,Active
1329,Chris Hogan,Chris,Hogan,WR,,Injured Reserve
1207,Quinton Pointer,Quinton,Pointer,FS,,Inactive
12502,Gunnar Helm,Gunnar,Helm,TE,TEN,Active
3305,Caleb Benenoch,Caleb,Benenoch,OL,,Active
14042,Tamon Lynum,Tamon,Lynum,DB,PIT,Active
7167,Adam Shuler,Adam,Shuler,DE,,Active
5662,A.J. Moore,A.J.,Moore,DB,,Active
12783,Donovan McMillon,Donovan,McMillon,DB,CLE,Active
8765,Zyon Gilbert,Zyon,Gilbert,DB,,Active
7571,Rashod Bateman,Rashod,Bateman,WR,BAL,Active
8783,Kendric Pryor,Kendric,Pryor,WR,CIN,Active
5553,Darius James,Darius,James,G,,Active
5652,Ian Park,Ian,Park,G,,Inactive
13625,Keli Lawson,Keli,Lawson,LB,,Active
8365,Kyler Gordon,Kyler,Gordon,DB,CHI,Active
635,Mike Iupati,Mike,Iupati,G,,Injured Reserve
4682,Randy Allen,Randy,Allen,OLB,,Active
6728,Jackson Harris,Jackson,Harris,TE,,Active
1307,Dan Herron,Dan,Herron,RB,,Inactive
5465,Nick Keizer,Nick,Keizer,TE,,Injured Reserve
4854,River Cracraft,River,Cracraft,WR,WAS,Active
1601,Spencer Ware,Spencer,Ware,RB,,Inactive
3694,Mikell Everette,Mikell,Everette,CB,,Inactive
7730,Darren Hall,Darren,Hall,CB,ATL,Active
4547,Nigel Williams,Nigel,Williams,DT,,Active
3888,Lucas Patrick,Lucas,Patrick,G,NYG,Active
2328,Shane Ray,Shane,Ray,LB,,Active
3080,Jeff Fisher,Jeff,Fisher,,,Inactive
5960,T.J. Edwards,T.J.,Edwards,LB,CHI,Active
2444,Martrell Spaight,Martrell,Spaight,LB,,Inactive
4875,James Bettcher,James,Bettcher,,,Inactive
8290,Sauce Gardner,Sauce,Gardner,DB,IND,Active
2526,Martin Ifedi,Martin,Ifedi,DE,,Active
2053,Jeremiah Sirles,Jeremiah,Sirles,G,,Injured Reserve
2783,Kenzel Doe,Kenzel,Doe,WR,,Active
6292,Nick Allegretti,Nick,Allegretti,G,WAS,Active
4430,Jason Thompson,Jason,Thompson,SS,,Active
11876,Savion Jackson,Savion,Jackson,DE,,Active
13765,Stephen Hall,Stephen,Hall,CB,HOU,Active
14046,Reid Carrico,Reid,Carrico,LB,CLE,Active
7876,Michael Dwumfour,Michael,Dwumfour,DT,,Active
5197,Rico Gafford,Rico,Gafford,WR,,Active
12847,Robert McDaniel,Robert,McDaniel,CB,WAS,Active
7927,Grant Hermanns,Grant,Hermanns,OL,,Active
8841,Zach VanValkenburg,Zach,VanValkenburg,DE,,Active
13120,Jacoby Jones,Jacoby,Jones,WR,WAS,Active
11590,Jase McClellan,Jase,McClellan,RB,,Active
4332,Garrett Sickels,Garrett,Sickels,DE,,Inactive
6854,Curtis Weaver,Curtis,Weaver,DE,,Active
359,Alex Mack,Alex,Mack,C,,Active
3217,Jihad Ward,Jihad,Ward,DE,,Active
12210,Cole Burgess,Cole,Burgess,WR,PIT,Active
13577,Dallen Bentley,Dallen,Bentley,TE,DEN,Active
13357,Lance Mason,Lance,Mason,TE,SEA,Active
3887,Ben McCord,Ben,McCord,TE,,Inactive
13747,Khordae Sydnor,Khordae,Sydnor,DL,CLE,Active
10979,Olu Oluwatimi,Olu,Oluwatimi,C,SEA,Active
2664,Cariel Brooks,Cariel,Brooks,CB,,Inactive
4878,Brandon Zylstra,Brandon,Zylstra,WR,,Active
11780,Elijah Klein,Elijah,Klein,OG,TB,Active
2040,Scott Simonson,Scott,Simonson,TE,,Active
2761,Denzel Rice,Denzel,Rice,CB,,Inactive
5229,Henre' Toliver,Henre',Toliver,DB,,Inactive
12790,John Bullock,John,Bullock,LB,TB,Active
5866,Deionte Thompson,Deionte,Thompson,DB,,Active
13112,Jordan Wright,Jordan,Wright,DB,,Active
5975,Alize Mack,Alize,Mack,TE,,Active
12993,Jah Joyner,Jah,Joyner,DE,,Active
12219,Trey Kiser,Trey,Kiser,LB,,Active
850,Bryan Braman,Bryan,Braman,LB,,Inactive
7206,Brandon Walton,Brandon,Walton,OT,ATL,Active
10873,Nolan Smith,Nolan,Smith,LB,PHI,Active
13993,Samuel Dankah,Samuel,Dankah,DL,,Active
5719,KeShun Freeman,KeShun,Freeman,OLB,,Active
8924,Thomas Odukoya,Thomas,Odukoya,TE,,Active
627,Andre Roberts,Andre,Roberts,WR,,Active
1002,Damon Cromartie-Smith,Damon,Cromartie-Smith,SS,,Inactive
13965,Kenneth Harris,Kenneth,Harris,CB,NE,Active
11615,Ainias Smith,Ainias,Smith,WR,CAR,Active
944,Matt Bosher,Matt,Bosher,P,,Active
6705,Taj McGowan,Taj,McGowan,RB,,Active
5030,Harold Landry,Harold,Landry,LB,NE,Active
11418,Taye Barber,Taye,Barber,WR,,Active
11306,Xavier Gipson,Xavier,Gipson,WR,NYG,Active
1600,Jared Smith,Jared,Smith,G,,Inactive
7820,Daelin Hayes,Daelin,Hayes,LB,,Active
4596,Tion Green,Tion,Green,RB,,Inactive
54,Tyvon Branch,Tyvon,Branch,SS,,Inactive
5927,Terry McLaurin,Terry,McLaurin,WR,WAS,Active
7134,Jordan Glasgow,Jordan,Glasgow,LB,,Active
7096,Kaleb Barker,Kaleb,Barker,QB,,Inactive
13572,Aiden Fisher,Aiden,Fisher,LB,HOU,Active
11702,Brandon Coleman,Brandon,Coleman,OL,WAS,Active
7554,Tre' McKitty,Tre',McKitty,TE,,Active
3086,Tom Coughlin,Tom,Coughlin,,,Inactive
6348,Del'Shawn Phillips,Del'Shawn,Phillips,LB,LAC,Active
12308,Samson Evans,Samson,Evans,RB,,Active
12381,Mike Edwards,Mike,Edwards,OL,,Active
6209,Ishmael Hyman,Ishmael,Hyman,WR,,Inactive
11937,David Nwaogwugwu,David,Nwaogwugwu,T,,Active
11449,Darius Joiner,Darius,Joiner,DB,,Active
5974,Trace McSorley,Trace,McSorley,QB,,Active
3313,LeShaun Sims,LeShaun,Sims,CB,,Inactive
12710,Jaylen Reed,Jaylen,Reed,DB,HOU,Active
2563,Tony Washington,Tony,Washington,OLB,,Active
14029,Johnny Pascuzzi,Johnny,Pascuzzi,TE,LAC,Active
7203,Antonio Williams,Antonio,Williams,RB,,Active
5618,Larry Rose,Larry,Rose,RB,,Inactive
4819,Keionta Davis,Keionta,Davis,DE,,Inactive
4199,Aaron Jones,Aaron,Jones,RB,MIN,Active
2184,Tre Boston,Tre,Boston,DB,,Active
4515,B.J. Johnson,B.J.,Johnson,WR,,Active
3755,Ruben Carter,Ruben,Carter,G,,Active
524,Kyle Wilson,Kyle,Wilson,CB,,Inactive
7027,Jared Mayden,Jared,Mayden,DB,,Active
2595,Tim Semisch,Tim,Semisch,TE,,Active
2015,Dee Ford,Dee,Ford,DE,,Active
4105,Jordan Willis,Jordan,Willis,DE,,Active
5636,Abdullah Anderson,Abdullah,Anderson,DE,,Active
5225,Marcell Frazier,Marcell,Frazier,DE,,Active
1785,James Winchester,James,Winchester,LS,KC,Active
4167,Zach Banner,Zach,Banner,T,PIT,Active
2427,Za'Darius Smith,Za'Darius,Smith,LB,,Active
6267,Dravon Askew-Henry,Dravon,Askew-Henry,SS,,Inactive
6449,Dorian Baker,Dorian,Baker,WR,,Active
685,Sammie Lee Hill,Sammie Lee,Hill,NT,,Inactive
6666,Noah Dawkins,Noah,Dawkins,LB,,Active
6156,Benny Snell,Benny,Snell,RB,,Active
4950,Christian Kirk,Christian,Kirk,WR,SF,Active
3995,Todd Downing,Todd,Downing,,,Inactive
6134,Gerald Willis,Gerald,Willis,NT,,Active
10913,Joey Porter,Joey,Porter,DB,PIT,Active
10958,Dylan Horton,Dylan,Horton,DL,HOU,Active
3150,Xavier Rush,Xavier,Rush,WR,,Active
13488,Kaleb Elarms-Orr,Kaleb,Elarms-Orr,LB,BUF,Active
6399,Kano Dillon,Kano,Dillon,TE,,Active
2339,Donovan Smith,Donovan,Smith,T,,Active
1777,Josh Hill,Josh,Hill,TE,,Injured Reserve
8644,Denzel Okafor,Denzel,Okafor,OL,,Active
2389,Jordan Hicks,Jordan,Hicks,LB,,Active
12472,Raheim Sanders,Raheim,Sanders,RB,CLE,Active
7420,Josh Hokit,Josh,Hokit,FB,,Active
1832,Billy Turner,Billy,Turner,OL,,Active
1665,Tobais Palmer,Tobais,Palmer,WR,,Inactive
3127,Brad Childress,Brad,Childress,,,Inactive
12865,AJ Henning,AJ,Henning,WR,MIA,Active
1769,Jeff Adams,Jeff,Adams,T,,Inactive
5707,Tyrin Holloway,Tyrin,Holloway,CB,,Active
8897,Liam Ryan,Liam,Ryan,T,,Active
13218,Michael Fletcher,Michael,Fletcher,DE,,Active
6950,Braden Mann,Braden,Mann,P,PHI,Active
5667,Elijah Nkansah,Elijah,Nkansah,OL,,Inactive
6837,Terrell Lewis,Terrell,Lewis,LB,,Active
11646,Jalen Coker,Jalen,Coker,WR,CAR,Active
7832,Daviyon Nixon,Daviyon,Nixon,DT,,Active
13316,Eric Rivers,Eric,Rivers,WR,TB,Active
4004,Chris Briggs,Chris,Briggs,TE,,Inactive
1594,Michael Bowie,Michael,Bowie,OT,,Inactive
12416,Ireland Brown,Ireland,Brown,OL,,Active
2507,Aaron Ripkowski,Aaron,Ripkowski,FB,,Inactive
11064,Isaac Darkangelo,Isaac,Darkangelo,LB,,Active
3096,Mike Shula,Mike,Shula,,,Inactive
5311,R.J. McIntosh,R.J.,McIntosh,DT,,Active
12336,Richard Jibunor,Richard,Jibunor,LB,,Active
4762,Dave Gettleman,Dave,Gettleman,,,Inactive
12936,Mason Miller,Mason,Miller,OL,DET,Active
13980,Parker Petersen,Parker,Petersen,DT,,Active
2061,Ben Gardner,Ben,Gardner,DE,,Inactive
2223,Charles Sims,Charles,Sims,RB,,Injured Reserve
4454,Kendrick Bourne,Kendrick,Bourne,WR,ARI,Active
13581,Jayden Williams,Jayden,Williams,OL,ARI,Active
1440,Bjoern Werner,Bjoern,Werner,LB,,Inactive
12318,Mase Funa,Mase,Funa,LB,,Active
284,Delanie Walker,Delanie,Walker,TE,,Active
8015,Carson Green,Carson,Green,OL,,Active
1610,Ryan Spadola,Ryan,Spadola,WR,,Inactive
2966,Nick Easton,Nick,Easton,G,,Active
13483,Jeremiah Wright,Jeremiah,Wright,G,NO,Active
11095,Shakel Brown,Shakel,Brown,DT,,Active
12498,Mason Taylor,Mason,Taylor,TE,NYJ,Active
13242,Lawrance Toafili,Lawrance,Toafili,RB,,Active
4085,Adam Shaheen,Adam,Shaheen,TE,,Inactive
12481,Cam Skattebo,Cam,Skattebo,RB,NYG,Active
3621,Jordan Williams-Lambert,Jordan,Williams-Lambert,WR,,Active
3113,Marvin Lewis,Marvin,Lewis,,,Inactive
6953,Qaadir Sheppard,Qaadir,Sheppard,LB,,Inactive
5589,Parker Cothren,Parker,Cothren,DT,,Active
2385,Alex Carter,Alex,Carter,CB,,Inactive
5532,Daniel Ekuale,Daniel,Ekuale,DT,,Active
5029,Josh Jackson,Josh,Jackson,DB,,Active
11001,Jarrick Bernard-Converse,Jarrick,Bernard-Converse,CB,NYG,Active
8912,Khalique Washington,Khalique,Washington,OL,,Inactive
3219,Jason Spriggs,Jason,Spriggs,OL,,Active
3880,M.J. McFarland,M.J.,McFarland,TE,,Active
4999,Josh Sweat,Josh,Sweat,DE,ARI,Active
10218,Xavier Hutchinson,Xavier,Hutchinson,WR,HOU,Active
7772,Phil Hoskins,Phil,Hoskins,DT,,Active
14060,Blake Cotton,Blake,Cotton,DB,,Inactive
2509,Andy Gallik,Andy,Gallik,C,,Injured Reserve
8019,Devontres Dukes,Devontres,Dukes,WR,,Active
2759,Nick Perry,Nick,Perry,FS,,Active
5313,Will Richardson,Will,Richardson,OL,,Active
12441,Chase Williams,Chase,Williams,CB,,Active
858,Anthony Castonzo,Anthony,Castonzo,T,,Injured Reserve
3964,Duplicate Player,Duplicate,Player,OT,,Inactive
12169,Reggie Brown,Reggie,Brown,WR,,Active
8933,Tucker Addington,Tucker,Addington,LS,MIA,Active
1722,Mike Remmers,Mike,Remmers,T,,Active
214,Osi Umenyiora,Osi,Umenyiora,OLB,,Inactive
11300,Guy Thomas,Guy,Thomas,DE,,Active
12850,Tyler Neville,Tyler,Neville,TE,,Active
6154,David Sills,David,Sills,WR,TB,Active
3425,D.J. Pettway,D.J.,Pettway,DE,,Active
6931,DeeJay Dallas,DeeJay,Dallas,RB,JAX,Active
10936,Ji'Ayir Brown,Ji'Ayir,Brown,DB,SF,Active
2597,Michael Dyer,Michael,Dyer,RB,,Active
11268,Justin Broiles,Justin,Broiles,DB,,Active
4101,Chris Wormley,Chris,Wormley,DT,,Active
4769,Tevin Floyd,Tevin,Floyd,LB,,Inactive
2731,Akeem Hunt,Akeem,Hunt,RB,,Inactive
7006,Jacob Phillips,Jacob,Phillips,LB,,Active
13745,Zion Washington,Zion,Washington,DB,CLE,Active
8819,Kevin Jarvis,Kevin,Jarvis,G,,Active
2704,Jonathan Anderson,Jonathan,Anderson,LB,,Inactive
13102,Brent Matiscik,Brent,Matiscik,LS,,Active
12321,J.D. Duplain,J.D.,Duplain,OL,,Active
1886,James Davidson,James,Davidson,ILB,,Inactive
5886,Hakeem Butler,Hakeem,Butler,TE,DEN,Active
11623,Jordan Whittington,Jordan,Whittington,WR,LAR,Active
11950,Rod Gattison,Rod,Gattison,CB,,Active
5915,Andy Isabella,Andy,Isabella,WR,,Active
6097,Jamal Custis,Jamal,Custis,WR,,Inactive
5900,Shareef Miller,Shareef,Miller,LB,,Active
7490,Bryan London,Bryan,London,LB,,Active
6855,Ashtyn Davis,Ashtyn,Davis,DB,SF,Active
11132,Divaad Wilson,Divaad,Wilson,CB,,Inactive
2145,Chase Rettig,Chase,Rettig,QB,,Inactive
12335,Travion Brown,Travion,Brown,LB,,Active
5325,Peter Kalambayi,Peter,Kalambayi,LB,GB,Active
6785,Jeff Okudah,Jeff,Okudah,CB,,Active
13236,Kam Alexander,Kam,Alexander,CB,,Active
6122,Jonah Williams,Jonah,Williams,T,,Active
2823,Rannell Hall,Rannell,Hall,WR,,Inactive
11681,Kingsley Suamataia,Kingsley,Suamataia,OL,KC,Active
3907,Kyler Kerbyson,Kyler,Kerbyson,OT,,Active
7158,Riley Neal,Riley,Neal,QB,,Active
6450,David Blough,David,Blough,QB,,Active
11488,Jerron Cage,Jerron,Cage,DT,,Active
5489,Kameron Kelly,Kameron,Kelly,FS,,Active
6997,Shaq Quarterman,Shaq,Quarterman,LB,,Active
6881,Matt Hennessy,Matt,Hennessy,OL,DAL,Inactive
8617,Sam Schlueter,Sam,Schlueter,OL,,Active
11981,Deion Jennings,Deion,Jennings,LB,,Active
5580,Frankie Luvu,Frankie,Luvu,LB,WAS,Active
7641,Pat Surtain,Pat,Surtain,CB,DEN,Active
3844,Aaron Epps,Aaron,Epps,OT,,Active
11781,Daequan Hardy,Daequan,Hardy,CB,PIT,Inactive
7055,Sewo Olonilua,Sewo,Olonilua,FB,,Active
123,Doug Free,Doug,Free,T,,Inactive
8723,Jake Julien,Jake,Julien,P,,Inactive
5721,Corey Bojorquez,Corey,Bojorquez,P,CLE,Active
2004,Cody Latimer,Cody,Latimer,WR,,Inactive
2549,Trevor Siemian,Trevor,Siemian,QB,,Active
8889,William Kwenkeu,William,Kwenkeu,LB,,Active
4620,Avery Williams,Avery,Williams,OLB,,Active
5481,Sean Welsh,Sean,Welsh,G,,Active
3733,Shakeel Rashad,Shakeel,Rashad,ILB,,Active
2147,Joe Thomas,Joe,Thomas,LB,,Active
8863,Kaylon Geiger,Kaylon,Geiger,WR,,Active
12663,Drew Kendall,Drew,Kendall,C,PHI,Active
4995,Ian Thomas,Ian,Thomas,TE,LV,Active
269,Pierre Garcon,Pierre,Garcon,WR,,Inactive
1064,Vontaze Burfict,Vontaze,Burfict,LB,,Active
6365,Carson Meier,Carson,Meier,TE,,Active
3139,Ted Thompson,Ted,Thompson,,,Inactive
6043,Amani Bledsoe,Amani,Bledsoe,DE,,Active
8627,Kekaula Kaniho,Kekaula,Kaniho,DB,,Active
2082,Xavier Grimble,Xavier,Grimble,TE,,Active
1843,Zach Moore,Zach,Moore,DE,,Inactive
11469,Barry Wesley,Barry,Wesley,OL,NO,Active
2513,Anthony Chickillo,Anthony,Chickillo,LB,,Injured Reserve
468,Ben Hartsock,Ben,Hartsock,TE,,Inactive
407,Will Beatty,Will,Beatty,OT,,Inactive
11718,Isaiah Adams,Isaiah,Adams,OL,ARI,Active
9225,Tank Bigsby,Tank,Bigsby,RB,PHI,Active
10935,Trenton Simpson,Trenton,Simpson,LB,BAL,Active
5371,Kentavius Street,Kentavius,Street,DT,CHI,Active
13500,Jadon Canady,Jadon,Canady,CB,KC,Active
4944,Takoby Cofield,Takoby,Cofield,G,,Active
7218,Cam Sutton,Cam,Sutton,TE,,Active
DET,,Detroit,Lions,DEF,DET,
7589,Ian Book,Ian,Book,QB,,Active
2857,Andrew Hudson,Andrew,Hudson,ILB,,Active
6063,Tyron Billy-Johnson,Tyron,Billy-Johnson,WR,,Active
4018,Joe Mixon,Joe,Mixon,RB,,Active
11692,Mike Hall,Mike,Hall,DT,CLE,Active
13227,Mitch Van Vooren,Mitch,Van Vooren,WR,NE,Active
13666,Austin Collins,Austin,Collins,OL,,Active
13411,Zavion Thomas,Zavion,Thomas,WR,CHI,Active
2319,DeVante Parker,DeVante,Parker,WR,,Active
11603,AJ Barner,AJ,Barner,TE,SEA,Active
13407,Carson Towt,Carson,Towt,TE,IND,Active
4295,Wil Freeman,Wil,Freeman,OT,,Active
5314,Logan Cooke,Logan,Cooke,P,JAX,Active
8332,Matthew Butler,Matthew,Butler,DL,MIA,Active
7433,Gavin Heslop,Gavin,Heslop,CB,,Active
6319,Tyree Kinnel,Tyree,Kinnel,SS,,Active
2555,Gerald Christian,Gerald,Christian,TE,,Inactive
4533,James Summers,James,Summers,RB,,Active
4721,Shakeir Ryan,Shakeir,Ryan,WR,,Active
2329,D.J. Humphries,D.J.,Humphries,OL,,Active
8094,Michael Jacobson,Michael,Jacobson,TE,,Active
2699,Cameron Meredith,Cameron,Meredith,WR,,Inactive
5317,Keion Crossen,Keion,Crossen,DB,,Active
2694,Carlos Thompson,Carlos,Thompson,LB,,Injured Reserve
3639,Duplicate Player,Duplicate,Player,WR,,Inactive
13348,J'Mari Taylor,J'Mari,Taylor,RB,JAX,Active
4229,Mason Schreck,Mason,Schreck,TE,,Active
5075,Ogbo Okoronkwo,Ogbo,Okoronkwo,LB,,Active
11863,Leon Johnson,Leon,Johnson,WR,,Active
12057,Maema Njongmeta,Maema,Njongmeta,LB,CAR,Active
12190,Jason Bean,Jason,Bean,QB,,Active
6438,Kelvin McKnight,Kelvin,McKnight,WR,,Active
3192,Artie Burns,Artie,Burns,DB,,Active
1257,Jonathan Martin,Jonathan,Martin,OT,,Inactive
175,Jordy Nelson,Jordy,Nelson,WR,,Injured Reserve
11100,Steven Jones,Steven,Jones,CB,,Active
2069,Ronald Patrick,Ronald,Patrick,C,,Active
BUF,,Buffalo,Bills,DEF,BUF,
1557,Johnthan Banks,Johnthan,Banks,CB,,Inactive
7071,JJ Molson,JJ,Molson,K,,Active
5421,B.J. Clay,B.J.,Clay,CB,,Active
8910,Jayln Holmes,Jayln,Holmes,DT,,Active
2039,Seth Roberts,Seth,Roberts,WR,,Inactive
5249,Andre Levrone,Andre,Levrone,WR,,Active
2326,Cedric Ogbuehi,Cedric,Ogbuehi,T,,Active
1214,Blair Walsh,Blair,Walsh,K,,Inactive
7888,Tavante Beckett,Tavante,Beckett,LB,,Active
3008,Matt Wile,Matt,Wile,P,,Active
12861,Ethan Robinson,Ethan,Robinson,DB,MIA,Active
7133,Isaiah Rodgers,Isaiah,Rodgers,CB,MIN,Active
8746,Benton Whitley,Benton,Whitley,DE,CLE,Active
12779,Christian Dowell,Christian,Dowell,NT,,Active
6324,Malik Gant,Malik,Gant,DB,,Active
6729,Ajene Harris,Ajene,Harris,DB,,Active
3548,Jamal Robinson,Jamal,Robinson,WR,,Active
7895,Mac McCain,Mac,McCain,CB,,Active
2294,Horace Miller,Horace,Miller,ILB,,Inactive
11923,Evan Anderson,Evan,Anderson,DL,,Active
11482,Clifford Chattman,Clifford,Chattman,DB,,Active
11484,Adrian Frye,Adrian,Frye,DB,,Active
9757,Kendre Miller,Kendre,Miller,RB,NO,Active
7670,Joshua Palmer,Joshua,Palmer,WR,BUF,Active
677,Darryl Tapp,Darryl,Tapp,DE,,Inactive
4867,Rick Smith,Rick,Smith,,,Inactive
7035,Kendrick Rogers,Kendrick,Rogers,WR,,Active
5565,Jason Cabinda,Jason,Cabinda,FB,,Active
1410,Jarvis Jones,Jarvis,Jones,LB,,Inactive
4592,Elijah Wilkinson,Elijah,Wilkinson,OL,ARI,Active
13784,Cameron Ball,Cameron,Ball,DT,IND,Active
4578,Erik Austell,Erik,Austell,G,,Active
13004,Willie Lampkin,Willie,Lampkin,OL,PHI,Active
1508,Khaseem Greene,Khaseem,Greene,ILB,,Inactive
11180,Corey Luciano,Corey,Luciano,OL,,Active
8289,Aidan Hutchinson,Aidan,Hutchinson,DL,DET,Active
6883,Lucas Niang,Lucas,Niang,OL,,Active
4369,Kent Perkins,Kent,Perkins,OT,,Inactive
1436,Justice Cunningham,Justice,Cunningham,TE,,Inactive
8625,Manny Jones,Manny,Jones,DT,,Active
5028,Duke Dawson,Duke,Dawson,CB,,Active
4103,Daeshon Hall,Daeshon,Hall,DE,,Active
13205,Luke Deal,Luke,Deal,TE,,Active
852,Shiloh Keo,Shiloh,Keo,SS,,Inactive
2229,Garrett Gilbert,Garrett,Gilbert,QB,,Active
3165,Les Snead,Les,Snead,,,Inactive
13371,Dillon Thieneman,Dillon,Thieneman,DB,CHI,Active
6741,Josh Smith,Josh,Smith,LB,,Inactive
4626,Amba Etta-Tawo,Amba,Etta-Tawo,WR,,Active
12591,Xavier Watts,Xavier,Watts,DB,ATL,Active
5796,Austin Wolf,Austin,Wolf,WR,,Inactive
5275,Jeff Badet,Jeff,Badet,WR,,Active
1928,Antonio Andrews,Antonio,Andrews,RB,,Inactive
2031,Justin Ellis,Justin,Ellis,DT,,Active
2461,Shaquille Riddick,Shaquille,Riddick,LB,,Inactive
11830,Kalen King,Kalen,King,CB,ARI,Active
7611,Rhamondre Stevenson,Rhamondre,Stevenson,RB,NE,Active
7649,Dayo Odeyingbo,Dayo,Odeyingbo,DE,CHI,Active
1330,Junior Hemingway,Junior,Hemingway,WR,,Inactive
3896,Benson Browne,Benson,Browne,TE,,Inactive
11043,Nesta Jade Silvera,Nesta Jade,Silvera,DT,,Active
2254,Asante Cleveland,Asante,Cleveland,TE,,Inactive
4099,Duke Riley,Duke,Riley,LB,,Active
11768,Christian Jones,Christian,Jones,OL,ARI,Active
5931,Blace Brown,Blace,Brown,CB,,Inactive
3411,Jordan Lomax,Jordan,Lomax,FS,,Active
12547,Kyle Williams,Kyle,Williams,WR,NE,Active
13469,Tacario Davis,Tacario,Davis,CB,CIN,Active
11933,Ben Nikkel,Ben,Nikkel,DB,IND,Active
5125,Damoun Patterson,Damoun,Patterson,WR,,Active
2017,Phillip Gaines,Phillip,Gaines,CB,,Active
2965,Darryl Baldwin,Darryl,Baldwin,OT,,Inactive
8101,Mark Vital,Mark,Vital,TE,,Active
3804,Darrin Peterson,Darrin,Peterson,WR,,Inactive
5686,Amari Coleman,Amari,Coleman,CB,,Active
2261,L.J. McCray,L.J.,McCray,SS,,Inactive
2662,Cameron Botticelli,Cameron,Botticelli,DE,,Active
3333,Temarrick Hemingway,Temarrick,Hemingway,TE,WAS,Active
1092,Sean Spence,Sean,Spence,LB,,Inactive
11086,Ivan Pace,Ivan,Pace,LB,MIN,Active
1075,Emmanuel Acho,Emmanuel,Acho,LB,,Inactive
4747,Stevie Donatell,Stevie,Donatell,TE,,Active
3674,Jordan Sefon,Jordan,Sefon,CB,,Inactive
6378,Miles Brown,Miles,Brown,NT,,Active
8714,Josh Blackwell,Josh,Blackwell,CB,CHI,Active
5505,Jacob Tuioti-Mariner,Jacob,Tuioti-Mariner,LB,,Active
314,Haloti Ngata,Haloti,Ngata,DT,,Injured Reserve
807,Jimmy Wilson,Jimmy,Wilson,SS,,Inactive
7509,Chris Owusu,Chris,Owusu,WR,,Inactive
12175,James Ester,James,Ester,DT,MIA,Active
3297,Tajae Sharpe,Tajae,Sharpe,WR,,Inactive
1138,Rod Streater,Rod,Streater,WR,,Inactive
5276,Tyler Hoppes,Tyler,Hoppes,TE,,Active
5807,Jaboree Williams,Jaboree,Williams,OLB,,Active
4239,De'Angelo Henderson,De'Angelo,Henderson,RB,,Inactive
6784,Derrick Brown,Derrick,Brown,DT,CAR,Active
11747,Jaylan Ford,Jaylan,Ford,LB,NO,Active
10925,Byron Young,Byron,Young,DL,PHI,Active
7473,Lee Autry,Lee,Autry,DT,,Active
12366,Salvatore Lupoli,Salvatore,Lupoli,LB,,Active
11857,Daijun Edwards,Daijun,Edwards,RB,,Active
7914,Jovan Grant,Jovan,Grant,DB,,Active
12207,Bryce Houston,Bryce,Houston,LB,,Active
1205,Rodney McLeod,Rodney,McLeod,DB,,Active
7686,Ambry Thomas,Ambry,Thomas,CB,PHI,Active
4766,Reggie Porter,Reggie,Porter,CB,,Inactive
13628,Niles King,Niles,King,LB,,Active
6656,Connor Strachan,Connor,Strachan,LB,HOU,Active
538,Emmanuel Sanders,Emmanuel,Sanders,WR,,Active
2042,Jeremiah Attaochu,Jeremiah,Attaochu,LB,,Active
4197,Isaiah McKenzie,Isaiah,McKenzie,WR,,Active
11423,Nelson Mbanasor,Nelson,Mbanasor,LB,,Active
5890,Damien Harris,Damien,Harris,RB,,Active
2221,Solomon Patton,Solomon,Patton,WR,,Inactive
9755,Player Invalid,Player,Invalid,RB,,Inactive
6594,Nick Moore,Nick,Moore,LS,BAL,Active
7165,Andrew Dickinson,Andrew,Dickinson,G,,Active
8687,Joshua Onujiogu,Joshua,Onujiogu,LB,,Active
8005,Tarik Black,Tarik,Black,WR,DET,Active
915,Roy Helu,Roy,Helu,RB,,Inactive
3111,Thomas Dimitroff,Thomas,Dimitroff,,,Inactive
6190,Keith Butler,Keith,Butler,LB,SEA,Active
8150,Kyren Williams,Kyren,Williams,RB,LAR,Active
PHI,,Philadelphia,Eagles,DEF,PHI,
4354,Maurquice Shakir,Maurquice,Shakir,G,,Inactive
12187,Malcolm Epps,Malcolm,Epps,TE,,Active
4706,Denzel Johnson,Denzel,Johnson,SS,,Active
8121,Romeo Doubs,Romeo,Doubs,WR,NE,Active
8123,Hassan Haskins,Hassan,Haskins,RB,,Active
1745,Patrick Scales,Patrick,Scales,LS,,Active
4355,Tim White,Tim,White,WR,,Inactive
7982,Dorian Etheridge,Dorian,Etheridge,LB,,Active
10903,Quan Martin,Quan,Martin,DB,WAS,Active
8455,Joshua Ezeudu,Joshua,Ezeudu,OL,NYG,Active
8033,Bernhard Seikovits,Bernhard,Seikovits,TE,,Active
2551,Josh Furman,Josh,Furman,SS,,Active
7961,Jose Borregales,Jose,Borregales,K,,Active
3364,Maurice Canady,Maurice,Canady,CB,,Active
3161,Carson Wentz,Carson,Wentz,QB,MIN,Active
6810,Andrew Thomas,Andrew,Thomas,T,NYG,Active
3735,Duke Thomas,Duke,Thomas,CB,,Active
188,Eli Manning,Eli,Manning,QB,,Active
8307,Neil Farrell,Neil,Farrell,DL,,Active
5111,Javon Wims,Javon,Wims,WR,,Active
5791,Gerald Holmes,Gerald,Holmes,RB,,Active
12705,Graham Mertz,Graham,Mertz,QB,HOU,Active
11460,Azizi Hearn,Azizi,Hearn,CB,,Active
12305,Aaron Frost,Aaron,Frost,OL,,Active
12073,Jett Johnson,Jett,Johnson,LB,,Active
7600,Pat Freiermuth,Pat,Freiermuth,TE,PIT,Active
8525,Mark Robinson,Mark,Robinson,LB,,Active
1882,John Urschel,John,Urschel,G,,Inactive
8527,Dareke Young,Dareke,Young,WR,LV,Active
11825,MJ Devonshire,MJ,Devonshire,DB,GB,Active
10904,Keion White,Keion,White,DL,SF,Active
13026,Moochie Dixon,Moochie,Dixon,WR,,Active
7493,De'Jon Harris,De'Jon,Harris,LB,,Active
2086,Weston Richburg,Weston,Richburg,C,,Injured Reserve
8406,Reed Blankenship,Reed,Blankenship,DB,HOU,Active
717,Chris Ivory,Chris,Ivory,RB,,Inactive
1857,Kerry Hyder,Kerry,Hyder,DE,,Active
6103,Kingsley Keke,Kingsley,Keke,DE,,Active
11199,Emari Demercado,Emari,Demercado,RB,KC,Active
6002,Qadree Ollison,Qadree,Ollison,RB,,Active
5821,Dan Quinn,Dan,Quinn,C,,Inactive
6689,Bryant Jones,Bryant,Jones,NT,,Active
2868,Cameron McLeod,Cameron,McLeod,DE,,Active
3325,Antwione Williams,Antwione,Williams,OLB,,Inactive
8701,Amari Carter,Amari,Carter,DB,,Active
12607,Jamon Johnson,Jamon,Johnson,LB,,Active
8602,Danny Davis,Danny,Davis,WR,,Active
6470,Mike Herndon,Mike,Herndon,G,,Active
8898,C.J. Brewer,C.J.,Brewer,DT,,Active
11645,Javon Baker,Javon,Baker,WR,,Active
4012,John Morton,John,Morton,,,Inactive
1115,Antwon Blake,Antwon,Blake,CB,,Inactive
4776,Duplicate Player,Duplicate,Player,OT,,Inactive
4465,Donavin Newsom,Donavin,Newsom,ILB,,Active
3002,Al Bond,Al,Bond,OT,,Inactive
3334,D.J. White,D.J.,White,CB,,Active
10984,Noah Sewell,Noah,Sewell,LB,CHI,Active
3767,Cedrick Lang,Cedrick,Lang,G,,Active
3952,C Palmer,C,Palmer,,,Inactive
12839,Corey Stewart,Corey,Stewart,OL,,Active
1404,Leon McFadden,Leon,McFadden,CB,,Inactive
1079,Tashaun Gipson,Tashaun,Gipson,DB,,Active
6286,Tim Harris,Tim,Harris,CB,,Active
2445,Adrian Amos,Adrian,Amos,DB,,Active
6316,Juwan Foggie,Juwan,Foggie,LB,,Active
64,Owen Daniels,Owen,Daniels,TE,,Inactive
13646,Jimto Obidegwu,Jimto,Obidegwu,OL,JAX,Active
5042,Deadrin Senat,Deadrin,Senat,DT,,Active
2672,Damarr Aultman,Damarr,Aultman,WR,,Active
12860,Theo Wease,Theo,Wease,WR,MIA,Active
3122,Ken Zampese,Ken,Zampese,,,Inactive
10975,Daniel Scott,Daniel,Scott,DB,IND,Active
223,Larry Fitzgerald,Larry,Fitzgerald,WR,,Inactive
331,Philip Rivers,Philip,Rivers,QB,,Active
12101,Marcellus Johnson,Marcellus,Johnson,OL,DAL,Active
6709,Abdul Beecham,Abdul,Beecham,G,,Active
11104,SaRodorick Thompson,SaRodorick,Thompson,RB,,Active
8561,Chris Owens,Chris,Owens,G,,Inactive
6113,Garrett Brumfield,Garrett,Brumfield,G,,Active
4056,Jabrill Peppers,Jabrill,Peppers,DB,,Active
5320,Kendall Donnerson,Kendall,Donnerson,DE,CAR,Inactive
7604,Tamorrion Terry,Tamorrion,Terry,WR,,Inactive
494,Jason Trusnik,Jason,Trusnik,LB,,Inactive
5168,Jordan Chunn,Jordan,Chunn,RB,,Inactive
98,Fred Davis,Fred,Davis,TE,,Inactive
601,Andrew Quarless,Andrew,Quarless,TE,,Inactive
12688,Cam Miller,Cam,Miller,QB,MIA,Active
898,David Arkin,David,Arkin,G,,Inactive
12716,Korie Black,Korie,Black,CB,NYG,Active
1314,Brad Smelley,Brad,Smelley,FB,,Inactive
3291,Blake Martinez,Blake,Martinez,LB,,Active
12072,Jacob Roberts,Jacob,Roberts,LB,MIN,Active
5830,Sam Eguavoen,Sam,Eguavoen,LB,,Active
8283,Brian Asamoah,Brian,Asamoah,LB,,Active
522,Vladimir Ducasse,Vladimir,Ducasse,G,,Inactive
509,John Jerry,John,Jerry,G,,Active
2520,Andre Debose,Andre,Debose,WR,,Inactive
3420,Alonzo Russell,Alonzo,Russell,WR,,Inactive
11724,Trevin Wallace,Trevin,Wallace,LB,CAR,Active
12456,Player Invalid,Player,Invalid,WR,,Inactive
3642,Ufomba Kamalu,Ufomba,Kamalu,OLB,,Active
4922,Garrett Scantling,Garrett,Scantling,WR,ATL,Active
3900,Nate Robinson,Nate,Robinson,,,Inactive
12486,Dillon Gabriel,Dillon,Gabriel,QB,CLE,Active
5831,Bryant Mitchell,Bryant,Mitchell,WR,,Inactive
5375,Jordan Whitehead,Jordan,Whitehead,DB,,Active
11014,Kei'Trel Clark,Kei'Trel,Clark,DB,ARI,Active
5226,Poona Ford,Poona,Ford,DT,LAR,Active
10212,Josh Whyle,Josh,Whyle,TE,GB,Active
11251,Shaka Heyward,Shaka,Heyward,LB,CIN,Active
11381,Travis Vokolek,Travis,Vokolek,TE,ARI,Active
112,Andy Lee,Andy,Lee,P,,Active
6391,Tyrell Thompson,Tyrell,Thompson,DT,,Active
4977,Isaiah Wynn,Isaiah,Wynn,OL,,Active
8937,Parker White,Parker,White,K,,Active
670,Kassim Osgood,Kassim,Osgood,WR,,Inactive
3624,Antonio Glover,Antonio,Glover,SS,,Active
8161,Malik Willis,Malik,Willis,QB,MIA,Active
4976,Daron Payne,Daron,Payne,DT,WAS,Active
5201,Terry Swanson,Terry,Swanson,RB,,Active
12032,Travian Blaylock,Travian,Blaylock,DB,,Active
11476,Armani Marsh,Armani,Marsh,DB,,Active
1559,Mike Glennon,Mike,Glennon,QB,,Active
8402,Jeff Gunter,Jeff,Gunter,LB,,Active
7557,Player Invalid,Player,Invalid,TE,,Inactive
1356,Dion Jordan,Dion,Jordan,DE,,Inactive
7977,Syrus Tuitele,Syrus,Tuitele,OG,,Active
7558,Whop Philyor,Whop,Philyor,WR,,Active
4951,DJ Chark,DJ,Chark,WR,,Active
722,Crezdon Butler,Crezdon,Butler,CB,,Inactive
11729,Sione Vaki,Sione,Vaki,RB,DET,Active
11483,Ellis Merriweather,Ellis,Merriweather,RB,,Active
8228,Jaylen Warren,Jaylen,Warren,RB,PIT,Active
120,Adam Vinatieri,Adam,Vinatieri,K,,Injured Reserve
7028,Armani Taylor-Prioleau,Armani,Taylor-Prioleau,T,,Active
4786,Jhajuan Seales,Jhajuan,Seales,WR,,Active
5774,Cam Serigne,Cam,Serigne,TE,,Active
8229,Isaiah Weston,Isaiah,Weston,WR,,Injured Reserve
10908,BJ Ojulari,BJ,Ojulari,DE,ARI,Active
12995,Tyreem Powell,Tyreem,Powell,LB,,Active
11562,Spencer Rattler,Spencer,Rattler,QB,NO,Active
12309,Andrew Chatfield,Andrew,Chatfield,DE,,Active
13728,Nick Dawkins,Nick,Dawkins,OL,BAL,Active
2599,Bronson Hill,Bronson,Hill,RB,,Inactive
7693,Chauncey Golston,Chauncey,Golston,DE,NYG,Active
8230,Ty Chandler,Ty,Chandler,RB,NO,Active
3066,Rob Chudzinski,Rob,Chudzinski,,,Inactive
8567,Khalan Tolson,Khalan,Tolson,LB,,Active
1983,Damian Copeland,Damian,Copeland,WR,,Inactive
13655,Jalen Stroman,Jalen,Stroman,DB,SF,Active
12326,Malik Langham,Malik,Langham,DL,,Active
1761,Daniel Adongo,Daniel,Adongo,LB,,Inactive
6011,Gardner Minshew,Gardner,Minshew,QB,ARI,Active
822,Tandon Doss,Tandon,Doss,WR,,Inactive
1107,Coby Fleener,Coby,Fleener,TE,,Inactive
470,Jerraud Powers,Jerraud,Powers,CB,,Inactive
5089,Mike White,Mike,White,QB,,Active
142,Tony Romo,Tony,Romo,QB,,Inactive
5584,Nick Callender,Nick,Callender,G,,Active
3296,Seth DeValve,Seth,DeValve,TE,,Inactive
SF,,San Francisco,49ers,DEF,SF,
7393,Sirgeo Hoffman,Sirgeo,Hoffman,RB,,Inactive
4453,Victor Bolden,Victor,Bolden,WR,,Active
12268,Colby Suits,Colby,Suits,QB,,Active
8386,Damarri Mathis,Damarri,Mathis,DB,CLE,Active
7422,Ronnell Perkins,Ronnell,Perkins,S,,Active
4680,Larry Clark,Larry,Clark,WR,,Active
8732,Raleigh Webb,Raleigh,Webb,WR,,Active
5640,Junior Joseph,Junior,Joseph,ILB,,Active
3921,Nick Truesdell,Nick,Truesdell,TE,,Active
6937,Khaleke Hudson,Khaleke,Hudson,LB,,Active
7581,Kellen Mond,Kellen,Mond,QB,,Active
5814,Frank Stephens,Frank,Stephens,WR,,Inactive
6136,Jarrett Stidham,Jarrett,Stidham,QB,DEN,Active
13644,Mason Shipley,Mason,Shipley,K,,Active
4749,Cameron Posey,Cameron,Posey,WR,,Active
8492,Sam Roberts,Sam,Roberts,DE,NYG,Active
13141,Seth Coleman,Seth,Coleman,LB,MIA,Active
4288,Chase Roullier,Chase,Roullier,C,,Active
13763,Javin Wright,Javin,Wright,LB,TB,Active
7447,Cale Garrett,Cale,Garrett,LB,,Active
6590,Michael Colubiale,Michael,Colubiale,TE,,Inactive
7173,Jalen McCleskey,Jalen,McCleskey,WR,,Active
13280,Chamon Metayer,Chamon,Metayer,TE,CAR,Active
5171,Kevin Rader,Kevin,Rader,TE,,Inactive
12494,Kyle McCord,Kyle,McCord,QB,GB,Active
6912,Davion Taylor,Davion,Taylor,LB,,Active
2478,Keith Mumphery,Keith,Mumphery,WR,,Inactive
8042,Chris Naggar,Chris,Naggar,K,,Active
2219,Patrick Murray,Patrick,Murray,K,,Inactive
13929,Sahmir Hagans,Sahmir,Hagans,WR,IND,Active
12200,Fabien Lovett,Fabien,Lovett,DL,,Active
6415,Donnell Greene,Donnell,Greene,OT,,Active
3492,Jalin Marshall,Jalin,Marshall,WR,,Inactive
158,Dave Zastudil,Dave,Zastudil,P,,Inactive
6825,Neville Gallimore,Neville,Gallimore,DT,CHI,Active
4942,Marcell Ateman,Marcell,Ateman,WR,,Active
5951,Isaiah Johnson,Isaiah,Johnson,CB,,Active
11626,Xavier Legette,Xavier,Legette,WR,CAR,Active
4146,Dede Westbrook,Dede,Westbrook,WR,,Active
11582,Carson Steele,Carson,Steele,RB,PHI,Active
6839,Jaylon Johnson,Jaylon,Johnson,DB,CHI,Active
12666,Kiko Mauigoa,Kiko,Mauigoa,LB,NYJ,Active
11637,Keon Coleman,Keon,Coleman,WR,BUF,Active
13224,Anthony Campbell,Anthony,Campbell,DT,GB,Active
7744,Antonio Nunn,Antonio,Nunn,WR,,Active
7141,Sterling Hofrichter,Sterling,Hofrichter,P,,Active
6693,Ketner Kupp,Ketner,Kupp,LB,,Active
11040,Jason Taylor,Jason,Taylor,DB,,Active
2196,Brandon Coleman,Brandon,Coleman,WR,,Physically Unable to Perform
91,Carson Palmer,Carson,Palmer,QB,,Injured Reserve
8927,Jalen McKenzie,Jalen,McKenzie,T,,Active
9489,Justin Shorter,Justin,Shorter,WR,LV,Inactive
13395,Keldric Faulk,Keldric,Faulk,DL,TEN,Active
8559,Josh Babicz,Josh,Babicz,TE,,Active
8480,Jamaree Salyer,Jamaree,Salyer,OL,MIA,Active
5116,Nick Bawden,Nick,Bawden,FB,,Active
11864,Zach Heins,Zach,Heins,TE,,Active
6860,Akeem Davis-Gaither,Akeem,Davis-Gaither,LB,IND,Active
1320,Ricky Lumpkin,Ricky,Lumpkin,NT,,Inactive
4242,Kofi Amichia,Kofi,Amichia,G,,Inactive
965,Jake McQuaide,Jake,McQuaide,LS,,Active
8695,Allie Green,Allie,Green,CB,,Active
2428,Vince Mayle,Vince,Mayle,TE,,Injured Reserve
2852,Markus Pierce-Brewster,Markus,Pierce-Brewster,DE,,Active
11573,Frank Gore,Frank,Gore,RB,BUF,Active
13408,Tanner Koziol,Tanner,Koziol,TE,JAX,Active
12817,Jake Briningstool,Jake,Briningstool,TE,KC,Active
1926,Jordan Zumwalt,Jordan,Zumwalt,OLB,,Inactive
5700,Robert Martin,Robert,Martin,RB,,Active
1878,AJ Pataiali'i,AJ,Pataiali'i,DT,,Inactive
8003,Dicaprio Bootle,Dicaprio,Bootle,DB,,Inactive
7288,Ben Ellefson,Ben,Ellefson,TE,,Active
11335,Bumper Pool,Bumper,Pool,LB,,Active
5498,Joseph Putu,Joseph,Putu,DB,,Active
5857,Noah Fant,Noah,Fant,TE,NO,Active
7871,Oscar Draguicevich,Oscar,Draguicevich,P,,Active
7128,John Penisini,John,Penisini,NT,,Active
3714,Charles Washington,Charles,Washington,DB,,Active
13066,Ben Sauls,Ben,Sauls,K,NYG,Active
12725,Luke Lachey,Luke,Lachey,TE,GB,Active
12500,Quinn Ewers,Quinn,Ewers,QB,MIA,Active
7973,Foster Sarell,Foster,Sarell,T,WAS,Active
6730,Jordan Ta'amu,Jordan,Ta'amu,QB,,Active
7395,Rashad Medaris,Rashad,Medaris,WR,,Active
1528,Nate Palmer,Nate,Palmer,LB,,Inactive
8103,Ryan Willis,Ryan,Willis,QB,,Active
3562,Tyvis Powell,Tyvis,Powell,SS,,Active
13549,Jackie Marshall,Jackie,Marshall,DE,TEN,Active
5561,Brad Lundblade,Brad,Lundblade,C,,Active
12747,Power Echols,Power,Echols,LB,,Active
11788,Christian Mahogany,Christian,Mahogany,OL,DET,Active
757,Clinton McDonald,Clinton,McDonald,DE,,Active
8394,Percy Butler,Percy,Butler,DB,WAS,Active
4543,Marcus Sayles,Marcus,Sayles,CB,,Active
6525,Demetrius Knox,Demetrius,Knox,G,,Active
1572,Alec Ogletree,Alec,Ogletree,LB,,Active
702,Arthur Moats,Arthur,Moats,LB,,Injured Reserve
11743,Justin Eboigbe,Justin,Eboigbe,DL,LAC,Active
1230,Jeremy Lane,Jeremy,Lane,CB,,Inactive
11726,Kamren Kinchens,Kamren,Kinchens,DB,LAR,Active
3132,Dick Lebeau,Dick,Lebeau,,,Inactive
6979,Damar Hamlin,Damar,Hamlin,S,,Inactive
13065,Ben Wooldridge,Ben,Wooldridge,QB,,Active
8688,Duplicate Player,Duplicate,Player,,,
491,Danny Amendola,Danny,Amendola,WR,,Active
11396,Brandon Pili,Brandon,Pili,DT,SEA,Active
5154,Trent Sherfield,Trent,Sherfield,WR,BUF,Active
3769,Tarow Barney,Tarow,Barney,NT,,Inactive
1218,Jamell Fleming,Jamell,Fleming,CB,,Inactive
5148,Dewey Jarvis,Dewey,Jarvis,ILB,,Inactive
6735,Duplicate Player,Duplicate,Player,WR,,Inactive
5118,Tanner Lee,Tanner,Lee,QB,,Inactive
3347,Jake Rudock,Jake,Rudock,QB,,Injured Reserve
859,Ben Ijalana,Ben,Ijalana,T,,Inactive
1670,Lawrence Okoye,Lawrence,Okoye,DT,,Active
1831,Jordan Tripp,Jordan,Tripp,LB,,Inactive
4816,Christian French,Christian,French,OLB,,Active
3273,Malcolm Mitchell,Malcolm,Mitchell,WR,,Inactive
9224,Chase Brown,Chase,Brown,RB,CIN,Active
5352,Ryan Green,Ryan,Green,RB,,Inactive
13889,Levi Wentz,Levi,Wentz,WR,PIT,Active
6302,Kaden Elliss,Kaden,Elliss,LB,NO,Active
8544,Myron Cunningham,Myron,Cunningham,OL,,Inactive
12520,Xavier Restrepo,Xavier,Restrepo,WR,TEN,Active
992,Ricardo Lockette,Ricardo,Lockette,WR,,Inactive
1462,Sanders Commings,Sanders,Commings,CB,,Inactive
13624,Shaleak Knotts,Shaleak,Knotts,WR,,Active
8204,Bo Melton,Bo,Melton,WR,GB,Active
7851,Chandon Herring,Chandon,Herring,OL,,Active
11073,Thayer Thomas,Thayer,Thomas,WR,,Active
6561,Chris Brown,Chris,Brown,G,,Active
1294,Josh Chapman,Josh,Chapman,NT,,Inactive
1519,Larry Warford,Larry,Warford,G,,Active
13477,Colbie Young,Colbie,Young,WR,CIN,Active
12521,Elijah Arroyo,Elijah,Arroyo,TE,SEA,Active
7775,Thomas Graham,Thomas,Graham,DB,,Active
1080,John Hughes,John,Hughes,DT,,Inactive
1019,Brandon Browner,Brandon,Browner,CB,,Inactive
6296,Quinton Bell,Quinton,Bell,LB,SF,Active
6546,Kenny Bigelow,Kenny,Bigelow,DT,,Inactive
8873,Kyler McMichael,Kyler,McMichael,DB,,Active
11399,Garrett Nelson,Garrett,Nelson,LB,,Active
6357,Shawn Bane,Shawn,Bane,WR,,Active
11006,Ameer Speed,Ameer,Speed,CB,DAL,Active
2395,Carl Davis,Carl,Davis,DT,,Active
5094,Ryan Izzo,Ryan,Izzo,TE,,Active
4914,Glen Coffee,Glen,Coffee,RB,SF,Active
8754,Sebastian Gutierrez,Sebastian,Gutierrez,T,DAL,Active
8331,Otito Ogbonnia,Otito,Ogbonnia,DL,DAL,Active
1708,Peyton Thompson,Peyton,Thompson,FS,,Inactive
71,Jason Avant,Jason,Avant,WR,,Inactive
2864,Mike Reilly,Mike,Reilly,OLB,,Inactive
2472,David Mayo,David,Mayo,LB,,Active
7908,Eric Burrell,Eric,Burrell,DB,,Active
6169,James Williams,James,Williams,RB,,Active
5647,Grant Haley,Grant,Haley,DB,,Inactive
5862,Brian Burns,Brian,Burns,DE,NYG,Active
12479,Ja'Quinden Jackson,Ja'Quinden,Jackson,RB,,Active
2327,Bud Dupree,Bud,Dupree,LB,LAC,Active
8521,Faion Hicks,Faion,Hicks,CB,,Active
3739,Vernon Harris,Vernon,Harris,CB,,Active
5265,Nic Shimonek,Nic,Shimonek,QB,,Active
5012,Mark Andrews,Mark,Andrews,TE,BAL,Active
8027,Tre Harbison,Tre,Harbison,RB,,Active
8064,Max Roberts,Max,Roberts,LB,,Active
6229,Malik Carney,Malik,Carney,OLB,,Inactive
12484,Jayden Higgins,Jayden,Higgins,WR,HOU,Active
8234,Jaivon Heiligh,Jaivon,Heiligh,WR,,Active
2179,Marquis Spruill,Marquis,Spruill,OLB,,Inactive
5429,Jeremiah Kolone,Jeremiah,Kolone,OL,,Active
7595,Tylan Wallace,Tylan,Wallace,WR,CLE,Active
1776,Jeremiah Warren,Jeremiah,Warren,C,,Inactive
13645,Michael Wortham,Michael,Wortham,WR,JAX,Active
6074,Donald Parham,Donald,Parham,TE,,Active
2968,Julian Wilson,Julian,Wilson,CB,,Inactive
13404,Garrett Nussmeier,Garrett,Nussmeier,QB,KC,Active
5093,Sam Jones,Sam,Jones,G,,Active
1024,Ross Ventrone,Ross,Ventrone,SS,,Inactive
580,Nate Allen,Nate,Allen,FS,,Inactive
2593,Antwan Goodley,Antwan,Goodley,WR,,Inactive
13501,Gracen Halton,Gracen,Halton,DT,SF,Active
6308,Ian Bunting,Ian,Bunting,TE,,Active
11815,Cornelius Johnson,Cornelius,Johnson,WR,BAL,Active
4934,Jalen Williams,Jalen,Williams,WR,,Inactive
12077,Lincoln Victor,Lincoln,Victor,WR,,Active
4726,Nico Marley,Nico,Marley,LB,,Active
497,Brett Kern,Brett,Kern,P,,Active
1315,Jerry Franklin,Jerry,Franklin,ILB,,Inactive
978,Kendall Hunter,Kendall,Hunter,RB,,Inactive
6409,Quinn Bailey,Quinn,Bailey,OT,,Active
2093,Ryan Grant,Ryan,Grant,WR,,Active
5282,Duplicate Player,Duplicate,Player,WR,CHI,Inactive
10879,Calijah Kancey,Calijah,Kancey,DL,TB,Active
7518,Taylor Russolino,Taylor,Russolino,K,,Active
4419,Brooks Ellis,Brooks,Ellis,OLB,,Active
1828,Chris McCain,Chris,McCain,DE,,Injured Reserve
11285,Cole Coleman,Cole,Coleman,CB,,Active
11942,Colson Yankoff,Colson,Yankoff,TE,WAS,Active
5501,Lord Hyeamang,Lord,Hyeamang,DT,,Active
13436,Kentrel Bullock,Kentrel,Bullock,RB,CIN,Active
3202,Austin Hooper,Austin,Hooper,TE,ATL,Active
8763,Trenton Thompson,Trenton,Thompson,DB,,Active
3336,Moritz Bohringer,Moritz,Bohringer,TE,,Active
8612,Qwuantrezz Knight,Qwuantrezz,Knight,CB,WAS,Active
6794,Justin Jefferson,Justin,Jefferson,WR,MIN,Active
4427,Kenny Moore,Kenny,Moore,CB,,Active
5805,Jacob Ohnesorge,Jacob,Ohnesorge,C,,Active
6831,Raekwon Davis,Raekwon,Davis,DT,,Active
391,Ryan Succop,Ryan,Succop,K,,Active
7517,Duplicate Player,Duplicate,Player,WR,,Inactive
12345,Jaylen Mahoney,Jaylen,Mahoney,DB,,Active
1640,Mike Purcell,Mike,Purcell,NT,,Active
13878,Ka'ena De Cambra,Ka'ena,De Cambra,C,ARI,Active
12769,Clay Webb,Clay,Webb,OL,,Active
10906,JuJu Brents,JuJu,Brents,DB,MIA,Active
4255,Elijah Lee,Elijah,Lee,LB,,Active
2054,Colton Underwood,Colton,Underwood,DE,,Inactive
8580,Tyreek Maddox-Williams,Tyreek,Maddox-Williams,LB,,Active
6217,Blake Cashman,Blake,Cashman,LB,MIN,Active
12750,Jonathan Kim,Jonathan,Kim,K,,Active
6044,Alex Bars,Alex,Bars,OL,,Active
7247,George Obinna,George,Obinna,LB,,Active
10915,Ricky Stromberg,Ricky,Stromberg,OL,,Active
7942,Tyler Coyle,Tyler,Coyle,DB,,Active
11372,James Tunstall,James,Tunstall,OL,,Active
1442,Chris Banjo,Chris,Banjo,DB,,Inactive
5996,Porter Gustin,Porter,Gustin,DE,,Inactive
11347,Chase Cota,Chase,Cota,WR,,Active
2464,Neiron Ball,Neiron,Ball,LB,,Inactive
4946,Reese Dismukes,Reese,Dismukes,C,,Active
3956,Kelvin Fisher Jr,Kelvin,Fisher Jr,,,Inactive
7205,Marquel Harrell,Marquel,Harrell,G,,Active
5502,Mychealon Thomas,Mychealon,Thomas,DE,,Active
12722,Cody Lindenberg,Cody,Lindenberg,LB,LV,Active
617,Patrick Robinson,Patrick,Robinson,CB,,Injured Reserve
2529,Marcus Murphy,Marcus,Murphy,RB,,Inactive
2240,Deone Bucannon,Deone,Bucannon,LB,,Inactive
1331,Tony Jerod-Eddie,Tony,Jerod-Eddie,DT,,Inactive
1026,Bryce Brown,Bryce,Brown,RB,,Inactive
3662,Devonte Johnson,Devonte,Johnson,CB,,Active
11089,Jordan Byrd,Jordan,Byrd,WR,,Active
6568,Wyatt Miller,Wyatt,Miller,OT,,Active
2904,Issac Blakeney,Issac,Blakeney,WR,,Inactive
433,Christopher Owens,Christopher,Owens,CB,,Inactive
11377,Tyrell Shavers,Tyrell,Shavers,WR,BUF,Active
13942,Jaren Kump,Jaren,Kump,C,CHI,Active
4481,Terry Pegula,Terry,Pegula,,,Inactive
6416,Andrew Wingard,Andrew,Wingard,DB,ARI,Active
5827,Tevaughn Campbell,Tevaughn,Campbell,CB,,Active
8378,DaMarcus Fields,DaMarcus,Fields,DB,,Active
4269,Keion Adams,Keion,Adams,OLB,,Inactive
12432,Jacobi Francis,Jacobi,Francis,CB,,Active
2323,Marcus Peters,Marcus,Peters,CB,,Active
8635,Chandler Wooten,Chandler,Wooten,LB,,Active
392,Mike Vrabel,Mike,Vrabel,LB,,Inactive
8550,Tyler Johnson,Tyler,Johnson,DE,,Active
6173,Mitch Wishnowsky,Mitch,Wishnowsky,P,BUF,Active
11184,Daniel Arias,Daniel,Arias,WR,,Active
13614,Cam'Ron Stewart,Cam'Ron,Stewart,LB,MIN,Active
2810,Louis Trinca-Pasat,Louis,Trinca-Pasat,DT,,Inactive
3245,Shon Coleman,Shon,Coleman,OT,,Active
7400,Manasseh Bailey,Manasseh,Bailey,WR,,Active
6220,Cole Holcomb,Cole,Holcomb,LB,PIT,Active
13157,Reuben Lowery,Reuben,Lowery,DB,,Active
7988,Riley Lees,Riley,Lees,WR,,Active
4648,Nigel Tribune,Nigel,Tribune,CB,,Active
6322,Xavier Ubosi,Xavier,Ubosi,WR,,Inactive
11919,Lorenzo Thompson,Lorenzo,Thompson,OL,PIT,Active
12929,Brant Banks,Brant,Banks,OT,GB,Active
8411,Devon Allen,Devon,Allen,WR,,Active
4903,Jayrone Elliott,Jayrone,Elliott,LB,,Active
2611,Kasen Williams,Kasen,Williams,WR,,Inactive
10998,Jose Ramirez,Jose,Ramirez,DL,PHI,Active
3019,James Butler,James,Butler,WR,,Inactive
2943,Mark Weisman,Mark,Weisman,RB,,Active
803,Jonathan Freeny,Jonathan,Freeny,LB,,Inactive
1066,George Iloka,George,Iloka,DB,,Inactive
7992,Matt Bushman,Matt,Bushman,TE,,Active
7790,Stone Forsythe,Stone,Forsythe,T,CAR,Active
13441,Caleb Lomu,Caleb,Lomu,OT,NE,Active
5604,Quincy Redmon,Quincy,Redmon,CB,,Inactive
5654,Stephen Roberts,Stephen,Roberts,SS,,Active
2525,Bobby Hart,Bobby,Hart,T,SEA,Active
3753,Jordan Swindle,Jordan,Swindle,OT,,Inactive
11052,Jaylon Jones,Jaylon,Jones,DB,IND,Active
8739,Keir Thomas,Keir,Thomas,DE,LAR,Active
4496,Jordan Sterns,Jordan,Sterns,FS,,Active
11673,Joe Alt,Joe,Alt,OL,LAC,Active
3190,Darron Lee,Darron,Lee,LB,,Active
11804,Mekhi Wingo,Mekhi,Wingo,DT,DET,Active
662,Seneca Wallace,Seneca,Wallace,QB,,Inactive
8510,Russ Yeast,Russ,Yeast,DB,CIN,Active
8202,Michael Woods,Michael,Woods,WR,DEN,Inactive
1067,Marvin Jones,Marvin,Jones,WR,,Active
323,Jamaal Charles,Jamaal,Charles,RB,,Injured Reserve
2381,Chris Conley,Chris,Conley,WR,,Active
4557,Freddie Stevenson,Freddie,Stevenson,FB,,Active
2253,Kenneth Acker,Kenneth,Acker,CB,,Injured Reserve
5178,Sean Chandler,Sean,Chandler,DB,,Active
4857,Jimmy Haslam,Jimmy,Haslam,,,Inactive
14054,Derrick Graham,Derrick,Graham,OL,,Active
13715,Beau Gardner,Beau,Gardner,LS,CHI,Active
6152,Khari Willis,Khari,Willis,DB,,Active
11600,Ja'Tavion Sanders,Ja'Tavion,Sanders,TE,CAR,Active
4475,Sefo Liufau,Sefo,Liufau,QB,,Inactive
7650,Dillon Radunz,Dillon,Radunz,OL,NO,Active
2494,B.J. Dubose,B.J.,Dubose,DE,,Inactive
3532,Kenneth Farrow,Kenneth,Farrow,RB,,Inactive
673,Jason Campbell,Jason,Campbell,QB,,Inactive
3000,Olsen Pierre,Olsen,Pierre,DT,,Active
8497,Lecitus Smith,Lecitus,Smith,OL,,Active
2917,Brian Vogler,Brian,Vogler,TE,,Active
972,Patrick Peterson,Patrick,Peterson,CB,,Active
676,LeSean McCoy,LeSean,McCoy,RB,,Injured Reserve
12126,Isaac Rex,Isaac,Rex,TE,,Active
12713,Andy Borregales,Andy,Borregales,K,NE,Active
3403,Austin Blythe,Austin,Blythe,OL,,Active
3633,Kyle Peko,Kyle,Peko,DT,,Active
6553,Austin Walter,Austin,Walter,RB,,Active
4142,Nazair Jones,Nazair,Jones,DT,,Inactive
14014,John Miller,John,Miller,LB,,Active
5980,Myles Gaskin,Myles,Gaskin,RB,,Active
13774,Josh Gesky,Josh,Gesky,G,GB,Active
3979,Marty Mornhinweg,Marty,Mornhinweg,,,Inactive
1903,Taylor Gabriel,Taylor,Gabriel,WR,,Injured Reserve
13444,Monroe Freeling,Monroe,Freeling,OT,CAR,Active
13167,Nash Hutmacher,Nash,Hutmacher,DT,TB,Active
4963,Minkah Fitzpatrick,Minkah,Fitzpatrick,DB,NYJ,Active
9230,Tanner McKee,Tanner,McKee,QB,PHI,Active
5008,Durham Smythe,Durham,Smythe,TE,BAL,Active
2286,Andrew Furney,Andrew,Furney,K,,Inactive
3792,Demetrius Cherry,Demetrius,Cherry,DE,,Active
6445,James O'Hagan,James,O'Hagan,C,,Active
5785,James Butler,James,Butler,RB,,Active
11118,Brevin Allen,Brevin,Allen,LB,,Active
552,Ricardo Mathews,Ricardo,Mathews,DE,,Inactive
6628,Ventell Bryant,Ventell,Bryant,WR,,Active
2791,Carlif Taylor,Carlif,Taylor,DT,,Active
7788,Victor Dimukeje,Victor,Dimukeje,LB,,Active
3801,Vernon Adams,Vernon,Adams,,,Inactive
8665,Armani Rogers,Armani,Rogers,TE,,Active
11323,Isaiah Norman,Isaiah,Norman,DB,,Active
10651,Mohamed Ibrahim,Mohamed,Ibrahim,RB,,Active
2355,Ronald Darby,Ronald,Darby,CB,,Active
7910,Lawrence Woods,Lawrence,Woods,CB,,Active
4160,Josh Malone,Josh,Malone,WR,,Active
6269,Kyle Shurmur,Kyle,Shurmur,QB,,Active
6551,Darius Harris,Darius,Harris,LB,,Active
1704,Chase Reynolds,Chase,Reynolds,RB,,Inactive
2939,Javess Blue,Javess,Blue,WR,,Active
12454,Player Invalid,Player,Invalid,TE,,Inactive
5583,Craig James,Craig,James,CB,,Active
11307,Brent Laing,Brent,Laing,OL,,Active
7314,Dominik Eberle,Dominik,Eberle,K,,Active
782,Will Tukuafu,Will,Tukuafu,FB,,Inactive
8333,Alontae Taylor,Alontae,Taylor,DB,TEN,Active
4772,Dejaun Butler,Dejaun,Butler,CB,,Active
6105,Joe Giles-Harris,Joe,Giles-Harris,LB,CIN,Active
5056,Jerome Baker,Jerome,Baker,LB,,Active
12957,Corey Thornton,Corey,Thornton,CB,CAR,Active
8302,Smoke Monday,Smoke,Monday,DB,,Active
1129,Jeff Allen,Jeff,Allen,G,,Active
9754,Quentin Johnston,Quentin,Johnston,WR,LAC,Active
13992,Paul Manning,Paul,Manning,DB,,Active
11402,Jourdan Heilig,Jourdan,Heilig,LB,,Active
5334,Josey Jewell,Josey,Jewell,LB,,Active
3360,Jordan Lucas,Jordan,Lucas,DB,,Inactive
11705,Tykee Smith,Tykee,Smith,DB,TB,Active
7834,Jaylon Moore,Jaylon,Moore,OL,KC,Active
12632,Caleb Ransaw,Caleb,Ransaw,DB,JAX,Active
1499,Bacarri Rambo,Bacarri,Rambo,SS,,Inactive
3283,Jerald Hawkins,Jerald,Hawkins,OT,,Inactive
2437,Max Garcia,Max,Garcia,OL,,Active
7307,Tommy Townsend,Tommy,Townsend,P,TEN,Active
11513,Earl Bostick,Earl,Bostick,OL,,Active
5760,Josh Crockett,Josh,Crockett,WR,,Active
10881,Christian Gonzalez,Christian,Gonzalez,DB,NE,Active
7727,Cameron Sample,Cameron,Sample,DE,SF,Active
14018,Jordan Nubin,Jordan,Nubin,RB,,Active
4277,Adrian Colbert,Adrian,Colbert,DB,,Active
12184,Dalton Tucker,Dalton,Tucker,OL,IND,Active
4692,Tyson Graham,Tyson,Graham,SS,,Active
8803,Quandre Mosely,Quandre,Mosely,DB,,Active
5112,Bo Scarbrough,Bo,Scarbrough,RB,,Active
7507,Duplicate Player,Duplicate,Player,,,Inactive
5909,Hamp Cheevers,Hamp,Cheevers,CB,,Active
3680,Patrick Onwuasor,Patrick,Onwuasor,LB,,Active
NYG,,New York,Giants,DEF,NYG,
13892,Jeadyn Lukus,Jeadyn,Lukus,CB,TEN,Active
2431,Mike Davis,Mike,Davis,RB,,Active
1324,Edwin Baker,Edwin,Baker,RB,,Inactive
3147,Matt Dooley,Matt,Dooley,LS,,Inactive
13669,Derrell Bailey,Derrell,Bailey,OL,,Active
7724,Jabril Cox,Jabril,Cox,LB,,Inactive
11177,Avery Young,Avery,Young,DB,,Active
13288,Nicholas Singleton,Nicholas,Singleton,RB,TEN,Active
2752,Trent Steelman,Trent,Steelman,WR,,Active
1936,William Poehls,William,Poehls,OT,,Inactive
5800,Justin Stockton,Justin,Stockton,RB,,Active
13033,Zy Alexander,Zy,Alexander,CB,,Active
3125,Eric Mangini,Eric,Mangini,,,Inactive
4450,Jordan Simmons,Jordan,Simmons,G,,Active
5343,Quentin Poling,Quentin,Poling,LB,NO,Inactive
4607,Zach Conque,Zach,Conque,QB,,Active
7669,Paulson Adebo,Paulson,Adebo,CB,NYG,Active
4927,Deondre Barnett,Deondre,Barnett,DE,,Inactive
12652,Deone Walker,Deone,Walker,DT,BUF,Active
12363,Xavier Wade,Xavier,Wade,WR,,Active
7821,Garret Wallow,Garret,Wallow,LB,SF,Active
11888,Zamari Walton,Zamari,Walton,CB,,Active
4299,Andreas Knappe,Andreas,Knappe,OT,,Active
6120,Christian Wilkins,Christian,Wilkins,DT,,Active
6204,Cole Mazza,Cole,Mazza,LS,,Active
13867,Sean Brown,Sean,Brown,WR,,Active
11126,Michael Ezeike,Michael,Ezeike,TE,,Active
12970,Cam Riley,Cam,Riley,LB,,Active
348,Shonn Greene,Shonn,Greene,RB,,Inactive
8546,Jacobi Francis,Jacobi,Francis,DB,,Active
8906,Daniel Joseph,Daniel,Joseph,DE,,Active
8729,Chris Glaser,Chris,Glaser,G,DAL,Active
3981,Pepper Johnson,Pepper,Johnson,,,Inactive
8713,Josh Sills,Josh,Sills,OL,IND,Active
11336,Eku Leota,Eku,Leota,LB,ARI,Active
6453,D.J. Montgomery,D.J.,Montgomery,WR,,Active
5587,Chris Warren,Chris,Warren,RB,,Active
1162,Jayron Hosley,Jayron,Hosley,CB,,Inactive
12503,Isaiah Bond,Isaiah,Bond,WR,CLE,Active
4795,Siupeli Anau,Siupeli,Anau,DT,,Inactive
5708,Da'Sean Downey,Da'Sean,Downey,DE,,Active
7916,Paris Ford,Paris,Ford,DB,,Active
5235,David Wells,David,Wells,TE,,Active
TEN,,Tennessee,Titans,DEF,TEN,
5705,John Franklin,John,Franklin,WR,,Inactive
11607,Hayden Hatten,Hayden,Hatten,WR,,Active
4751,Manny Abad,Manny,Abad,CB,,Active
11580,Dillon Johnson,Dillon,Johnson,RB,,Active
11927,Doug Nester,Doug,Nester,OL,PIT,Active
6073,Ryan Pulley,Ryan,Pulley,CB,,Active
3177,Corey Coleman,Corey,Coleman,WR,,Active
4075,Charles Harris,Charles,Harris,LB,,Active
7046,J.R. Reed,J.R.,Reed,DB,,Active
6433,Silas Stewart,Silas,Stewart,OLB,,Active
5158,Dennis Gardeck,Dennis,Gardeck,LB,JAX,Active
11144,Collin Duncan,Collin,Duncan,DB,,Active
659,Cedric Peerman,Cedric,Peerman,RB,,Inactive
13070,Kendall Bohler,Kendall,Bohler,CB,,Active
1020,Terrelle Pryor,Terrelle,Pryor,WR,,Inactive
4537,Jordan Johnson,Jordan,Johnson,RB,,Active
2095,Rashad Lawrence,Rashad,Lawrence,WR,,Inactive
5570,Chad Beebe,Chad,Beebe,WR,,Active
1087,Mike Adams,Mike,Adams,OT,,Inactive
13238,Winston Wright,Winston,Wright,WR,,Active
13731,Luke Drzewiecki,Luke,Drzewiecki,K,,Active
2290,Craig Watts,Craig,Watts,G,,Inactive
13987,Smith Vilbert,Smith,Vilbert,DL,MIN,Active
7192,Daishawn Dixon,Daishawn,Dixon,G,,Active
711,Leger Douzable,Leger,Douzable,DE,,Inactive
13433,Riley Nowakowski,Riley,Nowakowski,TE,PIT,Active
13210,Drake Dabney,Drake,Dabney,TE,GB,Active
6494,Bryan Mone,Bryan,Mone,DT,,Active
233,Matt Moore,Matt,Moore,QB,,Inactive
3047,Cyril Lemon,Cyril,Lemon,G,,Inactive
78,Ahmad Bradshaw,Ahmad,Bradshaw,RB,,Inactive
6446,Jon Hilliman,Jon,Hilliman,RB,,Active
749,Zach Miller,Zach,Miller,TE,,Inactive
6894,Mitchell Wilcox,Mitchell,Wilcox,TE,,Active
10962,Kelee Ringo,Kelee,Ringo,DB,PHI,Active
2293,Demitrius Bronson,Demitrius,Bronson,RB,,Inactive
1260,Josh Bush,Josh,Bush,SS,,Inactive
4564,Kai Nacua,Kai,Nacua,DB,,Active
12786,Anthony Landphere,Anthony,Landphere,TE,,Active
3575,Bryson Albright,Bryson,Albright,OLB,,Inactive
3440,Josh Woodrum,Josh,Woodrum,QB,,Active
5445,George Odum,George,Odum,DB,,Active
4180,Rayshawn Jenkins,Rayshawn,Jenkins,DB,PIT,Active
6933,Raequan Williams,Raequan,Williams,DT,,Active
8398,Jermaine Johnson,Jermaine,Johnson,LB,TEN,Active
11752,Jeremiah Trotter,Jeremiah,Trotter,LB,PHI,Active
6815,Zack Baun,Zack,Baun,LB,PHI,Active
326,Darren McFadden,Darren,McFadden,RB,,Inactive
2848,Kyle Prater,Kyle,Prater,WR,,Inactive
5732,Jared Machorro,Jared,Machorro,OT,,Active
12206,Mario Kendricks,Mario,Kendricks,DL,,Active
4806,Brandon Radcliff,Brandon,Radcliff,RB,,Active
7618,Micah Simon,Micah,Simon,WR,CAR,Active
8016,Max Pircher,Max,Pircher,OL,,Active
11625,Adonai Mitchell,Adonai,Mitchell,WR,NYJ,Active
4767,Dane Evans,Dane,Evans,QB,,Active
6133,Chase Winovich,Chase,Winovich,DE,,Active
11690,Zach Frazier,Zach,Frazier,OL,PIT,Active
3065,Ken Whisenhunt,Ken,Whisenhunt,,,Inactive
12389,Hayden Rucci,Hayden,Rucci,TE,SF,Active
318,Chris Long,Chris,Long,DE,,Injured Reserve
6800,K'Lavon Chaisson,K'Lavon,Chaisson,LB,WAS,Active
4610,Deante' Gray,Deante',Gray,WR,,Active
5747,Kayaune Ross,Kayaune,Ross,WR,,Active
3207,Andrew Billings,Andrew,Billings,DT,ARI,Active
3281,David Onyemata,David,Onyemata,DT,NYJ,Active
3691,Darius Hillary,Darius,Hillary,CB,,Inactive
11701,Junior Colson,Junior,Colson,LB,LAC,Active
7492,Josh Norwood,Josh,Norwood,FS,,Active
2097,Ross Madison,Ross,Madison,CB,,Inactive
1031,Dennis Kelly,Dennis,Kelly,T,,Active
5301,Anthony Averett,Anthony,Averett,CB,,Active
8303,Roger McCreary,Roger,McCreary,DB,DET,Active
12136,Tuli Letuligasenoa,Tuli,Letuligasenoa,DL,,Active
11540,La'Michael Pettway,La'Michael,Pettway,TE,,Active
13589,Nadame Tucker,Nadame,Tucker,DE,LAC,Active
8883,Bryce Notree,Bryce,Notree,LB,,Active
2922,Devin Mahina,Devin,Mahina,TE,,Active
12338,Kendarin Ray,Kendarin,Ray,DB,,Active
7651,Jeremiah Owusu-Koramoah,Jeremiah,Owusu-Koramoah,LB,CLE,Active
8520,Daniel Hardy,Daniel,Hardy,LB,CHI,Active
5072,Jamil Demby,Jamil,Demby,OL,,Inactive
6938,Cam Akers,Cam,Akers,RB,,Active
3493,Darius Latham,Darius,Latham,NT,,Inactive
7367,Will Hastings,Will,Hastings,WR,,Inactive
10875,Myles Murphy,Myles,Murphy,DL,CIN,Active
5780,Adam Reth,Adam,Reth,DE,,Active
5602,Claudy Mathieu,Claudy,Mathieu,DL,,Active
4109,Josh Jones,Josh,Jones,DB,,Inactive
11194,Keshawn Banks,Keshawn,Banks,LB,ATL,Active
2638,Reggie Bell,Reggie,Bell,WR,,Inactive
11080,Malik Knowles,Malik,Knowles,WR,,Active
7972,Tony Poljan,Tony,Poljan,TE,,Active
7866,Austin Faoliu,Austin,Faoliu,DT,,Active
4198,Jamal Agnew,Jamal,Agnew,WR,,Active
5085,Christian Sam,Christian,Sam,OLB,,Inactive
784,Marcus Sherels,Marcus,Sherels,CB,,Active
12801,TeRah Edwards,TeRah,Edwards,DL,LAC,Active
7994,TJ Morrison,TJ,Morrison,CB,,Inactive
4938,Speedy Noil,Speedy,Noil,WR,,Active
13274,Germie Bernard,Germie,Bernard,WR,PIT,Active
5851,Jachai Polite,Jachai,Polite,LB,,Active
12706,Ahmed Hassanein,Ahmed,Hassanein,DE,DET,Active
12869,Hollin Pierce,Hollin,Pierce,OT,PHI,Active
6035,Cece Jefferson,Cece,Jefferson,OLB,,Inactive
3361,Harlan Miller,Harlan,Miller,CB,,Inactive
11466,Jordan Perryman,Jordan,Perryman,CB,,Inactive
13109,Gavin Holmes,Gavin,Holmes,CB,,Active
227,Alan Ball,Alan,Ball,CB,,Inactive
2866,Deion Barnes,Deion,Barnes,OLB,,Inactive
6552,Malik Henry,Malik,Henry,WR,,Active
13252,Alphonzo Tuputala,Alphonzo,Tuputala,LB,,Active
4112,Tarell Basham,Tarell,Basham,DE,,Active
8934,Clint Ratkovich,Clint,Ratkovich,FB,,Active
1304,Collin Mooney,Collin,Mooney,FB,,Inactive
347,Sebastian Vollmer,Sebastian,Vollmer,T,,Inactive
6856,Troy Pride,Troy,Pride,CB,,Active
10991,KJ Henry,KJ,Henry,DE,SF,Active
11430,Jeremy Banks,Jeremy,Banks,LB,,Active
11821,Tahj Washington,Tahj,Washington,WR,MIA,Active
724,Nate Ness,Nate,Ness,FS,,Inactive
7506,Duplicate Player,Duplicate,Player,DB,DAL,Inactive
12768,JB Brown,JB,Brown,CB,,Active
2182,Kelvin Benjamin,Kelvin,Benjamin,WR,,Inactive
12263,Philip Ossai,Philip,Ossai,DL,,Active
1485,Gavin Escobar,Gavin,Escobar,TE,,Inactive
12042,Keith Randolph,Keith,Randolph,DL,,Active
11011,JL Skinner,JL,Skinner,DB,DEN,Active
12992,Mello Dotson,Mello,Dotson,CB,,Active
1455,Zac Dysert,Zac,Dysert,QB,,Inactive
2975,Jordan Berry,Jordan,Berry,P,,Active
1773,Jacquies Smith,Jacquies,Smith,DE,,Inactive
6301,Nick Scott,Nick,Scott,DB,CAR,Active
8782,Bookie Radley-Hiles,Bookie,Radley-Hiles,DB,,Active
7769,Wyatt Hubert,Wyatt,Hubert,DE,,Active
3655,Reggie Diggs,Reggie,Diggs,WR,,Active
3742,Brandon Chubb,Brandon,Chubb,OLB,,Active
8407,T.J. Pledger,T.J.,Pledger,RB,,Active
2800,Mario Hull,Mario,Hull,WR,,Active
6752,Derrick Kelly II,Derrick,Kelly II,,NO,Active
5049,Harrison Phillips,Harrison,Phillips,DT,NYJ,Active
11763,Kitan Oladapo,Kitan,Oladapo,DB,GB,Active
7537,Jaret Patterson,Jaret,Patterson,RB,LAC,Active
12471,DJ Giddens,DJ,Giddens,RB,IND,Active
578,Sam Young,Sam,Young,OT,,Injured Reserve
1874,Jamie Meder,Jamie,Meder,DT,,Active
4431,Damarius Travis,Damarius,Travis,SS,,Active
6256,Rodney Randle,Rodney,Randle,CB,,Active
12467,Jordan James,Jordan,James,RB,SF,Active
2909,Beau Gardner,Beau,Gardner,TE,,Active
2833,Josh Keyes,Josh,Keyes,LB,,Inactive
6766,Andrew Berry,Andrew,Berry,,,Inactive
5812,Dan Mccullers-sanders,Dan,Mccullers-sanders,DT,,Inactive
5889,Bryce Love,Bryce,Love,RB,,Inactive
5908,Amani Hooker,Amani,Hooker,DB,TEN,Active
250,Matt Spaeth,Matt,Spaeth,TE,,Inactive
7291,Nate Evans,Nate,Evans,LB,,Active
1235,Jorvorskie Lane,Jorvorskie,Lane,FB,,Inactive
11287,Tyler Richardson,Tyler,Richardson,CB,,Active
3905,Mandel Dixon,Mandel,Dixon,TE,,Inactive
13927,Zxavian Harris,Zxavian,Harris,DL,NO,Active
2482,Michael Bennett,Michael,Bennett,DT,,Inactive
3744,Rohan Gaines,Rohan,Gaines,SS,,Inactive
2577,Devante Davis,Devante,Davis,WR,,Active
6721,Jawuan Johnson,Jawuan,Johnson,LB,,Active
11787,Kamal Hadden,Kamal,Hadden,DB,GB,Active
2615,Doug McNeil,Doug,McNeil,WR,,Inactive
12419,Shane Lee,Shane,Lee,LB,,Active
12958,Isaac Gifford,Isaac,Gifford,DB,,Active
5661,Chris Lacy,Chris,Lacy,WR,,Active
12204,Griffin McDowell,Griffin,McDowell,OT,,Active
6439,Hale Hentges,Hale,Hentges,TE,,Injured Reserve
7999,Marlon Character,Marlon,Character,DB,,Active
6243,Chris Westry,Chris,Westry,CB,,Active
2177,Jerome Smith,Jerome,Smith,RB,,Inactive
12343,Zion Puckett,Zion,Puckett,DB,,Active
4155,Sean Harlow,Sean,Harlow,OL,,Inactive
3238,Yannick Ngakoue,Yannick,Ngakoue,DE,,Active
6210,Darnell Savage,Darnell,Savage,DB,,Active
12420,Gable Steveson,Gable,Steveson,DT,,Active
8114,Erik Ezukanma,Erik,Ezukanma,WR,PHI,Active
3503,Geronimo Allison,Geronimo,Allison,WR,,Active
4172,Ben Gedeon,Ben,Gedeon,LB,,Inactive
637,Taylor Mays,Taylor,Mays,FS,,Inactive
8144,Chris Olave,Chris,Olave,WR,NO,Active
11315,Cam Jones,Cam,Jones,LB,,Active
13305,Mike Washington,Mike,Washington,RB,LV,Active
11621,Brenden Rice,Brenden,Rice,WR,,Active
1754,Tim Lelito,Tim,Lelito,G,,Injured Reserve
6529,Chris Myarick,Chris,Myarick,TE,,Active
13215,Kai Kroeger,Kai,Kroeger,P,HOU,Active
4984,Josh Allen,Josh,Allen,QB,BUF,Active
11053,Antoine Green,Antoine,Green,WR,,Active
6566,Blake Hance,Blake,Hance,OG,LAR,Active
388,Kyle Orton,Kyle,Orton,QB,,Inactive
7234,Maurice Ffrench,Maurice,Ffrench,WR,,Active
1848,James White,James,White,RB,,Active
6877,Keith Ismael,Keith,Ismael,C,,Active
10900,Cam Smith,Cam,Smith,DB,,Active
1131,Dontari Poe,Dontari,Poe,DT,,Active
3276,De'Vondre Campbell,De'Vondre,Campbell,LB,,Active
6400,Ryan Bee,Ryan,Bee,DE,ARI,Active
6008,Yosh Nijman,Yosh,Nijman,T,,Active
7251,Jovante Moffatt,Jovante,Moffatt,DB,,Inactive
12922,Ja'Markis Weston,Ja'Markis,Weston,DE,SEA,Inactive
12938,Jackson Meeks,Jackson,Meeks,WR,DET,Active
4743,Daniel Gray,Daniel,Gray,CB,,Active
7579,Austin Watkins,Austin,Watkins,WR,,Active
8330,Quentin Lake,Quentin,Lake,DB,LAR,Active
12934,Ian Kennelly,Ian,Kennelly,DB,,Active
14005,Tommy Thomas,Tommy,Thomas,WR,,Active
13527,Nick Barrett,Nick,Barrett,DT,LAC,Active
7811,Talanoa Hufanga,Talanoa,Hufanga,DB,DEN,Active
11212,Jimmy Phillips,Jimmy,Phillips,LB,,Active
6216,Ugo Amadi,Ugo,Amadi,DB,,Active
12589,Charles Grant,Charles,Grant,OL,LV,Active
7657,Walker Little,Walker,Little,T,JAX,Active
12029,Tyler Harrell,Tyler,Harrell,WR,,Active
6587,Quindarius Thagard,Quindarius,Thagard,DT,,Active
2124,Jacob Maxwell,Jacob,Maxwell,TE,,Inactive
1191,Corey White,Corey,White,CB,,Inactive
649,Antonio Cromartie,Antonio,Cromartie,CB,,Inactive
8681,Josh Turner,Josh,Turner,DB,,Active
7580,Khalil McClain,Khalil,McClain,WR,,Active
5381,Johnny Townsend,Johnny,Townsend,P,,Active
4937,Al Riles,Al,Riles,WR,IND,Active
1571,Brandon McGee,Brandon,McGee,CB,,Inactive
3571,Eric Rawls,Eric,Rawls,CB,,Active
7011,Carter Coughlin,Carter,Coughlin,LB,,Active
12578,Carson Schwesinger,Carson,Schwesinger,LB,CLE,Active
4188,Damontae Kazee,Damontae,Kazee,DB,,Active
13502,Febechi Nwaiwu,Febechi,Nwaiwu,OL,HOU,Active
12907,Quentin Skinner,Quentin,Skinner,WR,BUF,Active
650,Nick Folk,Nick,Folk,K,ATL,Active
7294,Amari Henderson,Amari,Henderson,CB,MIN,Active
3595,Alan Cross,Alan,Cross,FB,,Inactive
4328,Jerome Lane,Jerome,Lane,WR,,Active
6962,La'Darius Hamilton,La'Darius,Hamilton,LB,,Active
202,Andrew Whitworth,Andrew,Whitworth,OL,LAR,Active
947,Julio Jones,Julio,Jones,WR,,Active
1937,Bishop Sankey,Bishop,Sankey,RB,,Inactive
7449,Parnell Motley,Parnell,Motley,CB,,Active
4615,Dayon Pratt,Dayon,Pratt,OLB,,Active
3796,Norman Price,Norman,Price,OT,,Inactive
1957,Tom Savage,Tom,Savage,QB,,Inactive
2872,Quayshawne Buckley,Quayshawne,Buckley,DT,,Active
7707,Tre Brown,Tre,Brown,CB,NYJ,Active
6261,Reggie White,Reggie,White,WR,,Active
7582,Jhamon Ausbon,Jhamon,Ausbon,WR,,Active
545,Sherrick McManis,Sherrick,McManis,DB,,Inactive
237,Charles Godfrey,Charles,Godfrey,S,,Inactive
6497,Tenny Adewusi,Tenny,Adewusi,CB,,Active
10996,Ochaun Mathis,Ochaun,Mathis,DE,,Active
9500,Josh Downs,Josh,Downs,WR,IND,Active
11762,Anthony Gould,Anthony,Gould,WR,IND,Active
337,Chris Clemons,Chris,Clemons,FS,,Inactive
2055,Jason Verrett,Jason,Verrett,CB,,Active
3849,Wynton McManis,Wynton,McManis,LB,MIA,Active
3181,Keanu Neal,Keanu,Neal,LB,,Inactive
7602,Kylen Granson,Kylen,Granson,TE,TEN,Active
13077,Ozzie Hutchinson,Ozzie,Hutchinson,OL,,Active
12516,Kalel Mullings,Kalel,Mullings,RB,TEN,Active
7909,Nolan Cooney,Nolan,Cooney,P,,Active
3618,Jeff Schoettmer,Jeff,Schoettmer,ILB,,Active
5541,Alex Light,Alex,Light,T,,Inactive
6611,Andrew Dowell,Andrew,Dowell,LB,,Active
13695,Mark Langston,Mark,Langston,LS,,Active
6313,Duplicate Player,Duplicate,Player,WR,,Inactive
3991,Alex Bazzie,Alex,Bazzie,OLB,,Active
1564,Benny Cunningham,Benny,Cunningham,RB,,Inactive
13531,Jack Kelly,Jack,Kelly,LB,NYG,Active
6172,Evan Worthington,Evan,Worthington,SS,,Active
12357,David Martin-Robinson,David,Martin-Robinson,TE,TEN,Active
11020,Eric Scott,Eric,Scott,DB,,Active
13015,John Humphrey,John,Humphrey,CB,,Active
3668,Joshua Perkins,Joshua,Perkins,TE,NYJ,Active
4007,Jim Irsay,Jim,Irsay,,,Inactive
11231,Christian Trahan,Christian,Trahan,TE,,Active
13641,Jeremiah McClendon,Jeremiah,McClendon,CB,,Active
7200,Khalil Dorsey,Khalil,Dorsey,CB,DET,Active
11130,Pokey Wilson,Pokey,Wilson,WR,,Active
1411,Landry Jones,Landry,Jones,QB,,Inactive
1933,Taylor Lewan,Taylor,Lewan,OT,,Inactive
3805,Jon Brown,Jon,Brown,K,,Active
12012,Derrick McLendon,Derrick,McLendon,LB,,Active
6318,Jordan Ellis,Jordan,Ellis,RB,,Active
363,Doug Legursky,Doug,Legursky,C,,Inactive
8838,Isaiah Pola-Mao,Isaiah,Pola-Mao,DB,LV,Active
13315,Dean Connors,Dean,Connors,RB,LAR,Active
11337,Ryan Swoboda,Ryan,Swoboda,OL,,Active
320,Darnell Dockett,Darnell,Dockett,DT,,Inactive
7819,Deommodore Lenoir,Deommodore,Lenoir,DB,SF,Active
6583,Joshua Moon,Joshua,Moon,SS,,Active
1048,Lamar Miller,Lamar,Miller,RB,,Active
12951,J.J. Lippe,J.J.,Lippe,G,,Active
2010,Jordan Sullen,Jordan,Sullen,CB,,Inactive
5010,Will Dissly,Will,Dissly,TE,,Active
3720,Reggie Gilbert,Reggie,Gilbert,LB,,Active
6039,Ty Johnson,Ty,Johnson,RB,BUF,Active
6803,Brandon Aiyuk,Brandon,Aiyuk,WR,SF,Active
11551,Tre Tarpley,Tre,Tarpley,DB,,Active
2928,John Peters,John,Peters,TE,,Inactive
1691,Chuck Jacobs,Chuck,Jacobs,WR,,Inactive
2107,Ego Ferguson,Ego,Ferguson,DT,,Inactive
5713,Mike Jones,Mike,Jones,CB,,Active
891,Vincent Brown,Vincent,Brown,WR,,Inactive
7750,Grant Stuard,Grant,Stuard,LB,LAR,Active
12599,Tyler Booker,Tyler,Booker,OL,DAL,Active
13494,Jimmy Rolder,Jimmy,Rolder,LB,DET,Active
5328,Tremon Smith,Tremon,Smith,DB,HOU,Active
12544,LeQuint Allen,LeQuint,Allen,RB,JAX,Active
5571,Jeromy Irwin,Jeromy,Irwin,OT,,Active
6707,Isaiah Langley,Isaiah,Langley,DB,,Active
11249,Chris Smith,Chris,Smith,RB,,Active
13458,Derrick Moore,Derrick,Moore,DE,DET,Active
2812,Imoan Claiborne,Imoan,Claiborne,CB,,Active
9997,Zay Flowers,Zay,Flowers,WR,BAL,Active
4512,Francis Kallon,Francis,Kallon,DE,,Active
5407,Ervin Philips,Ervin,Philips,RB,,Active
3206,Joe Schobert,Joe,Schobert,LB,,Active
12583,Oluwafemi Oladejo,Oluwafemi,Oladejo,DL,TEN,Active
12825,Ryan Heicher,Ryan,Heicher,P,,Active
3076,Mike Pettine,Mike,Pettine,,,Inactive
6032,Keelan Doss,Keelan,Doss,WR,,Active
7512,Aaron Smith,Aaron,Smith,RB,,Inactive
13943,Squirrel White,Squirrel,White,WR,,Active
3121,Jon Robinson,Jon,Robinson,,,Inactive
2722,Jimmay Mundine,Jimmay,Mundine,TE,,Inactive
8172,Greg Dulcich,Greg,Dulcich,TE,MIA,Active
1672,Nickell Robey-Coleman,Nickell,Robey-Coleman,CB,,Active
3138,Steve Underwood,Steve,Underwood,,,Inactive
4730,Sam Cotton,Sam,Cotton,TE,,Active
2188,David Foucault,David,Foucault,T,,Inactive
11359,Kody Case,Kody,Case,WR,,Active
13364,Cashius Howell,Cashius,Howell,DL,CIN,Active
8093,KJ Sails,KJ,Sails,DB,,Active
4110,Zach Cunningham,Zach,Cunningham,LB,,Active
416,Jay Cutler,Jay,Cutler,QB,,Inactive
7280,Carter O'Donnell,Carter,O'Donnell,T,,Active
144,Matt Flynn,Matt,Flynn,QB,,Inactive
786,Jaiquawn Jarrett,Jaiquawn,Jarrett,FS,,Inactive
7092,Chris Finke,Chris,Finke,WR,,Active
2691,Chuka Ndulue,Chuka,Ndulue,DT,,Inactive
5782,Erick Wren,Erick,Wren,G,,Active
2916,Ify Umodu,Ify,Umodu,WR,,Active
6013,Saquan Hampton,Saquan,Hampton,DB,,Active
13803,Tanner Wall,Tanner,Wall,DB,LV,Active
8702,Jaylon Jones,Jaylon,Jones,CB,CHI,Active
12398,Jadon Janke,Jadon,Janke,WR,,Active
1033,Chris Polk,Chris,Polk,RB,,Inactive
13060,Isaiah Raikes,Isaiah,Raikes,DL,,Active
9222,Zach Evans,Zach,Evans,RB,,Active
7576,Sage Surratt,Sage,Surratt,TE,,Active
14034,Brock Rechsteiner,Brock,Rechsteiner,WR,NO,Active
13103,LaMareon James,LaMareon,James,CB,,Active
12506,Harold Fannin,Harold,Fannin,TE,CLE,Active
2623,Robenson Therezie,Robenson,Therezie,SS,,Injured Reserve
7242,Isiah Swann,Isiah,Swann,CB,,Active
813,Nate Solder,Nate,Solder,T,,Active
7613,Jonathan Adams,Jonathan,Adams,WR,,Active
8222,Josh Johnson,Josh,Johnson,WR,,Active
5865,Dre'Mont Jones,Dre'Mont,Jones,DE,NE,Active
13368,Jermod McCoy,Jermod,McCoy,DB,LV,Active
12058,PJ Jules,PJ,Jules,DB,CIN,Active
13990,Paul Geelen,Paul,Geelen,K,,Active
2784,Jameill Showers,Jameill,Showers,SS,,Injured Reserve
2331,Breshad Perriman,Breshad,Perriman,WR,,Active
12668,Marques Sigle,Marques,Sigle,DB,SF,Active
12093,Geordon Porter,Geordon,Porter,WR,,Active
4965,Marcus Davenport,Marcus,Davenport,DE,,Active
4015,Boseko Lokombo,Boseko,Lokombo,OLB,,Active
14045,Marlon Jones,Marlon,Jones,CB,GB,Active
8193,E.J. Perry,E.J.,Perry,QB,,Active
1864,Terrence Brooks,Terrence,Brooks,DB,,Active
8382,Kingsley Enagbare,Kingsley,Enagbare,DL,NYJ,Active
1998,Kenny Anunike,Kenny,Anunike,DE,,Inactive
7807,Nick Niemann,Nick,Niemann,LB,GB,Active
11067,Alan Ali,Alan,Ali,OL,,Active
13870,Quentin Moore,Quentin,Moore,TE,WAS,Active
4906,Kacy Rodgers,Kacy,Rodgers,SS,,Active
6304,Michael Dogbe,Michael,Dogbe,DE,,Active
11421,Ryan Miller,Ryan,Miller,WR,NYG,Active
6778,Chris Streveler,Chris,Streveler,QB,,Inactive
12926,Oscar Chapman,Oscar,Chapman,P,,Active
7050,Josiah Deguara,Josiah,Deguara,TE,SF,Active
6135,D'Andre Walker,D'Andre,Walker,LB,,Inactive
5411,Matthew Oplinger,Matthew,Oplinger,OLB,,Active
7321,Ryan Roberts,Ryan,Roberts,OT,,Inactive
11055,Jake Witt,Jake,Witt,OL,,Active
4442,Fadol Brown,Fadol,Brown,DE,,Active
8083,Jarrod Hewitt,Jarrod,Hewitt,DT,,Active
11350,Mohamoud Diabate,Mohamoud,Diabate,LB,TEN,Active
7715,Cam Bynum,Cam,Bynum,DB,IND,Active
5905,Justin Layne,Justin,Layne,CB,,Inactive
7903,Briley Moore,Briley,Moore,TE,,Active
8141,Player Invalid,Player,Invalid,WR,,Inactive
12317,John Pupel,John,Pupel,DB,,Active
7482,Oluwole Betiku,Oluwole,Betiku,DE,,Active
360,Ramon Foster,Ramon,Foster,G,,Injured Reserve
6714,Mazzi Wilkins,Mazzi,Wilkins,DB,BAL,Active
251,Montell Owens,Montell,Owens,FB,,Inactive
11480,Taron Vincent,Taron,Vincent,DT,,Active
13220,Keydrain Calligan,Keydrain,Calligan,DB,TEN,Active
13183,Rush Reimer,Rush,Reimer,OL,,Active
3512,Victor Ochi,Victor,Ochi,OLB,,Inactive
5422,Albert Havili,Albert,Havili,DE,,Active
100,Charles Woodson,Charles,Woodson,FS,,Inactive
5395,Shaun Wilson,Shaun,Wilson,RB,,Active
8706,Kehinde Oginni,Kehinde,Oginni,TE,,Active
5464,De'Lance Turner,De'Lance,Turner,RB,,Active
12075,Anim Dankwah,Anim,Dankwah,T,,Active
4144,Jonnu Smith,Jonnu,Smith,TE,,Active
11160,Nick Whiteside,Nick,Whiteside,CB,DET,Active
12667,Smael Mondon,Smael,Mondon,LB,PHI,Active
13509,Lorenzo Styles,Lorenzo,Styles,DB,NO,Active
7365,Nevelle Clarke,Nevelle,Clarke,CB,,Active
12009,Jack Plummer,Jack,Plummer,QB,,Active
13346,Denzel Boston,Denzel,Boston,WR,CLE,Active
1799,Wade Keliikipi,Wade,Keliikipi,NT,,Inactive
6058,Lamont Gaillard,Lamont,Gaillard,C,,Active
7749,JR Pace,JR,Pace,DB,,Active
13480,LT Overton,LT,Overton,DE,DAL,Active
8126,Wan'Dale Robinson,Wan'Dale,Robinson,WR,TEN,Active
3761,Lafayette Pitts,Lafayette,Pitts,DB,,Active
11773,Keilan Robinson,Keilan,Robinson,RB,,Active
3551,Max Wittek,Max,Wittek,QB,,Active
3855,Jared Barber,Jared,Barber,ILB,,Inactive
2626,Kevin White,Kevin,White,CB,,Active
13061,Kaden Moore,Kaden,Moore,OL,,Inactive
13886,Jalen Logan-Redding,Jalen,Logan-Redding,DL,,Active
8249,Lucas Krull,Lucas,Krull,TE,DEN,Active
13712,Hayden Large,Hayden,Large,TE,CHI,Active
12672,Jeffrey Bassa,Jeffrey,Bassa,LB,KC,Active
8444,Trevor Penning,Trevor,Penning,T,LAC,Active
11404,Jeremy Lucien,Jeremy,Lucien,CB,,Active
288,Jon Dorenbos,Jon,Dorenbos,LS,,Inactive
2663,Gordon Hill,Gordon,Hill,S,,Active
1397,Brandon Bogotay,Brandon,Bogotay,K,,Inactive
8001,Malik Herring,Malik,Herring,DE,TEN,Active
2914,Luke Lundy,Luke,Lundy,RB,,Active
13345,Jonah Coleman,Jonah,Coleman,RB,DEN,Active
11168,Xavier Smith,Xavier,Smith,WR,LAR,Active
5972,B.J. Autry,B.J.,Autry,G,,Inactive
12299,Roje Stona,Roje,Stona,DE,,Active
2796,Efe Obada,Efe,Obada,DE,,Active
11887,Bucky Williams,Bucky,Williams,OL,,Active
8465,Spencer Burford,Spencer,Burford,OL,LV,Active
6853,Van Jefferson,Van,Jefferson,WR,WAS,Active
8775,Andrew Mevis,Andrew,Mevis,K,,Active
6557,Jeff Smith,Jeff,Smith,WR,,Active
4540,Austin Rehkow,Austin,Rehkow,P,,Inactive
5474,Linden Stephens,Linden,Stephens,DB,,Active
910,Henry Hynoski,Henry,Hynoski,FB,,Inactive
3168,Christian Hackenberg,Christian,Hackenberg,QB,,Injured Reserve
13514,Chandler Rivers,Chandler,Rivers,CB,BAL,Active
302,Michael Koenen,Michael,Koenen,P,,Inactive
13293,Ja'Kobi Lane,Ja'Kobi,Lane,WR,BAL,Active
11537,Wayne Taulapapa,Wayne,Taulapapa,RB,,Active
2771,Jimmie Hunt,Jimmie,Hunt,WR,,Active
1850,Tajh Boyd,Tajh,Boyd,QB,,Inactive
8489,Drew Ogletree,Drew,Ogletree,TE,IND,Active
2842,Andrae Kirk,Andrae,Kirk,OLB,,Active
11334,Nico Bolden,Nico,Bolden,DB,,Active
5746,Shaheed Salmon,Shaheed,Salmon,ILB,,Active
11665,Jared Verse,Jared,Verse,DL,CLE,Active
5239,Lamar Jordan,Lamar,Jordan,QB,,Active
6345,Durrant Miles,Durrant,Miles,DE,,Active
10976,Kyu Blu Kelly,Kyu Blu,Kelly,CB,,Active
4624,P.J. Davis,P.J.,Davis,ILB,,Active
3891,Kyle Coleman,Kyle,Coleman,FB,,Active
8801,Dennis Houston,Dennis,Houston,WR,TB,Active
13565,Andre Fuller,Andre,Fuller,CB,SEA,Active
12954,Kye Robichaux,Kye,Robichaux,RB,DET,Active
5472,Tony Adams,Tony,Adams,C,,Active
3808,Rolan Milligan,Rolan,Milligan,DB,IND,Active
12629,Emery Jones,Emery,Jones,OL,BAL,Active
8571,Ra'Shaun Henry,Ra'Shaun,Henry,WR,,Inactive
6,Brandon Mebane,Brandon,Mebane,NT,,Active
1101,Ben Jones,Ben,Jones,C,,Inactive
2430,Javorius Allen,Javorius,Allen,RB,,Active
13131,Isas Waxter,Isas,Waxter,DB,LAC,Active
1735,Andy Mulumba,Andy,Mulumba,LB,,Inactive
3800,Frankie Williams,Frankie,Williams,CB,,Inactive
11943,Michael Wiley,Michael,Wiley,RB,,Active
12458,Player Invalid,Player,Invalid,WR,,Inactive
6239,Malik Taylor,Malik,Taylor,WR,,Active
7738,Eli Howard,Eli,Howard,DE,,Active
13926,Ben Barten,Ben,Barten,DL,NYJ,Active
654,LaDainian Tomlinson,LaDainian,Tomlinson,RB,,Inactive
751,Joshua Mauga,Joshua,Mauga,LB,,Inactive
3352,Blake Countess,Blake,Countess,DB,,Active
7450,Nasir Player,Nasir,Player,DL,,Active
11438,Dallas Daniels,Dallas,Daniels,WR,,Active
5483,Tyler Lancaster,Tyler,Lancaster,DT,,Active
4451,Isaac Whitney,Isaac,Whitney,WR,ARI,Inactive
4916,Royce LaFrance,Royce,LaFrance,DE,,Active
11531,Michael Tutsie,Michael,Tutsie,DB,,Active
5528,Montrel Meander,Montrel,Meander,LB,,Active
1308,Jamize Olawale,Jamize,Olawale,FB,,Inactive
908,Prince Amukamara,Prince,Amukamara,DB,,Active
5820,BenJarvus Green-Ellis,BenJarvus,Green-Ellis,RB,,Inactive
6211,Sione Takitaki,Sione,Takitaki,LB,HOU,Active
11242,Chukwuebuka Godrick,Chukwuebuka,Godrick,OL,KC,Active
5286,Austin Allen,Austin,Allen,QB,,Active
13146,Jared Bartlett,Jared,Bartlett,LB,JAX,Active
2276,Kevin Norwood,Kevin,Norwood,WR,,Injured Reserve
7298,Darryl Williams,Darryl,Williams,OL,,Active
12176,Porter Wilson,Porter,Wilson,P,,Active
6739,Cameron Nizialek,Cameron,Nizialek,P,,Active
705,Sean Lissemore,Sean,Lissemore,NT,,Inactive
8120,Jerrion Ealy,Jerrion,Ealy,RB,,Active
8680,Jack Gibbens,Jack,Gibbens,LB,ARI,Active
13876,Duce Chestnut,Duce,Chestnut,DB,,Active
12248,Darrell Simpson,Darrell,Simpson,OL,,Active
2056,Chris Watt,Chris,Watt,C,,Inactive
5752,Sherman Badie,Sherman,Badie,RB,,Active
11321,Anthony Cook,Anthony,Cook,DB,,Active
4404,Aviante Collins,Aviante,Collins,T,,Active
2778,James Vaughters,James,Vaughters,LB,,Active
6998,Gage Cervenka,Gage,Cervenka,OL,,Inactive
6789,Henry Ruggs,Henry,Ruggs,WR,,Active
3860,Kenton Adeyemi,Kenton,Adeyemi,DE,,Inactive
3955,D Colquitt,D,Colquitt,,,Inactive
1539,Paul Worrilow,Paul,Worrilow,LB,,Active
1938,Josh Stewart,Josh,Stewart,WR,,Inactive
1471,Brice Butler,Brice,Butler,WR,,Inactive
11851,Carter Bradley,Carter,Bradley,QB,JAX,Active
8837,Marcel Dabo,Marcel,Dabo,DB,,Active
5393,Niles Scott,Niles,Scott,DT,,Active
11896,Millard Bradford,Millard,Bradford,DB,,Active
13206,Dvon J-Thomas,Dvon,J-Thomas,DT,,Active
397,Brandon Myers,Brandon,Myers,TE,,Inactive
5205,Kingsley Opara,Kingsley,Opara,DL,,Active
4700,Marcus McWilson,Marcus,McWilson,FS,,Active
10877,Mazi Smith,Mazi,Smith,DL,NYJ,Active
3696,Tracy Howard,Tracy,Howard,FS,,Inactive
7290,Steve Nielsen,Steve,Nielsen,OL,,Active
8603,Chauncey Manac,Chauncey,Manac,LB,,Active
8670,Parker Romo,Parker,Romo,K,,Active
6528,Joey Slye,Joey,Slye,K,TEN,Active
1368,Oday Aboushi,Oday,Aboushi,G,,Active
4959,Scott Daly,Scott,Daly,LS,TB,Active
5367,Shaun Dion Hamilton,Shaun Dion,Hamilton,LB,,Active
785,Lemuel Jeanpierre,Lemuel,Jeanpierre,C,,Inactive
8235,Samori Toure,Samori,Toure,WR,PHI,Active
13122,Carter Runyon,Carter,Runyon,TE,LV,Active
8512,Andre Anthony,Andre,Anthony,DE,,Active
8168,Skyy Moore,Skyy,Moore,WR,GB,Active
1285,Josh Kaddu,Josh,Kaddu,OLB,,Inactive
2793,Donnie Baggs,Donnie,Baggs,OLB,,Active
4801,Barrett Gouger,Barrett,Gouger,C,,Active
2446,MyCole Pruitt,MyCole,Pruitt,TE,,Active
2567,Bryan Bennett,Bryan,Bennett,QB,,Active
501,Cary Williams,Cary,Williams,CB,,Inactive
13903,D'Arco Perkins-McAllister,D'Arco,Perkins-McAllister,CB,KC,Active
11389,TyKeem Doss,TyKeem,Doss,OG,,Active
3193,Germain Ifedi,Germain,Ifedi,OL,,Active
11528,Garett Maag,Garett,Maag,WR,,Active
8767,Nolan Cockrill,Nolan,Cockrill,DT,,Active
1268,Bryce Harris,Bryce,Harris,T,,Inactive
13938,Jordan Dunbar,Jordan,Dunbar,CB,BUF,Active
11083,C.J. Coldon,C.J.,Coldon,CB,,Active
6230,Javier Edwards,Javier,Edwards,NT,,Active
12686,Chase Lundt,Chase,Lundt,OL,BUF,Active
11928,Spencer Rolland,Spencer,Rolland,OL,,Active
11470,Drake Thomas,Drake,Thomas,LB,SEA,Active
7678,Joseph Ossai,Joseph,Ossai,DE,NYJ,Active
11946,Marcus Rosemy-Jacksaint,Marcus,Rosemy-Jacksaint,WR,,Active
4823,Keevan Lucas,Keevan,Lucas,WR,,Active
5045,Courtland Sutton,Courtland,Sutton,WR,DEN,Active
1893,Trey Hopkins,Trey,Hopkins,C,,Active
8586,Ferrod Gardner,Ferrod,Gardner,DB,,Active
3724,Randall Jette,Randall,Jette,CB,,Active
5598,Daronte Bouldin,Daronte,Bouldin,OL,,Active
12232,Omar Brown,Omar,Brown,CB,MIA,Active
11388,Nolan Henderson,Nolan,Henderson,QB,,Active
4921,Joe Fortunato,Joe,Fortunato,LS,,Active
8034,Alfredo Gutierrez,Alfredo,Gutierrez,OL,,Active
12833,Savion Washington,Savion,Washington,OL,,Active
9497,Jalin Hyatt,Jalin,Hyatt,WR,NYG,Active
11317,Montrae Braswell,Montrae,Braswell,CB,,Active
6509,Marcus Applefield,Marcus,Applefield,OT,,Active
1977,Josh Walker,Josh,Walker,G,,Inactive
3480,V'Angelo Bentley,V'Angelo,Bentley,CB,,Active
869,Chris Harris,Chris,Harris,CB,,Active
3966,Nathaniel Hackett,Nathaniel,Hackett,,,Inactive
413,Dallas Reynolds,Dallas,Reynolds,C,,Inactive
12049,Aaron Beasley,Aaron,Beasley,LB,,Active
1379,Kyle Juszczyk,Kyle,Juszczyk,FB,SF,Active
44,Ahmad Brooks,Ahmad,Brooks,LB,,Inactive
CHI,,Chicago,Bears,DEF,CHI,
6591,Charles Jones,Charles,Jones,TE,,Inactive
4760,Kareem Are,Kareem,Are,G,,Active
4674,Jeremy Liggins,Jeremy,Liggins,DT,,Active
3912,Darnell Sankey,Darnell,Sankey,ILB,,Inactive
7175,Chris Rowland,Chris,Rowland,WR,,Active
1229,Jaye Howard,Jaye,Howard,DE,,Inactive
1501,Phillip Thomas,Phillip,Thomas,SS,,Inactive
769,Jordan Norwood,Jordan,Norwood,WR,,Inactive
5684,JoJo Wicker,JoJo,Wicker,DE,,Active
9492,Trey Palmer,Trey,Palmer,WR,NO,Active
4774,De'Mard Llorens,De'Mard,Llorens,RB,,Active
3934,Troymaine Pope,Troymaine,Pope,RB,,Active
2978,Mike Thornton,Mike,Thornton,DT,,Active
4021,Steve Sarkisian,Steve,Sarkisian,,,Inactive
3653,Brandon Williams,Brandon,Williams,TE,,Inactive
8482,Vederian Lowe,Vederian,Lowe,OT,SF,Active
1715,Cooper Helfet,Cooper,Helfet,TE,,Inactive
3124,Ray Horton,Ray,Horton,,,Inactive
6665,Jody Fortson,Jody,Fortson,TE,,Active
12772,Courtney Jackson,Courtney,Jackson,WR,TEN,Active
2071,Jarrod Pughsley,Jarrod,Pughsley,G,,Inactive
12927,Nazir Stackhouse,Nazir,Stackhouse,DL,GB,Active
3552,Wendall Williams,Wendall,Williams,WR,,Inactive
4968,Tremaine Edmunds,Tremaine,Edmunds,LB,NYG,Active
8909,Josh Black,Josh,Black,DT,,Active
3682,Dan Buchholz,Dan,Buchholz,OT,,Inactive
8570,Derek Wright,Derek,Wright,WR,,Active
12099,William Barnes,William,Barnes,T,,Active
8715,Noah Elliss,Noah,Elliss,DT,,Active
8306,John Ridgeway,John,Ridgeway,DL,NO,Active
11727,Payton Wilson,Payton,Wilson,LB,PIT,Active
3399,Jayron Kearse,Jayron,Kearse,DB,,Active
3144,Erik Harris,Erik,Harris,DB,,Active
63,Vonta Leach,Vonta,Leach,RB,,Inactive
2426,Doran Grant,Doran,Grant,CB,,Inactive
897,Shareece Wright,Shareece,Wright,CB,,Inactive
7645,Josh Myers,Josh,Myers,OL,NYJ,Active
11549,Caleb Sanders,Caleb,Sanders,DT,,Active
8122,Zonovan Knight,Zonovan,Knight,RB,ARI,Active
11953,Tramel Walthour,Tramel,Walthour,DL,,Active
2826,Troy Hill,Troy,Hill,CB,,Active
7594,Chuba Hubbard,Chuba,Hubbard,RB,CAR,Active
1086,Billy Winn,Billy,Winn,DT,,Inactive
5190,Cory Helms,Cory,Helms,G,,Active
933,DJ Smith,DJ,Smith,K,,Inactive
5120,Danny Etling,Danny,Etling,QB,,Active
3963,Shahid Khan,Shahid,Khan,,,Inactive
1478,Menelik Watson,Menelik,Watson,G,,Inactive
1003,Trindon Holliday,Trindon,Holliday,WR,,Inactive
1201,Chris Givens,Chris,Givens,WR,,Inactive
7947,Kayode Awosika,Kayode,Awosika,OL,LAC,Active
5479,Tre Herndon,Tre,Herndon,CB,,Active
13507,Enrique Cruz,Enrique,Cruz,OL,SF,Active
4853,Jerod Evans,Jerod,Evans,QB,,Active
11954,Corey Bullock,Corey,Bullock,OL,BAL,Active
3129,Pat Shurmur,Pat,Shurmur,,,Inactive
107,Calvin Pace,Calvin,Pace,LB,,Inactive
7692,Kendrick Green,Kendrick,Green,C,CLE,Active
14012,Jahari Rogers,Jahari,Rogers,DB,,Active
4536,Jason Croom,Jason,Croom,TE,,Active
1011,A.Q. Shipley,A.Q.,Shipley,C,,Inactive
4940,DeSean Smith,DeSean,Smith,TE,,Active
6879,Quartney Davis,Quartney,Davis,WR,,Active
6189,Zedrick Woods,Zedrick,Woods,FS,,Active
8554,Aron Johnson,Aron,Johnson,OL,,Active
3752,Ian Seau,Ian,Seau,DE,,Active
13793,Xavier Nwankpa,Xavier,Nwankpa,DB,KC,Active
13643,Michael Heldman,Michael,Heldman,DE,NO,Active
11944,Trey Vaval,Trey,Vaval,CB,,Active
1347,Chris Gragg,Chris,Gragg,TE,,Inactive
11508,Princeton Fant,Princeton,Fant,TE,DAL,Active
1686,Tony Jefferson,Tony,Jefferson,DB,LAC,Active
4028,Winston Chapman,Winston,Chapman,LS,,Active
5427,LaQuvionte Gonzalez,LaQuvionte,Gonzalez,WR,,Active
7917,Turner Bernard,Turner,Bernard,LS,,Active
6675,Abraham Wallace,Abraham,Wallace,FS,,Active
2070,Dashaun Phillips,Dashaun,Phillips,CB,,Inactive
11066,Austin Ajiake,Austin,Ajiake,LB,IND,Active
3852,Jaydon Mickens,Jaydon,Mickens,WR,,Active
5887,Dru Samia,Dru,Samia,OL,,Active
11834,Devaughn Vele,Devaughn,Vele,WR,NO,Active
2072,Jocquel Skinner,Jocquel,Skinner,S,,Inactive
11228,Jordan Ferguson,Jordan,Ferguson,DE,,Active
713,Kendrick Lewis,Kendrick,Lewis,FS,,Inactive
8810,Amon Simon,Amon,Simon,T,,Inactive
13611,Marcus Allen,Marcus,Allen,CB,MIN,Active
2332,Byron Jones,Byron,Jones,CB,,Active
730,LeGarrette Blount,LeGarrette,Blount,RB,,Injured Reserve
1635,Timothy Wright,Timothy,Wright,TE,,Inactive
6567,Keaton Sutherland,Keaton,Sutherland,G,,Inactive
3858,Miles Shuler,Miles,Shuler,WR,,Inactive
12037,Reddy Steward,Reddy,Steward,CB,DAL,Active
11333,Mark Milton,Mark,Milton,CB,,Active
5240,Daniel Marx,Daniel,Marx,FB,,Active
7099,Tom Flacco,Tom,Flacco,QB,,Inactive
4734,Ezekiel Bigger,Ezekiel,Bigger,OLB,,Active
2981,Ross Scheuerman,Ross,Scheuerman,RB,,Active
8578,Raheem Layne,Raheem,Layne,DB,NYG,Active
11789,Joshua Karty,Joshua,Karty,K,,Active
13397,Keith Abney,Keith,Abney,DB,DET,Active
13208,Kyrese Rowan,Kyrese,Rowan,WR,,Active
4342,Quincy Adeboyejo,Quincy,Adeboyejo,WR,,Inactive
1801,Quron Pratt,Quron,Pratt,WR,,Inactive
4811,Austin Calitro,Austin,Calitro,LB,,Active
7452,Josh Pearson,Josh,Pearson,WR,,Active
5252,Ray Lawry,Ray,Lawry,RB,,Active
11493,Jordan Murray,Jordan,Murray,TE,,Inactive
502,Bear Pascoe,Bear,Pascoe,TE,,Inactive
6827,Bradlee Anae,Bradlee,Anae,DE,,Inactive
4346,Omarius Bryant,Omarius,Bryant,NT,,Active
7194,Aaron Crawford,Aaron,Crawford,DT,,Active
4513,Keith Kelsey,Keith,Kelsey,ILB,,Active
8548,Chris Moore,Chris,Moore,DB,,Active
12341,Markese Stepp,Markese,Stepp,RB,,Active
3394,Trevor Bates,Trevor,Bates,ILB,,Inactive
11845,LaDarius Henderson,LaDarius,Henderson,OL,,Active
5246,Jake Roh,Jake,Roh,TE,,Active
3112,Bob Quinn,Bob,Quinn,,,Inactive
7472,Sam Tecklenburg,Sam,Tecklenburg,C,,Active
2640,Isaiah Johnson,Isaiah,Johnson,FS,,Inactive
293,Maurice Jones-Drew,Maurice,Jones-Drew,RB,,Inactive
122,Miles Austin,Miles,Austin,WR,,Inactive
12196,Jayden Price,Jayden,Price,CB,NO,Active
334,Andy Levitre,Andy,Levitre,G,,Injured Reserve
7408,Prince Smith,Prince,Smith,DB,,Active
3879,Jimmy Pruitt,Jimmy,Pruitt,CB,,Active
2844,Brandon Person,Brandon,Person,SS,,Inactive
5036,Justin Reid,Justin,Reid,DB,NO,Active
13326,DT Sheffield,DT,Sheffield,WR,NYJ,Active
12709,Myles Hinton,Myles,Hinton,OT,PHI,Active
3483,Mike Rose,Mike,Rose,DE,,Active
5254,Jimmy Williams,Jimmy,Williams,WR,,Active
11967,Don Chapman,Don,Chapman,DB,,Active
245,Thomas Howard,Thomas,Howard,K,,Inactive
3999,George Godsey,George,Godsey,,,Inactive
13365,Anthony Hill,Anthony,Hill,LB,TEN,Active
3348,Kolby Listenbee,Kolby,Listenbee,WR,,Inactive
3701,Ed Eagan,Ed,Eagan,WR,,Inactive
6272,Gerri Green,Gerri,Green,DE,,Active
5624,Keith Ford,Keith,Ford,RB,,Inactive
6850,Harrison Bryant,Harrison,Bryant,TE,,Active
6483,Markus Jones,Markus,Jones,OLB,,Active
3069,J.R. Tavai,J.R.,Tavai,LB,,Inactive
1074,Kevin Zeitler,Kevin,Zeitler,OG,,Active
7892,AJ Parker,AJ,Parker,CB,,Active
3591,Darius White,Darius,White,CB,,Active
11108,Anfernee Orji,Anfernee,Orji,LB,NYG,Active
3166,Myles Jack,Myles,Jack,LB,,Active
5096,Ray-Ray McCloud,Ray-Ray,McCloud,WR,,Active
12582,Marcus Mbow,Marcus,Mbow,OL,NYG,Active
5823,Tristan Vizcaino,Tristan,Vizcaino,K,,Active
3811,Alstevis Squirewell,Alstevis,Squirewell,RB,,Active
7100,Derrick Dillon,Derrick,Dillon,WR,,Active
4098,Kareem Hunt,Kareem,Hunt,RB,,Active
4802,Derrick Nelson,Derrick,Nelson,C,,Active
4989,Austin Corbett,Austin,Corbett,OL,BUF,Active
4880,Mike Sullivan,Mike,Sullivan,,,Inactive
11440,Art Green,Art,Green,CB,NYG,Active
4329,Chris Muller,Chris,Muller,G,,Active
11813,Michael Jerrell,Michael,Jerrell,OT,ATL,Active
835,Greg Little,Greg,Little,WR,,Inactive
11920,Joe Shimko,Joe,Shimko,LS,,Active
13402,Skyler Bell,Skyler,Bell,WR,BUF,Active
6644,Curtis Akins,Curtis,Akins,OLB,,Active
5507,Secdrick Cooper,Secdrick,Cooper,S,,Active
8127,Charlie Kolar,Charlie,Kolar,TE,LAC,Active
5969,Chuma Edoga,Chuma,Edoga,OT,JAX,Active
3983,Dave Toub,Dave,Toub,,,Inactive
2094,Zach Hocker,Zach,Hocker,K,,Inactive
3509,Glenn Gronkowski,Glenn,Gronkowski,FB,,Inactive
2190,Adarius Taylor,Adarius,Taylor,LB,,Active
2005,Corey Nelson,Corey,Nelson,LB,,Active
12001,Lawrence Keys,Lawrence,Keys,WR,DET,Active
12883,Joshua Simon,Joshua,Simon,TE,ATL,Active
7965,Cameron Kinley,Cameron,Kinley,CB,,Active
4291,Travis Averill,Travis,Averill,G,,Active
12156,James Turner,James,Turner,K,,Active
13596,Mikail Kamara,Mikail,Kamara,DE,,Active
5883,Lonnie Johnson,Lonnie,Johnson,DB,MIA,Active
1661,T.J. Barnes,T.J.,Barnes,DT,,Inactive
7115,Charlie Heck,Charlie,Heck,T,MIA,Active
2244,Kareem Martin,Kareem,Martin,LB,,Active
3574,John Lunsford,John,Lunsford,K,,Active
5103,Dylan Cantrell,Dylan,Cantrell,TE,,Active
3200,Sterling Shepard,Sterling,Shepard,WR,,Active
4089,Gerald Everett,Gerald,Everett,TE,,Active
8760,Dre Miller,Dre,Miller,TE,,Active
2671,Josh Lambo,Josh,Lambo,K,,Active
11407,Malik Hamm,Malik,Hamm,LB,,Active
8418,Jared Smart,Jared,Smart,WR,,Active
6175,Kerrith Whyte,Kerrith,Whyte,RB,GB,Active
13820,Tucker Large,Tucker,Large,DB,PHI,Active
5306,Travin Howard,Travin,Howard,LB,,Active
3878,Austin Traylor,Austin,Traylor,TE,,Inactive
13989,E.J. Warner,E.J.,Warner,QB,,Active
12122,John Morgan,John,Morgan,DE,,Active
2390,Tyler Kroft,Tyler,Kroft,TE,,Active
6273,P.J. Johnson,P.J.,Johnson,DT,LV,Active
7072,Michael Turk,Michael,Turk,P,,Inactive
2341,T.J. Yeldon,T.J.,Yeldon,RB,,Inactive
11358,Jamal Woods,Jamal,Woods,DL,,Active
3393,Devin Fuller,Devin,Fuller,WR,,Active
8047,Shaun Crawford,Shaun,Crawford,CB,,Active
11765,Kris Abrams-Draine,Kris,Abrams-Draine,DB,DEN,Active
2424,Andrew Donnal,Andrew,Donnal,T,,Inactive
8888,Kameron Brown,Kameron,Brown,WR,,Active
7348,Dayan Lake,Dayan,Lake,DB,LAR,Active
3750,Brian Randolph,Brian,Randolph,FS,,Inactive
4718,Dare Ogunbowale,Dare,Ogunbowale,RB,,Active
13182,Tre'vonn Rybka,Tre'vonn,Rybka,DL,,Active
271,Greg Warren,Greg,Warren,LS,,Inactive
7375,Keith Washington,Keith,Washington,DB,,Inactive
6251,Reggie Howard,Reggie,Howard,DT,,Active
6991,Erroll Thompson,Erroll,Thompson,LB,,Active
442,Geoff Schwartz,Geoff,Schwartz,G,,Inactive
7855,Blake Haubeil,Blake,Haubeil,K,,Active
8431,Chase Garbers,Chase,Garbers,QB,,Active
2798,Marcus Rush,Marcus,Rush,OLB,,Inactive
5114,Duplicate Player,Duplicate,Player,,,Inactive
5444,William Ossai,William,Ossai,LB,,Active
7559,Ihmir Smith-Marsette,Ihmir,Smith-Marsette,WR,ARI,Active
11536,Milton Wright,Milton,Wright,WR,,Active
1552,Terron Armstead,Terron,Armstead,T,,Active
6027,Nate Hall,Nate,Hall,LB,,Active
12704,Warren Brinson,Warren,Brinson,DL,GB,Active
994,Michael Morgan,Michael,Morgan,LB,,Inactive
5779,Blake Jackson,Blake,Jackson,WR,,Inactive
2172,Jake Matthews,Jake,Matthews,T,ATL,Active
3520,Jay Lee,Jay,Lee,WR,,Active
8273,Phidarian Mathis,Phidarian,Mathis,DL,BUF,Active
5816,Nick Bosa,Nick,Bosa,DE,SF,Active
2588,Malcolm Brown,Malcolm,Brown,RB,,Active
2649,Kyle Brindza,Kyle,Brindza,K,,Inactive
13159,O'Donnell Fortune,O'Donnell,Fortune,CB,,Active
5712,Tyrice Beverette,Tyrice,Beverette,FS,,Active
4763,Jerry Richardson,Jerry,Richardson,,,Inactive
4166,Carlos Watkins,Carlos,Watkins,DE,,Active
6435,George Aston,George,Aston,FB,,Active
1108,Jerrell Freeman,Jerrell,Freeman,LB,,Inactive
11748,Bub Means,Bub,Means,WR,NO,Active
5744,Eldridge Massington,Eldridge,Massington,WR,NO,Active
12412,Terrell Jennings,Terrell,Jennings,RB,NE,Active
10948,Carter Warren,Carter,Warren,OL,MIA,Inactive
5847,Dexter Lawrence,Dexter,Lawrence,DT,CIN,Active
8200,Kevin Austin,Kevin,Austin,WR,NO,Active
886,Taiwan Jones,Taiwan,Jones,RB,,Active
5512,Brendan Mahon,Brendan,Mahon,G,,Inactive
7486,Frankie Griffin,Frankie,Griffin,LB,,Active
380,Rashad Jennings,Rashad,Jennings,RB,,Inactive
6731,Jason Davis,Jason,Davis,OLB,,Inactive
3764,Andrew Adams,Andrew,Adams,DB,,Active
7528,Najee Harris,Najee,Harris,RB,,Active
12380,Te'Cory Couch,Te'Cory,Couch,CB,BUF,Active
13071,Marques Cox,Marques,Cox,OT,MIA,Active
8866,JoJo Ozougwu,JoJo,Ozougwu,DE,,Active
5925,Terry Beckner,Terry,Beckner,DT,,Inactive
4562,Jamal Marcus,Jamal,Marcus,LB,,Inactive
13107,Johnathan Edwards,Johnathan,Edwards,DB,IND,Active
1083,Mitchell Schwartz,Mitchell,Schwartz,T,,Active
5764,Juante Baldwin,Juante,Baldwin,CB,,Active
CIN,,Cincinnati,Bengals,DEF,CIN,
4246,Jalen Myrick,Jalen,Myrick,CB,,Inactive
13725,Dominic Richardson,Dominic,Richardson,RB,DAL,Active
7219,Branden Bowen,Branden,Bowen,OL,,Active
13515,Billy Schrauth,Billy,Schrauth,G,TB,Active
896,Scott Tolzien,Scott,Tolzien,QB,,Inactive
5453,Colton Jumper,Colton,Jumper,OLB,,Active
8745,Lance McCutcheon,Lance,McCutcheon,WR,TEN,Active
12711,Tyler Loop,Tyler,Loop,K,BAL,Active
5898,Michael Deiter,Michael,Deiter,OL,DEN,Active
13594,Latrell McCutchin,Latrell,McCutchin,DB,,Active
12920,Dean Clark,Dean,Clark,DB,NYJ,Active
3184,William Jackson,William,Jackson,CB,,Inactive
12806,Jacobe Covington,Jacobe,Covington,CB,,Active
7319,Jeff Cotton,Jeff,Cotton,WR,,Inactive
3840,Max McCaffrey,Max,McCaffrey,WR,,Inactive
2686,Khari Lee,Khari,Lee,TE,,Inactive
12782,Brandon Crenshaw-Dickson,Brandon,Crenshaw-Dickson,OT,TEN,Active
4121,Eddie Vanderdoes,Eddie,Vanderdoes,DT,SF,Active
11442,Darrious Gaines,Darrious,Gaines,CB,,Active
13169,Philip Blidi,Philip,Blidi,DL,,Active
1861,Trevor Reilly,Trevor,Reilly,LB,,Inactive
938,Larry Dean,Larry,Dean,OLB,,Inactive
4849,Armagedon Draughn,Armagedon,Draughn,FS,,Active
8255,Raheem Blackshear,Raheem,Blackshear,RB,,Active
8293,Coby Bryant,Coby,Bryant,DB,CHI,Active
444,Malcolm Jenkins,Malcolm,Jenkins,SS,NO,Active
8915,Drew Plitt,Drew,Plitt,QB,,Active
5058,Kemoko Turay,Kemoko,Turay,DE,,Inactive
9482,Michael Mayer,Michael,Mayer,TE,LV,Active
264,Greg Jennings,Greg,Jennings,WR,,Inactive
3126,Terry Robiskie,Terry,Robiskie,,,Inactive
6307,Jordan Kunaszyk,Jordan,Kunaszyk,LB,,Inactive
6787,Jedrick Wills,Jedrick,Wills,OT,CHI,Active
6579,Shakial Taylor,Shakial,Taylor,CB,,Active
799,Kelvin Sheppard,Kelvin,Sheppard,LB,,Inactive
2639,Tony Jones,Tony,Jones,WR,,Active
8191,Slade Bolden,Slade,Bolden,WR,,Active
8925,Tre Avery,Tre,Avery,CB,CLE,Active
2524,Jake Rodgers,Jake,Rodgers,T,,Active
2215,Kadeem Edwards,Kadeem,Edwards,G,,Inactive
1256,Michael Egnew,Michael,Egnew,TE,,Inactive
2013,Lou Young,Lou,Young,CB,,Inactive
138,Ben Roethlisberger,Ben,Roethlisberger,QB,PIT,Active
3592,Isaiah Johnson,Isaiah,Johnson,FS,,Inactive
8830,Wesley French,Wesley,French,OL,,Active
4526,Krishawn Hogan,Krishawn,Hogan,WR,,Active
12390,Darius Hodges,Darius,Hodges,DE,,Active
2766,Alonzo Harris,Alonzo,Harris,RB,,Inactive
2112,Charles Leno,Charles,Leno,T,,Inactive
1912,Terrance West,Terrance,West,RB,,Inactive
2589,Ryan Delaire,Ryan,Delaire,DE,,Inactive
7016,Jeremy Chinn,Jeremy,Chinn,DB,LV,Active
11924,Tanner Mordecai,Tanner,Mordecai,QB,,Active
2020,Cairo Santos,Cairo,Santos,K,CHI,Active
13730,Diego Pounds,Diego,Pounds,OT,BAL,Active
1879,Sammy Seamster,Sammy,Seamster,CB,,Inactive
2695,Lynden Trail,Lynden,Trail,OLB,,Inactive
8669,Sage Doxtater,Sage,Doxtater,OL,,Inactive
712,Javier Arenas,Javier,Arenas,CB,,Inactive
3412,Devon Johnson,Devon,Johnson,RB,,Active
8515,Christian Matthew,Christian,Matthew,DB,,Active
6110,Lester Cotton,Lester,Cotton,G,,Active
11862,Luke Benson,Luke,Benson,TE,,Active
6617,Andre Lindsey,Andre,Lindsey,WR,,Active
169,Steve Smith,Steve,Smith,WR,,Inactive
12119,Charles Turner,Charles,Turner,OL,,Active
10968,Asim Richards,Asim,Richards,OL,NO,Active
1051,Quinton Coples,Quinton,Coples,DE,,Inactive
6727,Joe Walker,Joe,Walker,WR,,Active
7042,Tyler Bass,Tyler,Bass,K,BUF,Active
1842,Derrick Johnson,Derrick,Johnson,WR,,Active
3204,C.J. Prosise,C.J.,Prosise,RB,,Active
8456,Logan Bruss,Logan,Bruss,OL,,Active
4310,Terrish Webb,Terrish,Webb,FS,,Active
6871,Cameron Dantzler,Cameron,Dantzler,CB,,Active
2138,Demetri Goodson,Demetri,Goodson,CB,,Inactive
1292,Robert Hughes,Robert,Hughes,FB,,Inactive
8800,Malik Davis,Malik,Davis,RB,DAL,Active
3110,John Harbaugh,John,Harbaugh,,,Inactive
815,Nick Bellore,Nick,Bellore,LB,,Active
393,Bruce Gradkowski,Bruce,Gradkowski,QB,,Inactive
4539,Greg Pyke,Greg,Pyke,G,,Active
1860,Brent Qvale,Brent,Qvale,OT,,Active
7941,Nick Ralston,Nick,Ralston,RB,,Active
7337,Easop Winston,Easop,Winston,WR,,Active
4203,Anthony Walker,Anthony,Walker,LB,,Active
11241,Junior Aho,Junior,Aho,DL,,Active
431,Jamarca Sanford,Jamarca,Sanford,SS,,Inactive
12665,Yahya Black,Yahya,Black,DT,PIT,Active
13797,Donovan Branch,Donovan,Branch,LB,,Active
14038,Trayvon Rudolph,Trayvon,Rudolph,WR,MIN,Active
12377,Anthony Averett,Anthony,Averett,DB,,Active
10918,Mekhi Blackmon,Mekhi,Blackmon,CB,IND,Active
1342,Bennie Logan,Bennie,Logan,NT,,Inactive
4435,Anthony Firkser,Anthony,Firkser,TE,DET,Active
2062,Anthony Hitchens,Anthony,Hitchens,LB,KC,Active
8345,Bubba Bolden,Bubba,Bolden,DB,,Active
434,Garrett Reynolds,Garrett,Reynolds,G,,Inactive
854,Derek Newton,Derek,Newton,T,,Inactive
5174,Tegray Scales,Tegray,Scales,LB,,Active
1638,Darryl Morris,Darryl,Morris,CB,,Inactive
892,Andrew Gachkar,Andrew,Gachkar,LB,,Inactive
6360,Chandler Miller,Chandler,Miller,C,,Active
8341,Cam Taylor-Britt,Cam,Taylor-Britt,DB,IND,Active
1988,Brandon Linder,Brandon,Linder,OL,JAX,Active
779,George Johnson,George,Johnson,DE,,Inactive
3498,Greg Milhouse,Greg,Milhouse,DT,,Active
5,Dallas Clark,Dallas,Clark,TE,,Inactive
6106,Taiwan Deal,Taiwan,Deal,RB,,Inactive
3332,Andy Janovich,Andy,Janovich,FB,,Active
6867,Malik Harrison,Malik,Harrison,LB,PIT,Active
7355,Nick Kaltmayer,Nick,Kaltmayer,OT,,Active
631,Alex Boone,Alex,Boone,OG,,Inactive
4654,Cameron Johnston,Cameron,Johnston,P,PIT,Active
2540,Ifo Ekpre-Olomu,Ifo,Ekpre-Olomu,CB,,Inactive
3833,Matt Smalley,Matt,Smalley,CB,,Inactive
4308,Deron Washington,Deron,Washington,FS,,Active
4717,Bryce Jones,Bryce,Jones,CB,,Active
13278,Max Klare,Max,Klare,TE,LAR,Active
1904,Justin Gilbert,Justin,Gilbert,CB,,Inactive
12576,Benjamin Morrison,Benjamin,Morrison,DB,TB,Active
12803,Luke Grimm,Luke,Grimm,WR,LAC,Active
11872,Thomas Harper,Thomas,Harper,DB,DET,Active
7532,Rakeem Boyd,Rakeem,Boyd,RB,,Inactive
4740,William Likely,William,Likely,CB,,Active
11558,Sam Hartman,Sam,Hartman,QB,WAS,Active
4889,Randy Fichtner,Randy,Fichtner,,,Inactive
8352,Chris Steele,Chris,Steele,DB,,Active
12087,Emany Johnson,Emany,Johnson,DB,LAC,Active
13390,Peter Woods,Peter,Woods,DL,KC,Active
6833,Bryce Hall,Bryce,Hall,CB,,Active
10973,Nick Hampton,Nick,Hampton,LB,CAR,Active
5200,Dee Liner,Dee,Liner,DE,,Active
130,Eric Weems,Eric,Weems,WR,,Inactive
3958,Jimmy Bean,Jimmy,Bean,DE,,Active
8843,Bamidele Olaseni,Bamidele,Olaseni,OT,,Inactive
2060,JC Copeland,JC,Copeland,FB,,Inactive
8573,Talolo Limi-Jones,Talolo,Limi-Jones,WR,,Active
5685,Chad Meredith,Chad,Meredith,OLB,,Active
11996,Xavier Delgado,Xavier,Delgado,G,,Active
4472,Cole Gardner,Cole,Gardner,OT,,Active
731,Ted Larsen,Ted,Larsen,OG,,Active
3666,David Mims,David,Mims,CB,,Inactive
1065,Orson Charles,Orson,Charles,TE,,Inactive
5939,Terrill Hanks,Terrill,Hanks,OLB,,Active
1625,Josh Johnson,Josh,Johnson,CB,,Inactive
1477,Mychal Rivera,Mychal,Rivera,TE,,Inactive
6576,Toa Lobendahn,Toa,Lobendahn,C,,Inactive
1896,Lavelle Westbrooks,Lavelle,Westbrooks,CB,,Inactive
8239,Ricky Person,Ricky,Person,RB,,Active
10863,A.T. Perry,A.T.,Perry,WR,PIT,Active
8677,Isaiah Pryor,Isaiah,Pryor,LB,,Active
4236,Joey Ivie,Joey,Ivie,DT,,Active
11969,Xavier Johnson,Xavier,Johnson,WR,CIN,Active
1290,Jermaine Kearse,Jermaine,Kearse,WR,,Injured Reserve
2831,Jude Adjei-Barimah,Jude,Adjei-Barimah,CB,,Inactive
10235,Roschon Johnson,Roschon,Johnson,RB,CHI,Active
4337,Ethan Cooper,Ethan,Cooper,C,,Active
12726,Kobee Minor,Kobee,Minor,DB,NE,Active
12183,Chris Roland-Wallace,Chris,Roland-Wallace,CB,KC,Active
752,O'Brien Schofield,O'Brien,Schofield,LB,,Inactive
1806,Jaylen Watkins,Jaylen,Watkins,SS,,Inactive
6947,K'Von Wallace,K'Von,Wallace,DB,BAL,Active
13235,Tyson Russell,Tyson,Russell,CB,,Active
12590,Alfred Collins,Alfred,Collins,DL,SF,Active
248,Luke McCown,Luke,McCown,QB,,Injured Reserve
4398,De'Veon Smith,De'Veon,Smith,RB,,Inactive
12671,Elijah Roberts,Elijah,Roberts,DT,TB,Active
12743,Junior Bergen,Junior,Bergen,WR,SF,Active
1467,Eric Kush,Eric,Kush,OL,,Inactive
7278,Jan Johnson,Jan,Johnson,LB,,Active
4534,Pasoni Tasini,Pasoni,Tasini,DE,,Inactive
12347,Mayan Ahanotu,Mayan,Ahanotu,DL,,Active
11769,Caelen Carson,Caelen,Carson,DB,DAL,Active
3451,Ka'imi Fairbairn,Ka'imi,Fairbairn,K,HOU,Active
4852,Bill Lazor,Bill,Lazor,,,Inactive
2074,Devin Street,Devin,Street,WR,,Injured Reserve
3510,Ron Thompson,Ron,Thompson,DE,,Inactive
12977,Brandon Crossley,Brandon,Crossley,CB,NE,Active
3155,Laquon Treadwell,Laquon,Treadwell,WR,IND,Active
13135,Garnett Hollis,Garnett,Hollis,CB,,Active
1620,Jahleel Addae,Jahleel,Addae,DB,,Active
12278,Jacob Sirmon,Jacob,Sirmon,QB,,Active
4292,Marcelis Branch,Marcelis,Branch,SS,,Active
8162,Sam Howell,Sam,Howell,QB,DAL,Active
11934,Tyler Owens,Tyler,Owens,DB,WAS,Active
6674,Garrett McGhin,Garrett,McGhin,OT,,Active
6706,Sione Teuhema,Sione,Teuhema,OLB,,Active
11560,Caleb Williams,Caleb,Williams,QB,CHI,Active
8009,Dylan Moses,Dylan,Moses,LB,JAX,Active
13948,Liam Brown,Liam,Brown,OG,CIN,Active
7003,Damien Lewis,Damien,Lewis,G,CAR,Active
11891,Kyle Hergel,Kyle,Hergel,OL,CHI,Active
7478,Luther Kirk,Luther,Kirk,DB,,Active
2247,Walter Powell,Walter,Powell,WR,,Inactive
13434,Will Kacmarek,Will,Kacmarek,TE,MIA,Active
8196,Ty Fryfogle,Ty,Fryfogle,WR,,Active
8920,Devin Jones,Devin,Jones,CB,,Active
2927,Keshawn Hill,Keshawn,Hill,RB,,Active
1281,DeAndre Presley,DeAndre,Presley,CB,,Inactive
31,Elvis Dumervil,Elvis,Dumervil,DE,,Inactive
5936,Nate Davis,Nate,Davis,G,,Active
13877,Maximus Pulley,Maximus,Pulley,DB,PHI,Active
1247,Griff Whalen,Griff,Whalen,WR,,Injured Reserve
6635,Derrick Kelly,Derrick,Kelly,OL,,Active
12397,Joe Andreessen,Joe,Andreessen,LB,BUF,Active
4390,Matt Haack,Matt,Haack,P,WAS,Active
2194,Trai Turner,Trai,Turner,G,,Active
12856,Zion Childress,Zion,Childress,DB,DAL,Active
7962,Sadarius Hutcherson,Sadarius,Hutcherson,OG,,Active
3677,Cavellis Luckett,Cavellis,Luckett,ILB,,Active
1554,Rufus Johnson,Rufus,Johnson,LB,,Inactive
2117,Jerome Couplin,Jerome,Couplin,SS,,Inactive
8880,Nick Grant,Nick,Grant,CB,,Active
2148,Khyri Thornton,Khyri,Thornton,DT,,Inactive
6012,Travis Homer,Travis,Homer,RB,PIT,Active
7689,Robert Hainsey,Robert,Hainsey,OL,JAX,Active
5867,Dalton Risner,Dalton,Risner,G,CIN,Active
5803,Jacob Judd,Jacob,Judd,C,,Inactive
9490,Tyler Scott,Tyler,Scott,WR,LAR,Active
7033,Debione Renfro,Debione,Renfro,CB,,Inactive
560,Demaryius Thomas,Demaryius,Thomas,WR,,Active
7671,Benjamin St-Juste,Benjamin,St-Juste,DB,GB,Active
8149,Master Teague,Master,Teague,RB,,Active
336,Joe Berger,Joe,Berger,G,,Inactive
855,Brooks Reed,Brooks,Reed,LB,,Inactive
1224,Darius Fleming,Darius,Fleming,LB,,Inactive
12719,Mason Richman,Mason,Richman,OL,SEA,Active
2476,James O'Shaughnessy,James,O'Shaughnessy,TE,,Active
5130,Auden Tate,Auden,Tate,WR,,Active
7398,Reggie Walker,Reggie,Walker,LB,,Active
2104,Ka'Deem Carey,Ka'Deem,Carey,RB,,Injured Reserve
1154,Ryan Broyles,Ryan,Broyles,WR,,Inactive
4011,Terry McDonough,Terry,McDonough,,,Inactive
181,Drew Stanton,Drew,Stanton,QB,,Active
4349,Taquan Mizzell,Taquan,Mizzell,RB,NYG,Inactive
913,Shaun Draughn,Shaun,Draughn,RB,,Inactive
1740,Ben Jacobs,Ben,Jacobs,LB,,Inactive
4457,J.P. Flynn,J.P.,Flynn,G,,Inactive
8000,Zayne Anderson,Zayne,Anderson,DB,MIA,Active
11061,Emil Ekiyor,Emil,Ekiyor,OG,,Active
3353,Dan Vitale,Dan,Vitale,FB,,Injured Reserve
8356,Yusuf Corker,Yusuf,Corker,DB,,Active
2821,Jake Kumerow,Jake,Kumerow,WR,,Inactive
3539,Carlos Wray,Carlos,Wray,DE,,Active
13040,Marquise Robinson,Marquise,Robinson,DB,BAL,Active
8063,George Silvanic,George,Silvanic,DT,,Active
6681,Riley Mayfield,Riley,Mayfield,OT,,Active
13922,Sam Hagen,Sam,Hagen,OL,HOU,Active
971,Rob Housler,Rob,Housler,TE,,Inactive
6798,Jalen Reagor,Jalen,Reagor,WR,MIA,Active
4861,Kent Taylor,Kent,Taylor,TE,,Active
8441,Justin Hall,Justin,Hall,WR,,Active
10910,Matthew Bergeron,Matthew,Bergeron,OL,ATL,Active
6593,Spencer Schnell,Spencer,Schnell,WR,,Inactive
2816,Toby Johnson,Toby,Johnson,DT,,Inactive
6359,C.J. Worton,C.J.,Worton,WR,,Active
12616,Shemar Turner,Shemar,Turner,DE,CHI,Active
7351,Kirk Merritt,Kirk,Merritt,WR,,Active
14007,Andrew Jones,Andrew,Jones,LB,,Active
7813,Shemar Jean-Charles,Shemar,Jean-Charles,CB,SEA,Active
12379,David Ugwoegbu,David,Ugwoegbu,DE,,Active
1106,Vick Ballard,Vick,Ballard,RB,,Inactive
12346,Keonte Lusk,Keonte,Lusk,CB,,Active
4982,Mike Hughes,Mike,Hughes,CB,ATL,Active
2797,Shawn Lemon,Shawn,Lemon,OLB,,Inactive
1157,Travis Lewis,Travis,Lewis,LB,,Inactive
7238,Josh Knipfel,Josh,Knipfel,T,,Active
7459,Rashod Berry,Rashod,Berry,LB,,Active
13985,William Wright,William,Wright,DB,,Active
13442,Keylan Rutledge,Keylan,Rutledge,G,HOU,Active
5588,Paul Butler,Paul,Butler,TE,,Inactive
7322,Josh Dunlop,Josh,Dunlop,OL,,Inactive
1400,Justin Staples,Justin,Staples,LB,,Inactive
13698,Max Tomczak,Max,Tomczak,WR,BUF,Active
2905,Josh Reese,Josh,Reese,WR,,Active
7224,Sam Franklin,Sam,Franklin,DB,BUF,Active
8850,Ben Stille,Ben,Stille,DT,,Active
5526,Darious Williams,Darious,Williams,CB,,Active
2077,Justin Anderson,Justin,Anderson,OLB,,Inactive
12402,Ramon Jefferson,Ramon,Jefferson,RB,,Active
1867,Jace Davis,Jace,Davis,WR,,Inactive
2321,Kevin Johnson,Kevin,Johnson,CB,,Injured Reserve
12426,Liam Fornadel,Liam,Fornadel,OL,NYJ,Active
216,Tony Hills,Tony,Hills,T,,Inactive
7455,John Hurst,John,Hurst,WR,,Inactive
8752,Ja'Quan McMillian,Ja'Quan,McMillian,CB,DEN,Active
5054,Carlton Davis,Carlton,Davis,CB,NE,Active
8041,Shane Zylstra,Shane,Zylstra,TE,BUF,Active
8793,Glen Logan,Glen,Logan,DT,,Active
5979,Ryan Connelly,Ryan,Connelly,LB,,Active
1765,Myles White,Myles,White,WR,,Inactive
11238,Jaxson Kirkland,Jaxson,Kirkland,G,,Active
4035,Alvin Kamara,Alvin,Kamara,RB,NO,Active
4006,John Pagano,John,Pagano,,,Inactive
5701,Connor Flagel,Connor,Flagel,DE,,Active
7318,Gabe Nabers,Gabe,Nabers,FB,,Active
11989,D.J. Williams,D.J.,Williams,RB,,Inactive
1441,Kerwynn Williams,Kerwynn,Williams,RB,,Inactive
7281,Kameron Cline,Kameron,Cline,DE,,Active
2557,Jerry Lovelocke,Jerry,Lovelocke,QB,,Active
1540,Robert Alford,Robert,Alford,CB,,Active
8756,Brandon Johnson,Brandon,Johnson,WR,LV,Active
8415,Haggai Ndubuisi,Haggai,Ndubuisi,T,TB,Active
6036,Ryan Davis,Ryan,Davis,WR,,Active
5341,Taron Johnson,Taron,Johnson,CB,LV,Active
8711,Gene Pryor,Gene,Pryor,T,,Active
6596,Jalan McClendon,Jalan,McClendon,QB,,Active
3464,Marquez North,Marquez,North,WR,,Active
14043,Tywone Malone,Tywone,Malone,DT,CAR,Active
10874,Bryan Bresee,Bryan,Bresee,DT,NO,Active
1291,Emmanuel Lamur,Emmanuel,Lamur,LB,,Inactive
12594,JT Tuimoloau,JT,Tuimoloau,DL,IND,Active
5499,Salesi Uhatafe,Salesi,Uhatafe,G,,Active
7546,Tre Nixon,Tre,Nixon,WR,,Active
13144,Laki Tasi,Laki,Tasi,DL,TEN,Active
13722,Isaiah Nwokobia,Isaiah,Nwokobia,DB,CIN,Active
2836,Kenny Cook,Kenny,Cook,WR,,Active
13639,Alex Wollschlaeger,Alex,Wollschlaeger,OT,NO,Active
2432,Damien Wilson,Damien,Wilson,LB,,Active
2186,Carrington Byndom,Carrington,Byndom,CB,,Inactive
11569,Jarquez Hunter,Jarquez,Hunter,RB,LAR,Active
12005,Jack Browning,Jack,Browning,K/P,,Active
13609,Tristan Leigh,Tristan,Leigh,OL,MIN,Active
1040,Nigel Bradham,Nigel,Bradham,LB,,Active
13498,Drew Shelton,Drew,Shelton,OT,DAL,Active
8734,Brayden Thomas,Brayden,Thomas,DE,,Active
1544,Sean Renfree,Sean,Renfree,QB,,Inactive
13495,Travis Burke,Travis,Burke,OT,LAC,Active
5401,Armanti Foreman,Armanti,Foreman,WR,,Active
13738,Colby Humphrey,Colby,Humphrey,CB,,Active
998,K.J. Wright,K.J.,Wright,LB,,Active
1541,Malliciah Goodman,Malliciah,Goodman,DE,,Inactive
101,Jameel McClain,Jameel,McClain,ILB,,Inactive
12114,Joshua Cephus,Joshua,Cephus,WR,,Active
4014,Mike Nolan,Mike,Nolan,,,Inactive
1197,Michael Brockers,Michael,Brockers,DE,,Active
5537,Michael Carrizosa,Michael,Carrizosa,P,,Active
5586,Henry Poggi,Henry,Poggi,FB,,Active
4805,Pig Howard,Pig,Howard,WR,,Active
4048,Jordan Mudge,Jordan,Mudge,C,,Active
6652,Micah St. Andrew,Micah,St. Andrew,G,,Active
11538,Toriano Clinton,Toriano,Clinton,RB,,Active
12692,Hayden Conner,Hayden,Conner,OL,ARI,Active
13694,Kani Walker,Kani,Walker,DB,BUF,Active
4159,Ryan Glasgow,Ryan,Glasgow,DT,,Injured Reserve
3803,Elijhaa Penny,Elijhaa,Penny,RB,,Active
3947,Bruce Arians,Bruce,Arians,,,Inactive
4780,Folarin Orimolade,Folarin,Orimolade,OLB,,Active
13188,Gareth Warren,Gareth,Warren,OT,,Active
7079,Pete Guerriero,Pete,Guerriero,RB,,Active
5709,Luis Perez,Luis,Perez,QB,,Active
3913,Joel Hale,Joel,Hale,G,,Inactive
13742,De'Shawn Rucker,De'Shawn,Rucker,CB,DET,Active
1438,Montori Hughes,Montori,Hughes,DT,,Inactive
5922,Mike Bell,Mike,Bell,LB,,Active
8935,Julian Diaz,Julian,Diaz,P,,Active
11696,Roger Rosengarten,Roger,Rosengarten,OL,BAL,Active
13828,Channing Canada,Channing,Canada,CB,NE,Active
13522,Zakee Wheatley,Zakee,Wheatley,DB,CAR,Active
12698,Ajani Cornelius,Ajani,Cornelius,OL,DAL,Active
13087,Dante Barnett,Dante,Barnett,DL,,Active
3629,Justin Murray,Justin,Murray,OL,,Injured Reserve
1906,Jonathan Krause,Jonathan,Krause,WR,,Inactive
11069,Xavier Henderson,Xavier,Henderson,DB,,Active
7015,Jacob Breeland,Jacob,Breeland,TE,,Active
11320,Nikko Remigio,Nikko,Remigio,WR,KC,Active
11766,Jarvis Brownlee,Jarvis,Brownlee,DB,NYJ,Active
4644,Travis Rudolph,Travis,Rudolph,WR,,Inactive
5034,Martinas Rankin,Martinas,Rankin,OT,,Inactive
5147,Emmanuel Ellerbee,Emmanuel,Ellerbee,LB,ATL,Inactive
644,Walter Thurmond,Walter,Thurmond,S,,Inactive
13086,William Wagner,William,Wagner,LS,CIN,Active
13308,Bauer Sharp,Bauer,Sharp,TE,TB,Active
12097,Ayir Asante,Ayir,Asante,WR,,Active
776,Quintin Demps,Quintin,Demps,SS,,Inactive
6859,Prince Tega Wanogho,Prince Tega,Wanogho,T,,Active
11716,Tip Reiman,Tip,Reiman,TE,ARI,Active
1599,Tharold Simon,Tharold,Simon,CB,,Inactive
4719,Chris Thompson,Chris,Thompson,WR,,Inactive
4658,Jamal Perry,Jamal,Perry,CB,,Active
2653,Brian Parker,Brian,Parker,TE,,Inactive
6753,Derrick Gore,Derrick,Gore,RB,,Active
1990,Stephen Morris,Stephen,Morris,QB,,Inactive
8836,Forrest Rhyne,Forrest,Rhyne,LB,,Active
13319,Oscar Delp,Oscar,Delp,TE,NO,Active
11755,Qwan'tez Stiggers,Qwan'tez,Stiggers,CB,NYJ,Active
7114,Reggie Robinson,Reggie,Robinson,CB,,Active
11687,Edgerrin Cooper,Edgerrin,Cooper,LB,GB,Active
6763,Reggie Begelton,Reggie,Begelton,WR,,Active
12021,Jackson Mitchell,Jackson,Mitchell,LB,,Active
12166,Trey Potts,Trey,Potts,RB,,Active
13616,Da'Veawn Armstead,Da'Veawn,Armstead,CB,MIN,Active
7363,Jordan Fehr,Jordan,Fehr,LB,,Inactive
5368,Greg Stroman,Greg,Stroman,CB,,Active
8722,Jon Alexander,Jon,Alexander,DB,,Active
5740,Chucky Williams,Chucky,Williams,DB,,Active
6443,Eric Dungey,Eric,Dungey,QB,,Active
503,Graham Gano,Graham,Gano,K,,Active
2358,Jake Fisher,Jake,Fisher,T,,Inactive
3851,Denver Kirkland,Denver,Kirkland,G,,Inactive
8102,DeShon Williams,DeShon,Williams,TE,,Active
7034,David Dowell,David,Dowell,S,,Inactive
5113,Cedrick Wilson,Cedrick,Wilson,WR,DET,Active
11783,Ryan Flournoy,Ryan,Flournoy,WR,DAL,Active
13862,Treyvhon Saunders,Treyvhon,Saunders,WR,HOU,Active
11197,Joel Honigford,Joel,Honigford,TE,,Active
7166,T.J. Carter,T.J.,Carter,DE,,Active
2633,Trey Williams,Trey,Williams,RB,,Injured Reserve
1179,Jerel Worthy,Jerel,Worthy,DE,,Inactive
12678,Mac McWilliams,Mac,McWilliams,CB,PHI,Active
957,Cameron Jordan,Cameron,Jordan,DE,NO,Active
6121,Jawaan Taylor,Jawaan,Taylor,OL,ATL,Active
2209,George Uko,George,Uko,DE,,Inactive
3444,James Burgess,James,Burgess,LB,,Active
3098,Jerry Reese,Jerry,Reese,,,Inactive
8448,Cole Strange,Cole,Strange,OL,LAC,Active
4793,Peli Anau,Peli,Anau,DE,,Active
8811,James Empey,James,Empey,C,,Active
3187,Ryan Kelly,Ryan,Kelly,C,,Active
825,Jimmy Smith,Jimmy,Smith,CB,,Active
11861,Jacoby Windmon,Jacoby,Windmon,LB,PIT,Active
378,Pat McAfee,Pat,McAfee,P,,Inactive
5329,Armani Watts,Armani,Watts,DB,,Inactive
8813,Anthony Turner,Anthony,Turner,WR,,Active
8421,Mike Harley,Mike,Harley,WR,,Active
5648,Tyler Howell,Tyler,Howell,OT,,Active
8557,Diego Fagot,Diego,Fagot,LB,,Active
12896,Simeon Barrow,Simeon,Barrow,DT,,Active
2570,Donatella Luckett,Donatella,Luckett,WR,,Active
5613,Bruce Hector,Bruce,Hector,DE,,Active
5784,Jonathan Celestin,Jonathan,Celestin,LB,,Active
12035,Jamree Kromah,Jamree,Kromah,DL,CHI,Active
3570,Brandon Ross,Brandon,Ross,RB,,Active
3827,Aldrick Rosas,Aldrick,Rosas,K,,Active
5234,Alex Officer,Alex,Officer,C,,Active
1409,Justin Brown,Justin,Brown,WR,,Inactive
12551,Colin Granger,Colin,Granger,TE,,Active
11850,Jeff Foreman,Jeff,Foreman,WR,,Active
8901,Ja'Marcus Ingram,Ja'Marcus,Ingram,CB,HOU,Active
13863,Murvin Kenion,Murvin,Kenion,DB,GB,Active
3626,Lars Hanson,Lars,Hanson,OT,,Active
8895,Carlins Platel,Carlins,Platel,CB,,Inactive
2440,Tray Walker,Tray,Walker,CB,,Inactive
12628,Sai'vion Jones,Sai'vion,Jones,DE,DEN,Active
8684,Deontai Williams,Deontai,Williams,SS,,Active
6822,Jake Fromm,Jake,Fromm,QB,,Active
11419,Kade Warner,Kade,Warner,WR,,Active
3237,Will Redmond,Will,Redmond,DB,,Active
8892,Keric Wheatfall,Keric,Wheatfall,WR,,Active
2666,C.J. Roberts,C.J.,Roberts,CB,,Active
6887,Larrell Murchison,Larrell,Murchison,DT,LAR,Active
6602,Braxton Hoyett,Braxton,Hoyett,DT,,Active
429,Percy Harvin,Percy,Harvin,WR,,Inactive
8140,Justyn Ross,Justyn,Ross,WR,,Active
8358,Josh Paschal,Josh,Paschal,DL,,Active
13790,Zelmar Vedder,Zelmar,Vedder,DB,KC,Active
1720,Khiry Robinson,Khiry,Robinson,RB,,Inactive
412,Jason Peters,Jason,Peters,OL,,Active
1608,Rontez Miles,Rontez,Miles,FS,,Active
3116,Vance Joseph,Vance,Joseph,,,Inactive
6034,Donnie Lewis,Donnie,Lewis,CB,DEN,Inactive
7110,Kelly Bryant,Kelly,Bryant,QB,,Inactive
11024,Grant DuBose,Grant,DuBose,WR,,Active
2459,Tony Lippett,Tony,Lippett,CB,,Inactive
3362,Jeff Driskel,Jeff,Driskel,QB,,Active
436,Mackenzy Bernadeau,Mackenzy,Bernadeau,G,,Inactive
12900,Danny Striggow,Danny,Striggow,DL,JAX,Active
5641,Chris Worley,Chris,Worley,ILB,,Inactive
11842,Tatum Bethune,Tatum,Bethune,LB,SF,Active
12879,Chaz Chambliss,Chaz,Chambliss,DE,MIN,Active
241,Spencer Larsen,Spencer,Larsen,RB,,Inactive
3253,Leonte Carroo,Leonte,Carroo,WR,,Inactive
2707,John Timu,John,Timu,LB,,Inactive
4190,Jermaine Eluemunor,Jermaine,Eluemunor,OL,NYG,Active
3292,Willie Henry,Willie,Henry,DT,,Active
13022,Sone Ntoh,Sone,Ntoh,RB,,Active
1174,Mike Daniels,Mike,Daniels,DT,CIN,Active
3254,Nick Vigil,Nick,Vigil,LB,,Active
180,Aqib Talib,Aqib,Talib,CB,,Injured Reserve
1829,Michael Ola,Michael,Ola,T,,Active
4588,Kyle Sloter,Kyle,Sloter,QB,,Active
13094,Jared Harrison-Hunte,Jared,Harrison-Hunte,DT,CAR,Active
4683,Aaron Bailey,Aaron,Bailey,QB,BAL,Active
2027,Denico Autry,Denico,Autry,DE,,Active
13842,Ethan Sanchez,Ethan,Sanchez,K,,Active
10871,Luke Schoonmaker,Luke,Schoonmaker,TE,DAL,Active
7344,Jonah Williams,Jonah,Williams,DE,ARI,Active
2228,E.J. Gaines,E.J.,Gaines,CB,,Inactive
8301,Zakoby McClain,Zakoby,McClain,LB,,Active
3120,Trent Baalke,Trent,Baalke,,,Inactive
6796,Mekhi Becton,Mekhi,Becton,OT,,Active
1044,Cordy Glenn,Cordy,Glenn,T,,Active
4124,Ahkello Witherspoon,Ahkello,Witherspoon,CB,WAS,Active
6565,Cody Conway,Cody,Conway,OL,DEN,Active
7309,Siaosi Mariner,Siaosi,Mariner,WR,,Active
6155,Jaylen Smith,Jaylen,Smith,WR,,Active
6086,Tyler Roemer,Tyler,Roemer,OT,,Active
13222,Montana Lemonious-Craig,Montana,Lemonious-Craig,WR,,Active
1797,Donald Hawkins,Donald,Hawkins,OT,,Inactive
1223,Garrett Celek,Garrett,Celek,TE,,Injured Reserve
12116,Mikey Victor,Mikey,Victor,CB,,Active
3676,Trevon Coley,Trevon,Coley,DT,,Active
3003,Kevin Snyder,Kevin,Snyder,ILB,,Inactive
936,Matt Asiata,Matt,Asiata,RB,,Inactive
3460,Ross Martin,Ross,Martin,K,,Active
1643,Jordan Dangerfield,Jordan,Dangerfield,SS,,Inactive
5729,Quinterrius Eatmon,Quinterrius,Eatmon,OT,,Active
7975,Tariq Thompson,Tariq,Thompson,DB,,Active
13659,Garrett DiGiorgio,Garrett,DiGiorgio,G,JAX,Active
11435,Emanuel Wilson,Emanuel,Wilson,RB,SEA,Active
12808,Brandon George,Brandon,George,LB,,Active
7341,Eric Banks,Eric,Banks,DE,,Active
333,Ryan Fitzpatrick,Ryan,Fitzpatrick,QB,,Active
12746,JP Richardson,JP,Richardson,WR,CHI,Active
2747,Jason Myers,Jason,Myers,K,SEA,Active
4947,Billy Price,Billy,Price,OL,,Inactive
14004,Nuer Gatkuoth,Nuer,Gatkuoth,DL,,Active
12443,Devon Garrison,Devon,Garrison,TE,,Active
6983,Michael Ojemudia,Michael,Ojemudia,CB,,Active
3257,Jacoby Brissett,Jacoby,Brissett,QB,ARI,Active
6518,Greg Roberts,Greg,Roberts,DE,,Active
11413,Ronnie Brown,Ronnie,Brown,RB,,Active
2076,L'Damian Washington,L'Damian,Washington,WR,,Inactive
7691,Spencer Brown,Spencer,Brown,OT,BUF,Active
5377,Jamarco Jones,Jamarco,Jones,T,,Active
12654,Craig Woodson,Craig,Woodson,DB,NE,Active
4240,Jeremiah Ledbetter,Jeremiah,Ledbetter,DE,,Active
7390,Domenique Davis,Domenique,Davis,DL,,Active
11185,Kendell Brooks,Kendell,Brooks,DB,TEN,Active
5230,Michael Badgley,Michael,Badgley,K,,Active
12921,Leander Wiegand,Leander,Wiegand,OL,,Active
1425,Ryan Griffin,Ryan,Griffin,TE,,Active
5918,Rodney Anderson,Rodney,Anderson,RB,,Inactive
13266,Devin-DUP Veresuk-DUP,Devin-DUP,Veresuk-DUP,LB,,Active
84,Branden Albert,Branden,Albert,T,,Inactive
2610,Robert Smith,Robert,Smith,FS,,Active
8242,Shermari Jones,Shermari,Jones,RB,,Active
2239,Jonathan Brown,Jonathan,Brown,OLB,,Inactive
1232,Robert Turbin,Robert,Turbin,RB,,Active
979,Colin Jones,Colin,Jones,FS,,Active
7628,Eric Stokes,Eric,Stokes,CB,LV,Active
2539,Corey Robinson,Corey,Robinson,T,,Inactive
68,Mario Manningham,Mario,Manningham,WR,,Inactive
3565,Keith Baxter,Keith,Baxter,CB,,Active
5237,Chad Kanoff,Chad,Kanoff,QB,,Inactive
9758,C.J. Stroud,C.J.,Stroud,QB,HOU,Active
7151,Chris Williamson,Chris,Williamson,CB,,Active
315,Dustin Keller,Dustin,Keller,TE,,Inactive
12269,Brandon Codrington,Brandon,Codrington,DB,HOU,Active
4030,Reuben Foster,Reuben,Foster,LB,,Active
5145,Luke McNitt,Luke,McNitt,FB,,Active
5904,David Edwards,David,Edwards,OL,NO,Active
8516,Christian Holmes,Christian,Holmes,CB,,Active
3199,Michael Thomas,Michael,Thomas,WR,,Active
2454,David Parry,David,Parry,DT,,Inactive
8072,Willie Yarbary,Willie,Yarbary,DT,,Active
6321,Tim Ward,Tim,Ward,DE,,Active
2818,Michael Palardy,Michael,Palardy,P,,Active
446,E.J. Biggers,E.J.,Biggers,CB,,Inactive
6254,Kemon Hall,Kemon,Hall,CB,TB,Active
7704,Buddy Johnson,Buddy,Johnson,LB,LV,Active
13351,Junior Vandeross,Junior,Vandeross,WR,,Active
10231,Elijah Higgins,Elijah,Higgins,TE,ARI,Active
12682,Cam Jackson,Cam,Jackson,DT,CAR,Active
7085,Isaiah Coulter,Isaiah,Coulter,WR,,Active
5656,Aaron Evans,Aaron,Evans,G,,Active
8707,Tayon Fleet-Davis,Tayon,Fleet-Davis,RB,,Active
6066,Joey Alfieri,Joey,Alfieri,OLB,,Active
12943,Mishael Powell,Mishael,Powell,DB,,Active
7347,JuJu Hughes,JuJu,Hughes,DB,,Active
4186,T.J. Logan,T.J.,Logan,RB,,Active
1975,Erik Swoope,Erik,Swoope,TE,,Inactive
4705,John Green,John,Green,CB,,Active
14021,Kadarius Calloway,Kadarius,Calloway,RB,TB,Active
210,Wesley Woodyard,Wesley,Woodyard,LB,,Active
4972,Mason Rudolph,Mason,Rudolph,QB,PIT,Active
4400,Maurice Smith,Maurice,Smith,DB,,Active
12026,Kobe Lewis,Kobe,Lewis,RB,,Active
8124,Player Invalid,Player,Invalid,TE,,Inactive
13153,Giles Jackson,Giles,Jackson,WR,,Active
2683,Andrew Franks,Andrew,Franks,K,,Inactive
774,Vincent Rey,Vincent,Rey,LB,,Inactive
3106,Jerrod Johnson,Jerrod,Johnson,QB,,Inactive
11105,Shaquan Davis,Shaquan,Davis,WR,,Active
8343,Boye Mafe,Boye,Mafe,DL,CIN,Active
7779,JaCoby Stevens,JaCoby,Stevens,LB,,Active
7785,Cole Van Lanen,Cole,Van Lanen,OL,JAX,Active
8023,Nolan Laufenberg,Nolan,Laufenberg,G,,Active
3146,Swayze Waters,Swayze,Waters,K,,Inactive
8021,Branden Mack,Branden,Mack,WR,,Active
4370,Dustin Stanton,Dustin,Stanton,G,,Active
3604,Elie Bouka,Elie,Bouka,CB,,Active
3078,Jamel Johnson,Jamel,Johnson,WR,,Active
3210,Cardale Jones,Cardale,Jones,QB,,Inactive
1459,Kayvon Webster,Kayvon,Webster,CB,,Active
3203,Braxton Miller,Braxton,Miller,WR,,Inactive
4928,Anas Hasic,Anas,Hasic,WR,,Active
8109,Drew Desjarlais,Drew,Desjarlais,OL,,Inactive
3654,Kevin Bowen,Kevin,Bowen,OT,,Active
1627,Skye Dawson,Skye,Dawson,WR,,Inactive
11832,Matt Lee,Matt,Lee,C,,Active
6299,Stephen Denmark,Stephen,Denmark,CB,,Active
8781,Carson Wells,Carson,Wells,LB,,Active
12271,Kolbi Fuqua,Kolbi,Fuqua,LB,,Active
312,Matthew Slater,Matthew,Slater,WR,,Active
7227,Artavis Pierce,Artavis,Pierce,RB,,Active
9227,Israel Abanikanda,Israel,Abanikanda,RB,DAL,Active
11222,Marcus Cooper,Marcus,Cooper,RB,,Active
13831,Kevorian Barnes,Kevorian,Barnes,RB,,Active
734,Trent Williams,Trent,Williams,T,SF,Active
3376,Ted Karras,Ted,Karras,OL,CIN,Active
6592,Dontae Strickland,Dontae,Strickland,RB,,Active
12237,Lincoln Sefcik,Lincoln,Sefcik,TE,,Active
4298,Cam Keizur,Cam,Keizur,C,,Active
989,James Carpenter,James,Carpenter,T,,Active
4899,Drew Ferris,Drew,Ferris,LS,,Active
2439,Marcus Hardison,Marcus,Hardison,DT,,Inactive
11019,Erick Hallett,Erick,Hallett,DB,TEN,Active
11309,Trey Dean,Trey,Dean,DB,,Active
2697,Corey Moore,Corey,Moore,FS,,Inactive
12117,Jontrey Hunter,Jontrey,Hunter,LB,,Active
8313,JT Woods,JT,Woods,DB,,Active
11983,Joe Evans,Joe,Evans,DE,,Active
12676,Ty Hamilton,Ty,Hamilton,DT,LAR,Active
1127,Danny Trevathan,Danny,Trevathan,LB,CHI,Active
1530,Charles Johnson,Charles,Johnson,WR,,Injured Reserve
5607,Ja'Von Rolland-Jones,Ja'Von,Rolland-Jones,DE,,Active
6834,Jared Pinkney,Jared,Pinkney,TE,,Inactive
3380,Devin Lucien,Devin,Lucien,WR,,Active
3566,Jake Ganus,Jake,Ganus,OLB,,Active
3331,Jatavis Brown,Jatavis,Brown,LB,,Injured Reserve
2018,Ben Gottschalk,Ben,Gottschalk,C,,Inactive
8577,James McCourt,James,McCourt,K,,Active
8185,Johnny Johnson,Johnny,Johnson,WR,,Inactive
771,Josh Gordy,Josh,Gordy,CB,,Inactive
6384,Justin Sumpter,Justin,Sumpter,WR,,Active
3914,Dobson Collins,Dobson,Collins,WR,,Inactive
12464,Player Invalid,Player,Invalid,RB,,Inactive
11113,Joel Wilson,Joel,Wilson,TE,TEN,Active
132,Kedric Golston,Kedric,Golston,NT,,Inactive
13214,Kaimon Rucker,Kaimon,Rucker,LB,BAL,Active
12974,Aiden Williams,Aiden,Williams,OG,,Active
7664,Christian Barmore,Christian,Barmore,DT,NE,Active
5978,Emeke Egbule,Emeke,Egbule,LB,,Active
7312,Madre Harper,Madre,Harper,CB,,Active
6250,Eurndraus Bryant,Eurndraus,Bryant,DT,,Inactive
12133,Drake Stoops,Drake,Stoops,WR,,Active
1783,Devin Smith,Devin,Smith,CB,,Inactive
5382,Nick Nelson,Nick,Nelson,CB,,Active
5970,Greg Dortch,Greg,Dortch,WR,DET,Active
1652,Terrell Sinkfield,Terrell,Sinkfield,WR,,Active
5924,Emanuel Hall,Emanuel,Hall,WR,,Inactive
4761,Brady Sheldon,Brady,Sheldon,LB,,Active
6383,Anree Saint-Amour,Anree,Saint-Amour,DE,,Active
3378,Brandon Doughty,Brandon,Doughty,QB,,Inactive
8318,Jayden Peevy,Jayden,Peevy,DL,,Active
12910,B.J. Green,B.J.,Green,DE,JAX,Active
11009,Karl Brooks,Karl,Brooks,DT,GB,Active
5897,Lukas Denis,Lukas,Denis,FS,,Active
7241,Marcel Spears,Marcel,Spears,LB,,Inactive
2931,Deshon Foxx,Deshon,Foxx,WR,,Active
4191,Matt Milano,Matt,Milano,LB,,Active
5273,Kamryn Pettway,Kamryn,Pettway,RB,,Active
6056,Dre Greenlaw,Dre,Greenlaw,LB,SF,Active
12466,Player Invalid,Player,Invalid,QB,,Inactive
7481,Chase Harrell,Chase,Harrell,TE,,Active
7261,Arryn Siposs,Arryn,Siposs,P,PHI,Active
5228,J.T. Barrett,J.T.,Barrett,QB,,Active
10872,Felix Anudike-Uzomah,Felix,Anudike-Uzomah,DE,KC,Active
3465,Ben Braunecker,Ben,Braunecker,TE,,Active
12892,Da'Quan Felton,Da'Quan,Felton,WR,NYJ,Active
3104,Paul Depodesta,Paul,Depodesta,,,Inactive
5439,Austin Schlottmann,Austin,Schlottmann,G,TEN,Active
1595,Chris Harper,Chris,Harper,WR,,Inactive
1245,Beau Brinkley,Beau,Brinkley,LS,,Inactive
4872,Nick Caserio,Nick,Caserio,,,Inactive
1656,Joe Vellano,Joe,Vellano,DT,,Inactive
13075,Myles Price,Myles,Price,WR,MIN,Active
231,Mike Devito,Mike,Devito,DE,,Inactive
4865,Zach Triner,Zach,Triner,LS,,Active
2753,Rasheed Bailey,Rasheed,Bailey,WR,,Active
13996,Trent Howland,Trent,Howland,RB,,Active
7127,Shaun Bradley,Shaun,Bradley,LB,,Active
7615,Brian Khoury,Brian,Khoury,LS,,Active
6252,Chris Peace,Chris,Peace,OLB,,Active
6848,Anfernee Jennings,Anfernee,Jennings,LB,NO,Active
13551,Karson Sharar,Karson,Sharar,LB,ARI,Active
6202,Jakob Johnson,Jakob,Johnson,FB,,Active
4912,A.J. Hughes,A.J.,Hughes,P,,Active
1267,Ty Nsekhe,Ty,Nsekhe,T,,Active
2412,Justin Hardy,Justin,Hardy,WR,,Active
266,Orlando Scandrick,Orlando,Scandrick,CB,,Active
6558,O'Shea Dugas,O'Shea,Dugas,T,,Active
1803,Marcus Smith,Marcus,Smith,DE,,Inactive
13978,Albert Reese,Albert,Reese,OT,CAR,Active
11985,Carlton Johnson,Carlton,Johnson,CB,,Active
12178,Don Callis,Don,Callis,CB,,Active
2932,Eric Frohnapfel,Eric,Frohnapfel,TE,,Active
2312,Kevin White,Kevin,White,WR,,Active
DEN,,Denver,Broncos,DEF,DEN,
10951,Sidy Sow,Sidy,Sow,OL,,Active
6805,KJ Hamler,KJ,Hamler,WR,,Active
5476,KC McDermott,KC,McDermott,OL,,Active
4606,Dylan Cole,Dylan,Cole,LB,,Active
12364,Kyon Barrs,Kyon,Barrs,DL,CAR,Active
5769,Ro'Derrick Hoskins,Ro'Derrick,Hoskins,LB,,Active
11433,Nate Adkins,Nate,Adkins,TE,DEN,Active
7733,Josh Pederson,Josh,Pederson,TE,,Inactive
4707,Akeem Judd,Akeem,Judd,RB,,Inactive
3776,Quentin Gause,Quentin,Gause,ILB,,Inactive
13687,Marvin Jones,Marvin,Jones,DE,SEA,Active
3014,Darrell Williams,Darrell,Williams,T,,Inactive
4426,Harvey Langi,Harvey,Langi,LB,,Active
6791,C.J. Henderson,C.J.,Henderson,CB,ATL,Active
1702,Lane Taylor,Lane,Taylor,OL,,Active
1547,A.J. Klein,A.J.,Klein,LB,,Active
8615,Tayler Hawkins,Tayler,Hawkins,DB,,Inactive
13930,Jordon Vaughn,Jordon,Vaughn,RB,,Active
7661,Levi Onwuzurike,Levi,Onwuzurike,DE,DET,Active
7388,Jared Hilbers,Jared,Hilbers,T,,Active
12789,Ben Scott,Ben,Scott,OL,TB,Active
6327,Jamey Mosley,Jamey,Mosley,OLB,,Active
9502,Tank Dell,Tank,Dell,WR,HOU,Active
5986,Christian Miller,Christian,Miller,LB,,Active
11917,Javion Cohen,Javion,Cohen,OL,,Active
110,Stephen Gostkowski,Stephen,Gostkowski,K,,Inactive
12371,Luke Brubacher,Luke,Brubacher,DE,,Active
11993,Tyrek Funderburk,Tyrek,Funderburk,CB,CAR,Active
11456,Tre'Shaun Harrison,Tre'Shaun,Harrison,WR,,Inactive
5397,Trevor Moore,Trevor,Moore,K,,Active
4407,Sam McCaskill,Sam,McCaskill,DE,,Active
8199,D'Eriq King,D'Eriq,King,QB,,Active
11481,Natrone Brooks,Natrone,Brooks,CB,ATL,Active
11364,Jaquan Amos,Jaquan,Amos,DB,,Active
13177,Kam Arnold,Kam,Arnold,LB,KC,Active
20,Jared Allen,Jared,Allen,DE,,Inactive
7504,De'Jon Harris,De'Jon,Harris,LB,,Active
2896,Keenan Lambert,Keenan,Lambert,S,,Inactive
12885,Dontae Manning,Dontae,Manning,CB,CHI,Active
13014,Pat Conroy,Pat,Conroy,TE,,Active
12141,Justin Dedich,Justin,Dedich,OL,LAR,Active
11886,Tulu Griffin,Tulu,Griffin,WR,,Active
13470,Daylen Everette,Daylen,Everette,CB,PIT,Active
5232,Tevin Lawson,Tevin,Lawson,DL,,Active
6284,Marcus Epps,Marcus,Epps,DB,PHI,Active
419,DeAndre Levy,DeAndre,Levy,LB,,Inactive
2307,Marcus Mariota,Marcus,Mariota,QB,WAS,Active
8178,Braylon Sanders,Braylon,Sanders,WR,,Active
3969,Leonard Fournette,Leonard,Fournette,RB,,Active
11539,Jake Bates,Jake,Bates,K,DET,Active
8316,Micheal Clemons,Micheal,Clemons,DL,IND,Active
2123,Cornelius Lucas,Cornelius,Lucas,T,,Active
11056,Jared Wayne,Jared,Wayne,WR,HOU,Active
3737,Shiro Davis,Shiro,Davis,ILB,,Inactive
2480,Matthew Wells,Matthew,Wells,ILB,,Inactive
1466,Travis Kelce,Travis,Kelce,TE,KC,Active
11784,Jarrett Kingston,Jarrett,Kingston,OL,HOU,Active
11932,Mike DiLiello,Mike,DiLiello,QB,,Active
12975,JJ Galbreath,JJ,Galbreath,TE,PIT,Active
13257,Xander Mueller,Xander,Mueller,LB,,Active
4890,Ben Turk,Ben,Turk,P,,Active
3541,Mike McQueen,Mike,McQueen,G,,Active
5612,Anthony Mahoungou,Anthony,Mahoungou,WR,,Active
11420,Luke Haggard,Luke,Haggard,OT,TB,Active
11519,LaTrell Bumphus,LaTrell,Bumphus,DL,,Inactive
12340,Alex Larson,Alex,Larson,TE,,Active
11378,Jordan Mims,Jordan,Mims,RB,MIN,Active
6149,Darius Slayton,Darius,Slayton,WR,NYG,Active
13248,Christian Johnstone,Christian,Johnstone,LS,,Active
7140,Lachavious Simmons,Lachavious,Simmons,OL,,Active
5098,Siran Neal,Siran,Neal,CB,SF,Active
12194,Tarique Barnes,Tarique,Barnes,LB,,Active
1868,Crockett Gillmore,Crockett,Gillmore,TE,,Inactive
11968,Chris McDonald,Chris,McDonald,CB,,Active
6047,Dillon Mitchell,Dillon,Mitchell,WR,,Inactive
3515,K.J. Maye,K.J.,Maye,WR,,Active
4896,Brian Callahan,Brian,Callahan,,,Inactive
1967,Seth Lobato,Seth,Lobato,QB,,Inactive
6756,Kahani Smith,Kahani,Smith,FS,,Active
2234,Greg Robinson,Greg,Robinson,T,,Active
3308,Matt Ioannidis,Matt,Ioannidis,DT,,Active
5716,Brandon Smith,Brandon,Smith,OT,,Active
8214,Cole Turner,Cole,Turner,TE,MIA,Active
10880,Jack Campbell,Jack,Campbell,LB,DET,Active
13145,ShunDerrick Powell,ShunDerrick,Powell,RB,,Active
5270,Riley Ferguson,Riley,Ferguson,QB,,Active
8039,Jibri Blount,Jibri,Blount,TE,,Active
1520,Michael Williams,Michael,Williams,TE,,Inactive
4815,Brian Riley,Brian,Riley,WR,,Active
11613,Player Invalid,Player,Invalid,WR,,Inactive
2983,Curtis Riley,Curtis,Riley,DB,,Inactive
13769,Collin Wright,Collin,Wright,CB,HOU,Active
1726,Eric Kettani,Eric,Kettani,FB,,Inactive
6024,Fred Johnson,Fred,Johnson,T,PHI,Active
4149,Jamaal Williams,Jamaal,Williams,RB,,Active
1851,Brandon Dixon,Brandon,Dixon,CB,,Inactive
8319,DeMarvin Leal,DeMarvin,Leal,DL,,Active
3523,Anthony Fabiano,Anthony,Fabiano,C,,Injured Reserve
3097,Josh McDaniels,Josh,McDaniels,,,Inactive
2237,Ethan Westbrooks,Ethan,Westbrooks,DT,NO,Active
2214,Cameron Brate,Cameron,Brate,TE,,Active
2413,Jalston Fowler,Jalston,Fowler,FB,,Inactive
11398,Bennett Williams,Bennett,Williams,DB,,Inactive
36,Matt Hasselbeck,Matt,Hasselbeck,QB,,Inactive
11737,Javon Foster,Javon,Foster,OL,CIN,Active
6022,Javon Patterson,Javon,Patterson,OL,,Active
1060,Tommy Streeter,Tommy,Streeter,WR,,Inactive
2298,Jeremy Towns,Jeremy,Towns,DT,,Inactive
1431,Emmett Cleary,Emmett,Cleary,T,,Inactive
499,Connor Barth,Connor,Barth,K,,Inactive
4017,Deshaun Watson,Deshaun,Watson,QB,CLE,Active
4464,Nick Mullens,Nick,Mullens,QB,JAX,Active
12447,Keonte Schad,Keonte,Schad,DL,,Active
3785,Brandin Bryant,Brandin,Bryant,DT,,Active
11514,Isaiah Land,Isaiah,Land,LB,DAL,Active
6512,Doyin Jibowu,Doyin,Jibowu,FS,,Active
13011,Brennan Presley,Brennan,Presley,WR,LAR,Active
5310,Antonio Callaway,Antonio,Callaway,WR,,Active
8106,Jordan Murray,Jordan,Murray,T,,Inactive
2044,Brelan Chancellor,Brelan,Chancellor,WR,,Active
701,Ed Dickson,Ed,Dickson,TE,,Inactive
13329,Malik Benson,Malik,Benson,WR,LV,Active
4768,Adam Zaruba,Adam,Zaruba,TE,,Inactive
8139,Zamir White,Zamir,White,RB,,Active
11588,Jawhar Jordan,Jawhar,Jordan,RB,HOU,Active
3228,Sean Davis,Sean,Davis,DB,NE,Active
5095,Daniel Carlson,Daniel,Carlson,K,,Active
1849,Jace Amaro,Jace,Amaro,TE,,Inactive
902,Dwayne Harris,Dwayne,Harris,WR,,Inactive
4410,Horace Richardson,Horace,Richardson,CB,,Active
7098,Ty'Son Williams,Ty'Son,Williams,RB,,Active
1925,Stephon Tuitt,Stephon,Tuitt,DE,,Active
13801,Isaiah Jatta,Isaiah,Jatta,OT,LV,Active
415,Earl Bennett,Earl,Bennett,WR,,Inactive
8632,JaVonta Payton,JaVonta,Payton,WR,,Active
6761,Urban Meyer,Urban,Meyer,,,Inactive
13464,Domonique Orange,Domonique,Orange,DT,MIN,Active
7809,Avery Williams,Avery,Williams,RB,,Active
365,Mike Wallace,Mike,Wallace,WR,,Inactive
3890,Devon Bell,Devon,Bell,K,,Active
13630,Evan Svoboda,Evan,Svoboda,TE,LAC,Active
136,Will Montgomery,Will,Montgomery,C,,Inactive
11858,Julius Welschof,Julius,Welschof,DL,PIT,Active
1695,Will Davis,Will,Davis,CB,,Inactive
1667,Steven Terrell,Steven,Terrell,FS,,Inactive
7430,Josh Avery,Josh,Avery,DT,,Active
13778,EJ Smith,EJ,Smith,RB,KC,Active
12510,Jalen Milroe,Jalen,Milroe,QB,SEA,Active
4637,DaShaun Amos,DaShaun,Amos,CB,,Inactive
11074,Abraham Beauplan,Abraham,Beauplan,LB,,Active
665,Dennis Dixon,Dennis,Dixon,QB,,Inactive
7360,Brady Aiello,Brady,Aiello,T,,Active
4538,Marquavius Lewis,Marquavius,Lewis,DT,,Inactive
13772,Eni Falayi,Eni,Falayi,TE,,Active
5363,Matt Pryor,Matt,Pryor,T,ARI,Active
8579,Brandon Peters,Brandon,Peters,QB,,Active
6517,Randy Ramsey,Randy,Ramsey,LB,,Active
6722,Dave Deguglielmo,Dave,Deguglielmo,,,Inactive
5593,Ikenna Nwokeji,Ikenna,Nwokeji,OL,,Active
2505,Darren Waller,Darren,Waller,TE,,Active
2422,Blake Bell,Blake,Bell,TE,,Active
8060,Cam Murray,Cam,Murray,OL,,Active
4010,Dom Capers,Dom,Capers,,,Inactive
11963,Chris Collier,Chris,Collier,RB,LV,Inactive
8464,Cordell Volson,Cordell,Volson,T,TEN,Active
3971,Chan Gailey,Chan,Gailey,,,Inactive
3016,Jermaine Whitehead,Jermaine,Whitehead,FS,,Active
7672,Ernest Jones,Ernest,Jones,LB,SEA,Active
146,Tramon Williams,Tramon,Williams,CB,,Injured Reserve
1671,Kendall Gaskins,Kendall,Gaskins,RB,,Inactive
13327,Desmond Reid,Desmond,Reid,RB,,Inactive
1426,DeAndre Hopkins,DeAndre,Hopkins,WR,,Active
11831,Daijahn Anthony,Daijahn,Anthony,DB,CIN,Active
11587,Player Invalid,Player,Invalid,RB,,Inactive
13601,Logan Fano,Logan,Fano,DE,CLE,Active
10971,BJ Thompson,BJ,Thompson,DE,,Active
3614,Tommylee Lewis,Tommylee,Lewis,WR,,Active
3838,Antonio Hamilton,Antonio,Hamilton,CB,WAS,Active
12218,Jalen Jackson,Jalen,Jackson,RB,,Active
576,Sean Lee,Sean,Lee,LB,,Injured Reserve
3145,Ron Rivera,Ron,Rivera,,,Inactive
11114,Elijah Dotson,Elijah,Dotson,RB,,Active
13664,Bryson Eason,Bryson,Eason,DL,SF,Active
3234,Carl Nassib,Carl,Nassib,DE,,Active
8,Jason Jones,Jason,Jones,DE,,Inactive
5220,Godwin Igwebuike,Godwin,Igwebuike,RB,,Active
6680,David Kenney,David,Kenney,OLB,,Active
4651,Corey Clement,Corey,Clement,RB,,Active
11034,Jalen Brooks,Jalen,Brooks,WR,ARI,Active
12045,Jack Westover,Jack,Westover,TE,NE,Active
13191,TJ Sheffield,TJ,Sheffield,WR,,Active
945,Kevin Cone,Kevin,Cone,WR,,Inactive
6006,Byron Cowart,Byron,Cowart,DT,,Inactive
13970,Riley Wilson,Riley,Wilson,LB,NE,Active
4807,Mike Estes,Mike,Estes,TE,,Active
7022,Shane Lemieux,Shane,Lemieux,OL,,Active
6451,Stephen Carlson,Stephen,Carlson,TE,CHI,Active
7207,Ike Brown,Ike,Brown,CB,,Active
2149,Jeremy Vujnovich,Jeremy,Vujnovich,G,,Active
203,Jacoby Jones,Jacoby,Jones,WR,,Inactive
3656,Ejiro Ederaine,Ejiro,Ederaine,OLB,,Inactive
8210,Chig Okonkwo,Chig,Okonkwo,TE,WAS,Active
6151,Miles Sanders,Miles,Sanders,RB,,Active
12670,KeAndre Lambert-Smith,KeAndre,Lambert-Smith,WR,LAC,Active
428,Jasper Brinkley,Jasper,Brinkley,LB,,Inactive
4750,Lance Lenoir,Lance,Lenoir,WR,,Active
3373,Will Parks,Will,Parks,DB,,Active
3882,Zach Wood,Zach,Wood,LS,NO,Active
4096,Justin Evans,Justin,Evans,SS,,Active
11431,Isaiah Bowser,Isaiah,Bowser,RB,,Active
8506,Nazeeh Johnson,Nazeeh,Johnson,DB,TEN,Active
5236,Kyle Lewis,Kyle,Lewis,WR,,Active
12996,Omari Thomas,Omari,Thomas,DT,,Active
4971,Derwin James,Derwin,James,DB,LAC,Active
4403,Dylan Bradley,Dylan,Bradley,NT,,Active
7943,Zach Davidson,Zach,Davidson,TE,,Active
7861,Braylon Jones,Braylon,Jones,C,,Active
1863,Zach Thompson,Zach,Thompson,OLB,,Inactive
13306,Taylen Green,Taylen,Green,QB,CLE,Active
13034,Tyrone Broden,Tyrone,Broden,WR,,Active
292,Stephen Bowen,Stephen,Bowen,DE,,Inactive
4996,Kyle Lauletta,Kyle,Lauletta,QB,,Active
6329,John Battle,John,Battle,DB,,Inactive
11256,Tyson Bagent,Tyson,Bagent,QB,CHI,Active
11096,TK McLendon,TK,McLendon,DL,,Active
2586,Dylan Thompson,Dylan,Thompson,QB,,Inactive
1125,Steven Johnson,Steven,Johnson,LB,,Inactive
12622,Nohl Williams,Nohl,Williams,CB,KC,Active
4958,Brett Maher,Brett,Maher,K,,Active
5372,D.J. Reed,D.J.,Reed,CB,DET,Active
7260,Jeremiah Dinson,Jeremiah,Dinson,S,,Inactive
12740,Jack Nelson,Jack,Nelson,OT,ATL,Active
8328,Nephi Sewell,Nephi,Sewell,LB,CHI,Active
13770,J. Michael Sturdivant,J. Michael,Sturdivant,WR,GB,Active
13748,Wes Pahl,Wes,Pahl,P,CLE,Active
12182,Miles Battle,Miles,Battle,CB,MIA,Active
6148,Preston Williams,Preston,Williams,WR,,Active
3046,Matt Rotheram,Matt,Rotheram,G,,Active
14010,Jeff Yurk,Jeff,Yurk,P,,Active
1349,E.J. Manuel,E.J.,Manuel,QB,,Inactive
5961,Jalin Moore,Jalin,Moore,RB,,Inactive
556,Zane Beadles,Zane,Beadles,G,,Inactive
3584,Marcus Leak,Marcus,Leak,WR,,Active
3637,Eddie Yarbrough,Eddie,Yarbrough,DE,MIN,Active
5086,Marquez Valdes-Scantling,Marquez,Valdes-Scantling,WR,DAL,Active
11010,Brad Robbins,Brad,Robbins,P,,Active
6740,Brett Toth,Brett,Toth,OL,SF,Active
5633,Nyles Morgan,Nyles,Morgan,ILB,,Active
12673,Dante Trader,Dante,Trader,DB,MIA,Active
7894,Lamont Wade,Lamont,Wade,DB,,Active
11568,Blake Watson,Blake,Watson,RB,,Active
5015,Sam Hubbard,Sam,Hubbard,DE,,Active
13702,Malik Rutherford,Malik,Rutherford,WR,,Active
12851,Rivaldo Fairweather,Rivaldo,Fairweather,TE,ARI,Active
1158,Kellen Moore,Kellen,Moore,QB,,Inactive
12780,Xavier Truss,Xavier,Truss,OT,NO,Active
2690,Zaire Anderson,Zaire,Anderson,ILB,,Inactive
11107,Lou Hedley,Lou,Hedley,P,,Active
5993,Dakota Allen,Dakota,Allen,LB,,Inactive
922,Mario Addison,Mario,Addison,DE,,Active
11911,Jeshaun Jones,Jeshaun,Jones,WR,MIN,Active
2873,Derrick Wells,Derrick,Wells,S,,Active
4133,John Johnson,John,Johnson,DB,,Active
1433,Brandon McManus,Brandon,McManus,K,,Active
7273,Cordel Iwuagwu,Cordel,Iwuagwu,OG,,Active
4490,Wyatt Houston,Wyatt,Houston,TE,CAR,Active
2631,Durell Eskridge,Durell,Eskridge,S,,Inactive
13161,Zakhari Franklin,Zakhari,Franklin,WR,,Active
12566,Jihaad Campbell,Jihaad,Campbell,LB,PHI,Active
2937,Damond Powell,Damond,Powell,WR,,Active
10957,Adetomiwa Adebawore,Adetomiwa,Adebawore,DL,IND,Active
8504,Doug Kramer,Doug,Kramer,OL,,Active
13473,Austin Barber,Austin,Barber,OT,CLE,Active
12609,Fadil Diggs,Fadil,Diggs,DL,NO,Active
2802,Corey Acosta,Corey,Acosta,K,,Active
8649,Marcus Tatum,Marcus,Tatum,OL,,Active
1862,Jalen Saunders,Jalen,Saunders,WR,,Inactive
13508,Hezekiah Masses,Hezekiah,Masses,CB,LV,Active
4022,Richard Smith,Richard,Smith,,,Inactive
289,Drew Brees,Drew,Brees,QB,,Injured Reserve
4117,Derek Rivers,Derek,Rivers,DE,,Active
1231,Greg Scruggs,Greg,Scruggs,TE,,Inactive
9499,Bryce Ford-Wheaton,Bryce,Ford-Wheaton,WR,,Active
8742,Duron Lowe,Duron,Lowe,CB,,Active
6311,Patrick Laird,Patrick,Laird,RB,,Active
2772,Mitchell Henry,Mitchell,Henry,TE,,Inactive
12813,Jaylen Jones,Jaylen,Jones,DB,,Active
3937,Jesse Schmitt,Jesse,Schmitt,LS,,Active
5693,Beau Nunn,Beau,Nunn,G,,Active
280,Jermon Bushrod,Jermon,Bushrod,G,,Inactive
2531,Edmond Robinson,Edmond,Robinson,LB,SEA,Active
5434,Quin Blanding,Quin,Blanding,FS,,Inactive
176,Gary Barnidge,Gary,Barnidge,TE,,Inactive
2947,Clay Burton,Clay,Burton,TE,,Active
3391,Dwayne Washington,Dwayne,Washington,RB,,Active
11877,Noah Shannon,Noah,Shannon,DL,,Active
1262,Alex Tanney,Alex,Tanney,QB,,Injured Reserve
2404,Paul Dawson,Paul,Dawson,LB,,Inactive
13317,Ted Hurst,Ted,Hurst,WR,TB,Active
8891,Ryan McDaniel,Ryan,McDaniel,WR,,Active
3988,Joe Barry,Joe,Barry,,,Inactive
7404,Noah Togiai,Noah,Togiai,TE,,Active
183,Glenn Dorsey,Glenn,Dorsey,NT,,Inactive
13756,Tommy Dunn,Tommy,Dunn,DT,DAL,Active
5861,L.J. Collier,L.J.,Collier,DE,ARI,Active
1117,Mike Harris,Mike,Harris,CB,,Inactive
8059,Barrington Wade,Barrington,Wade,LB,,Active
3382,Stephen Weatherly,Stephen,Weatherly,LB,,Inactive
6907,Nick Harris,Nick,Harris,C,,Active
12135,Neal Johnson,Neal,Johnson,TE,,Active
12069,Gottlieb Ayedze,Gottlieb,Ayedze,T,MIA,Active
1728,Ben Garland,Ben,Garland,OG,,Active
13130,Jackson Woodard,Jackson,Woodard,LB,MIA,Active
13435,Joe Royer,Joe,Royer,TE,CLE,Active
1277,Chris Lewis-Harris,Chris,Lewis-Harris,CB,,Inactive
3031,Arthur Williams,Arthur,Williams,WR,,Inactive
4150,Wayne Gallman,Wayne,Gallman,RB,,Active
7089,Michael Divinity,Michael,Divinity,LB,,Active
8085,Mekhi Sargent,Mekhi,Sargent,RB,,Active
5315,Leon Jacobs,Leon,Jacobs,LB,,Active
2996,Logan Stokes,Logan,Stokes,TE,,Active
13158,Sam Pitz,Sam,Pitz,TE,,Active
7865,Brandon Smith,Brandon,Smith,WR,PIT,Active
261,A.J. Hawk,A.J.,Hawk,LB,,Inactive
11196,Kyle Soelle,Kyle,Soelle,LB,,Active
7416,Leo Lewis,Leo,Lewis,LB,,Inactive
12864,BJ Adams,BJ,Adams,CB,,Active
1361,Steve Beauharnais,Steve,Beauharnais,ILB,,Inactive
1859,Calvin Pryor,Calvin,Pryor,SS,,Inactive
7697,Brady Christensen,Brady,Christensen,T,CAR,Active
11092,B.T. Potter,B.T.,Potter,K,TB,Active
8540,Sam Okuayinonu,Sam,Okuayinonu,DE,SF,Active
901,Bruce Carter,Bruce,Carter,LB,,Inactive
8860,Tony Adams,Tony,Adams,DB,TEN,Active
3780,Cedric O'Neal,Cedric,O'Neal,RB,,Active
13869,Anquin Barnes,Anquin,Barnes,DT,NYG,Active
4384,Aaron Peck,Aaron,Peck,TE,,Active
11219,Lance Boykin,Lance,Boykin,CB,,Active
1155,Jonte Green,Jonte,Green,CB,,Inactive
742,Jermey Parnell,Jermey,Parnell,T,,Inactive
11952,Darrian Dalcourt,Darrian,Dalcourt,OL,,Active
6033,Isaiah Buggs,Isaiah,Buggs,DE,,Active
6942,Jack Driscoll,Jack,Driscoll,T,PIT,Active
11277,Ty Zentner,Ty,Zentner,P,,Active
1429,D.J. Swearinger,D.J.,Swearinger,DB,IND,Active
5556,Jason Hall,Jason,Hall,OLB,,Active
4444,Anthony Cioffi,Anthony,Cioffi,CB,,Active
6888,Antoine Winfield,Antoine,Winfield,DB,TB,Active
3280,Tyler Ervin,Tyler,Ervin,RB,,Inactive
5517,Mike Needham,Mike,Needham,LB,,Active
6989,Marquez Callaway,Marquez,Callaway,WR,,Active
5402,Jonathan Wynn,Jonathan,Wynn,DE,,Active
12949,Keenan Garber,Keenan,Garber,CB,,Active
13580,Carsen Ryan,Carsen,Ryan,TE,CLE,Active
8804,Duplicate Player,Duplicate,Player,,,
2680,Arthur Miley,Arthur,Miley,DE,,Active
1236,Joe Banyard,Joe,Banyard,RB,,Inactive
9498,Jadon Haselwood,Jadon,Haselwood,WR,,Active
4397,Joby Saint Fleur,Joby,Saint Fleur,DE,,Active
13661,Ethan Conner,Ethan,Conner,TE,JAX,Active
7073,Jake Bentley,Jake,Bentley,QB,,Inactive
8436,Neil Pau'u,Neil,Pau'u,WR,,Active
13176,Ale Kaho,Ale,Kaho,LB,WAS,Active
7383,Dana Levine,Dana,Levine,DE,,Active
1818,Walt Aikens,Walt,Aikens,SS,,Active
879,Rodney Hudson,Rodney,Hudson,OL,,Inactive
3795,Blake Muir,Blake,Muir,G,,Inactive
3083,Howie Roseman,Howie,Roseman,,,Inactive
5193,J.C. Jackson,J.C.,Jackson,DB,,Active
7995,Max Richardson,Max,Richardson,LB,,Active
856,J.J. Watt,J.J.,Watt,DE,,Active
5850,Josh Jacobs,Josh,Jacobs,RB,GB,Active
4086,DeMarcus Walker,DeMarcus,Walker,DE,,Active
424,T.J. Lang,T.J.,Lang,G,,Injured Reserve
13461,Keagen Trost,Keagen,Trost,OL,LAR,Active
13093,Tuasivi Nomura,Tuasivi,Nomura,LB,,Active
13590,Isaiah World,Isaiah,World,OT,LAC,Active
5804,Julian Williams,Julian,Williams,WR,,Active
6614,Jermaine Ponder,Jermaine,Ponder,CB,,Active
1398,Braxston Cave,Braxston,Cave,C,,Inactive
3064,Derrick Lott,Derrick,Lott,DT,,Active
1997,Josh Wells,Josh,Wells,T,,Active
14,Sidney Rice,Sidney,Rice,WR,,Inactive
13127,Jaison Williams,Jaison,Williams,OL,,Active
2890,George Farmer,George,Farmer,WR,,Inactive
8658,Tyler Vrabel,Tyler,Vrabel,T,,Active
1605,Emory Blake,Emory,Blake,WR,,Inactive
5516,Frank Ginda,Frank,Ginda,OLB,,Active
7495,Courtney Wallace,Courtney,Wallace,DT,,Active
8035,Zach Von Rosenberg,Zach,Von Rosenberg,P,,Active
9753,Zach Charbonnet,Zach,Charbonnet,RB,SEA,Active
7226,Myles Hartsfield,Myles,Hartsfield,DB,,Active
6076,Justin Hollins,Justin,Hollins,LB,,Inactive
707,Chris Clark,Chris,Clark,T,,Active
3416,Cre'Von LeBlanc,Cre'Von,LeBlanc,DB,,Inactive
6338,Ira Savage-Lewis,Ira,Savage-Lewis,NT,,Active
2838,Trevor Harman,Trevor,Harman,WR,,Active
11353,Tanner McCalister,Tanner,McCalister,DB,KC,Active
25,Jerome Felton,Jerome,Felton,FB,,Inactive
12267,Qadir Ismail,Qadir,Ismail,WR,CHI,Active
8447,Kenyon Green,Kenyon,Green,OL,,Active
6838,Marlon Davidson,Marlon,Davidson,DE,NYG,Active
899,Dan Bailey,Dan,Bailey,K,,Active
7759,Michal Menet,Michal,Menet,OL,,Active
2502,Bud Sasser,Bud,Sasser,WR,,Active
6523,Jack Fox,Jack,Fox,P,DET,Active
7864,Artayvious Lynn,Artayvious,Lynn,TE,,Active
11065,Adrian Martinez,Adrian,Martinez,QB,SF,Active
13787,Tahj Chambers,Tahj,Chambers,LB,IND,Active
8493,Chasen Hines,Chasen,Hines,G,,Active
6157,Renell Wren,Renell,Wren,DT,,Active
5880,Parris Campbell,Parris,Campbell,WR,,Active
1177,Nick Perry,Nick,Perry,LB,,Inactive
2933,Corey Knox,Corey,Knox,RB,,Active
6580,A.T. Hall,A.T.,Hall,OT,,Active
1203,Janoris Jenkins,Janoris,Jenkins,CB,,Active
2792,Tim Scott,Tim,Scott,FS,,Inactive
13685,Jake Retzlaff,Jake,Retzlaff,QB,,Active
2953,Brett Boyko,Brett,Boyko,OT,,Inactive
3965,Greg Olson,Greg,Olson,,,Inactive
8686,Scott Nelson,Scott,Nelson,SS,,Active
13956,Wesley Brown,Wesley,Brown,LS,,Active
4314,Johnny Mundt,Johnny,Mundt,TE,PHI,Active
7527,Mac Jones,Mac,Jones,QB,SF,Active
3875,Nila Kasitati,Nila,Kasitati,G,,Active
6293,Cullen Gillaspia,Cullen,Gillaspia,RB,,Inactive
43,Dan Connolly,Dan,Connolly,G,,Inactive
4094,Forrest Lamp,Forrest,Lamp,OL,,Inactive
12637,Ruben Hyppolite,Ruben,Hyppolite,LB,CHI,Active
362,David Johnson,David,Johnson,TE,,Inactive
5141,James Crawford,James,Crawford,LB,,Active
8065,Troy Warner,Troy,Warner,DB,,Active
5560,Khalid Hill,Khalid,Hill,FB,,Inactive
12147,Storm Duck,Storm,Duck,CB,MIA,Active
2768,Braylon Heard,Braylon,Heard,RB,,Active
7902,Calvin Bundage,Calvin,Bundage,LB,,Active
4675,Otha Peters,Otha,Peters,ILB,,Inactive
1580,Earl Watford,Earl,Watford,OL,,Active
8679,Hayden Howerton,Hayden,Howerton,OL,,Active
3847,Uani' Unga,Uani',Unga,ILB,,Inactive
3417,Terrance Smith,Terrance,Smith,LB,,Active
13806,Matt Lauter,Matt,Lauter,TE,,Active
11411,Robert Cooper,Robert,Cooper,NT,,Active
3807,Corey Tindal,Corey,Tindal,CB,,Inactive
1334,Damion Square,Damion,Square,DT,CIN,Active
2065,Ben Malena,Ben,Malena,RB,,Inactive
12421,David Wallis,David,Wallis,WR,,Active
5506,Anthony Winbush,Anthony,Winbush,DE,,Active
27,Jerod Mayo,Jerod,Mayo,LB,,Inactive
3006,Valerian Ume-Ezeoke,Valerian,Ume-Ezeoke,C,,Inactive
11452,Jesse Matthews,Jesse,Matthews,WR,,Active
13350,Joe Fagnano,Joe,Fagnano,QB,BAL,Active
11063,Connor Galvin,Connor,Galvin,T,,Active
1613,Otha Foster,Otha,Foster,SS,,Active
11166,Jaiden Woodbey,Jaiden,Woodbey,LB,,Active
1448,Demetrius McCray,Demetrius,McCray,CB,,Injured Reserve
9505,Deuce Vaughn,Deuce,Vaughn,RB,,Active
862,Blaine Gabbert,Blaine,Gabbert,QB,,Active
7913,Shaq Smith,Shaq,Smith,LB,,Active
13818,Romello Brinson,Romello,Brinson,WR,,Active
2892,Rodney Smith,Rodney,Smith,RB,,Active
6208,Elliott Fry,Elliott,Fry,K,,Active
2168,Devonta Freeman,Devonta,Freeman,RB,,Active
2545,Geoff Swaim,Geoff,Swaim,TE,,Active
6162,Darius West,Darius,West,S,,Inactive
5511,Chris Frey,Chris,Frey,LB,,Active
4417,Cole Croston,Cole,Croston,G,,Inactive
3607,Trevon Hartfield,Trevon,Hartfield,CB,,Inactive
3906,John Schneider,John,Schneider,,,Inactive
4623,Tim Cook,Tim,Cook,RB,,Active
13491,Kaden Wetjen,Kaden,Wetjen,WR,PIT,Active
7157,Josh Love,Josh,Love,QB,,Active
13289,Drew Allar,Drew,Allar,QB,PIT,Active
3910,Pete Carroll,Pete,Carroll,,,Inactive
6126,Irv Smith,Irv,Smith,TE,,Inactive
13476,Albert Regis,Albert,Regis,DT,JAX,Active
2173,Kimario McFadden,Kimario,McFadden,S,,Inactive
11288,Donavan Mutin,Donavan,Mutin,LB,,Active
3758,A.J. Hendy,A.J.,Hendy,SS,,Inactive
3797,Bryce Treggs,Bryce,Treggs,WR,,Inactive
13966,Jacob Rizy,Jacob,Rizy,OL,NE,Active
1978,Tony Washington,Tony,Washington,WR,,Inactive
7332,Kevin McGill,Kevin,McGill,DB,,Active
7082,Dalton Keene,Dalton,Keene,TE,,Active
11604,Brock Bowers,Brock,Bowers,TE,LV,Active
4908,Steve Keim,Steve,Keim,,,Inactive
6474,Brandon Hitner,Brandon,Hitner,OT,,Inactive
2830,Caushaud Lyons,Caushaud,Lyons,DT,,Inactive
4953,Mike Maccagnan,Mike,Maccagnan,,,Inactive
3931,Isaiah Williams,Isaiah,Williams,OL,,Active
12826,Ulysses Bentley,Ulysses,Bentley,RB,IND,Active
8794,Roderick Perry,Roderick,Perry,DT,,Active
4163,Jalen Reeves-Maybin,Jalen,Reeves-Maybin,LB,,Active
11566,Jayden Daniels,Jayden,Daniels,QB,WAS,Active
4319,Zach Pascal,Zach,Pascal,WR,,Active
6536,Kevin Strong,Kevin,Strong,DE,,Active
842,Marcus Gilbert,Marcus,Gilbert,OT,,Injured Reserve
3295,Dean Lowry,Dean,Lowry,DE,PIT,Active
657,Adam Jones,Adam,Jones,CB,,Injured Reserve
12687,Dorian Strong,Dorian,Strong,CB,BUF,Inactive
6588,Tom Kennedy,Tom,Kennedy,WR,DET,Active
638,Kyle Williams,Kyle,Williams,WR,,Inactive
10902,Cody Mauch,Cody,Mauch,T,TB,Active
12251,Jordan Toles,Jordan,Toles,DB,,Active
3786,George Fant,George,Fant,OT,,Active
836,Jabaal Sheard,Jabaal,Sheard,DE,,Active
7389,Sterling Johnson,Sterling,Johnson,DT,,Active
12334,AJ Forbes,AJ,Forbes,OL,,Active
7617,Matt Ammendola,Matt,Ammendola,K,,Active
12662,Zah Frazier,Zah,Frazier,CB,,Active
2302,T.J. Fatinikun,T.J.,Fatinikun,DE,,Inactive
6298,Chandler Cox,Chandler,Cox,FB,,Inactive
13714,Caden Barnett,Caden,Barnett,OG,CHI,Active
13338,Kevin Coleman,Kevin,Coleman,WR,MIA,Active
13251,Gunnar Oakes,Gunnar,Oakes,TE,,Active
8308,Derek Stingley,Derek,Stingley,DB,HOU,Active
1994,Chris Smith,Chris,Smith,DE,,Active
3247,Joe Thuney,Joe,Thuney,OL,CHI,Active
7119,Kenny Robinson,Kenny,Robinson,DB,,Active
8311,Terrel Bernard,Terrel,Bernard,LB,BUF,Active
3708,Kyle Kragen,Kyle,Kragen,OLB,,Inactive
13969,Jy Gilmore,Jy,Gilmore,DB,,Active
2643,Deshazor Everett,Deshazor,Everett,DB,WAS,Active
12581,Darius Alexander,Darius,Alexander,DL,NYG,Active
3230,Vonn Bell,Vonn,Bell,DB,,Active
4372,Jarveon Williams,Jarveon,Williams,RB,,Inactive
4265,Elijah Hood,Elijah,Hood,RB,,Inactive
8629,Will Miles,Will,Miles,DT,,Active
12319,Elijah Chatman,Elijah,Chatman,DT,CLE,Active
13322,Sam Roush,Sam,Roush,TE,CHI,Active
4205,Ukeme Eligwe,Ukeme,Eligwe,LB,,Inactive
2888,Raymon Taylor,Raymon,Taylor,CB,,Active
2811,Matt Longacre,Matt,Longacre,LB,,Inactive
366,Kenny Britt,Kenny,Britt,WR,,Inactive
710,Joe Reitz,Joe,Reitz,T,,Inactive
5063,Justin Jones,Justin,Jones,DT,,Inactive
2685,Jordan Taylor,Jordan,Taylor,WR,,Inactive
143,John Carlson,John,Carlson,TE,,Inactive
12015,Harrison Mevis,Harrison,Mevis,K,LAR,Active
6777,Troy Polamalu,Troy,Polamalu,SS,,Inactive
875,Allen Bailey,Allen,Bailey,DE,,Active
13099,Dartanyan Tinsley,Dartanyan,Tinsley,OL,,Active
2049,Javontee Herndon,Javontee,Herndon,WR,,Inactive
1194,Leonard Johnson,Leonard,Johnson,CB,,Inactive
2128,Travis Swanson,Travis,Swanson,C,,Injured Reserve
8276,Jalyn Armour-Davis,Jalyn,Armour-Davis,DB,,Active
1772,J Talley,J,Talley,WR,,Inactive
1006,Mitch Unrein,Mitch,Unrein,DE,,Inactive
4877,Drew Williams,Drew,Williams,LS,,Active
3246,Daryl Worley,Daryl,Worley,CB,,Active
2569,Jake Waters,Jake,Waters,QB,,Active
1655,Kenbrell Thompkins,Kenbrell,Thompkins,WR,,Inactive
4822,Malik Foreman,Malik,Foreman,CB,,Active
3415,Jonathan Jones,Jonathan,Jones,DB,PHI,Active
2920,Jeret Smith,Jeret,Smith,WR,,Active
11713,McKinnley Jackson,McKinnley,Jackson,DL,CIN,Active
1063,Courtney Upshaw,Courtney,Upshaw,DE,,Non Football Injury
1916,Martavis Bryant,Martavis,Bryant,WR,,Active
4079,Kevin King,Kevin,King,CB,,Active
5984,Anthony Ratliff-Williams,Anthony,Ratliff-Williams,WR,,Active
2453,Cedric Thompson,Cedric,Thompson,SS,,Active
3188,Sheldon Rankins,Sheldon,Rankins,DT,HOU,Active
4339,Kyle Kalis,Kyle,Kalis,G,,Inactive
4447,Rickey Jefferson,Rickey,Jefferson,SS,,Active
3162,Ronnie Stanley,Ronnie,Stanley,T,BAL,Active
7394,Jermiah Braswell,Jermiah,Braswell,WR,,Active
12185,Spencer Shrader,Spencer,Shrader,K,IND,Active
1422,Khalid Wooten,Khalid,Wooten,CB,,Inactive
5468,Christian Scotland-Williamson,Christian,Scotland-Williamson,TE,,Active
9495,Rakim Jarrett,Rakim,Jarrett,WR,,Active
11429,Kaevon Merriweather,Kaevon,Merriweather,DB,HOU,Active
2969,Michael Bennett,Michael,Bennett,WR,,Inactive
13314,Luke Altmyer,Luke,Altmyer,QB,DET,Active
590,Corey Wootton,Corey,Wootton,DE,,Inactive
4796,Duplicate Player,Duplicate,Player,,BUF,Inactive
10860,Malik Cunningham,Malik,Cunningham,WR,DET,Active
340,Lex Hilliard,Lex,Hilliard,RB,,Inactive
7267,Willington Previlon,Willington,Previlon,DT,,Active
10912,Steve Avila,Steve,Avila,C,LAR,Active
12094,Alex Johnson,Alex,Johnson,CB,LAR,Active
5759,Nate Holley,Nate,Holley,DB,,Active
1312,Josh Bellamy,Josh,Bellamy,WR,,Active
2460,C.J. Uzomah,C.J.,Uzomah,TE,,Active
5451,Curtis Mikell,Curtis,Mikell,CB,,Active
8429,Levi Lewis,Levi,Lewis,QB,,Active
7368,Sean Riley,Sean,Riley,WR,,Active
2560,Zach Zenner,Zach,Zenner,RB,,Active
12273,Devin Phillips,Devin,Phillips,DL,,Active
747,Erik Lorig,Erik,Lorig,FB,,Inactive
255,James Ihedigbo,James,Ihedigbo,SS,,Inactive
4514,Chanceller James,Chanceller,James,SS,,Active
4598,Storm Norton,Storm,Norton,T,ATL,Active
2536,Brian Mihalik,Brian,Mihalik,OT,,Inactive
8176,Danny Gray,Danny,Gray,WR,PHI,Active
4138,Cameron Sutton,Cameron,Sutton,CB,,Active
2421,Rodney Gunter,Rodney,Gunter,DE,,Injured Reserve
4520,Travin Dural,Travin,Dural,WR,,Active
6426,Chandler Brewer,Chandler,Brewer,OL,,Active
744,Mike Windt,Mike,Windt,LS,,Inactive
4393,Cameron Malveaux,Cameron,Malveaux,DE,,Active
3929,Terry Williams,Terry,Williams,RB,,Inactive
11670,Taliese Fuaga,Taliese,Fuaga,OL,NO,Active
1971,Donte Moncrief,Donte,Moncrief,WR,,Active
11656,Nate Wiggins,Nate,Wiggins,CB,BAL,Active
6088,Bisi Johnson,Bisi,Johnson,WR,,Inactive
5255,Teo Redding,Teo,Redding,WR,,Active
1358,Caleb Sturgis,Caleb,Sturgis,K,,Inactive
3741,Shakiel Randolph,Shakiel,Randolph,SS,,Inactive
996,Richard Sherman,Richard,Sherman,CB,,Active
8845,Bryce Cosby,Bryce,Cosby,CB,,Active
13230,Vershon Lee,Vershon,Lee,OL,MIN,Active
12395,Tanner Knue,Tanner,Knue,WR,,Active
5001,Dalton Schultz,Dalton,Schultz,TE,HOU,Active
9485,Player Invalid,Player,Invalid,TE,,Inactive
2646,Corey Crawford,Corey,Crawford,DE,,Inactive
2885,Robertson Daniel,Robertson,Daniel,CB,,Inactive
12158,DaRon Gilbert,DaRon,Gilbert,LB,,Active
3687,Ryan Brown,Ryan,Brown,DE,,Active
8029,Marvin Wilson,Marvin,Wilson,DT,,Active
2679,Dean Marlowe,Dean,Marlowe,DB,,Active
1258,Derrick Shelby,Derrick,Shelby,DE,,Inactive
6430,Curtis Bolton,Curtis,Bolton,LB,,Active
11643,Jaylen Wright,Jaylen,Wright,RB,MIA,Active
12595,Trey Amos,Trey,Amos,DB,WAS,Active
10964,Nick Saldiveri,Nick,Saldiveri,OL,NO,Active
8298,Mario Goodrich,Mario,Goodrich,DB,TEN,Active
5649,Duplicate Player,Duplicate,Player,,,
2659,Manny Asprilla,Manny,Asprilla,CB,,Active
13223,Patrick Jenkins,Patrick,Jenkins,DL,,Active
90,Tamba Hali,Tamba,Hali,LB,,Inactive
6423,Daniel Wise,Daniel,Wise,DT,,Active
198,Kellen Clemens,Kellen,Clemens,QB,,Inactive
6181,Trevon Wesco,Trevon,Wesco,TE,,Active
4036,Corey Davis,Corey,Davis,WR,,Active
13827,Tanner Arkin,Tanner,Arkin,TE,NE,Active
1680,Justin Tuggle,Justin,Tuggle,LB,,Inactive
12658,Jackson Hawes,Jackson,Hawes,TE,BUF,Active
679,Rex Grossman,Rex,Grossman,QB,,Inactive
5806,John Wolford,John,Wolford,QB,,Active
12040,Leon Jones,Leon,Jones,CB,,Active
3404,Prince Charles Charles Iworah,Prince Charles,Charles Iworah,CB,,Inactive
8439,Demetris Robertson,Demetris,Robertson,WR,,Active
11467,John Samuel Shenker,John Samuel,Shenker,TE,,Active
13007,Nate Valcarcel,Nate,Valcarcel,DB,LAR,Active
4388,Alex Kozan,Alex,Kozan,G,,Active
7131,Tyler Davis,Tyler,Davis,TE,,Active
1213,Harrison Smith,Harrison,Smith,DB,,Active
6669,Nathan Jacobson,Nathan,Jacobson,OT,,Active
13652,Jalen Hunt,Jalen,Hunt,DL,JAX,Active
13602,Jack Strand,Jack,Strand,QB,ATL,Active
13038,Jared Penning,Jared,Penning,OL,,Active
653,Tanner Purdum,Tanner,Purdum,LS,,Inactive
2641,Brian Suite,Brian,Suite,SS,,Active
3191,Karl Joseph,Karl,Joseph,DB,,Inactive
12324,William Thompson,William,Thompson,QB,,Active
6004,Andre James,Andre,James,C,TEN,Active
12788,Will Sheppard,Will,Sheppard,WR,GB,Active
8926,Xavier Newman,Xavier,Newman,OL,NYJ,Active
3667,Sharrod Neasman,Sharrod,Neasman,DB,,Active
6332,Dylan Mabin,Dylan,Mabin,CB,,Active
13708,Kobe Prentice,Kobe,Prentice,WR,NE,Active
13134,Bryce Ganious,Bryce,Ganious,DL,,Active
7880,Jack Heflin,Jack,Heflin,DT,NYJ,Active
1531,Sharrif Floyd,Sharrif,Floyd,DT,,Inactive
11085,Jaylin Williams,Jaylin,Williams,CB,,Active
12091,Byron Vaughns,Byron,Vaughns,LB,,Active
7428,Tommy Champion,Tommy,Champion,T,,Active
13768,Josh Pitsenburger,Josh,Pitsenburger,RB,,Active
13204,Mehki Butler,Mehki,Butler,OL,NE,Active
7186,Jordan Williams,Jordan,Williams,LB,,Active
4702,Jeremy Boykins,Jeremy,Boykins,CB,,Active
5245,Troy Mangen,Troy,Mangen,TE,,Active
11151,Tanner Ingle,Tanner,Ingle,DB,LAR,Active
3151,Cleyon Laing,Cleyon,Laing,DT,,Inactive
11153,Jordan Jones,Jordan,Jones,CB,,Active
8265,Travon Walker,Travon,Walker,LB,JAX,Active
686,Shaun Hill,Shaun,Hill,QB,,Inactive
10899,Gervon Dexter,Gervon,Dexter,DL,CHI,Active
7340,Brandon Polk,Brandon,Polk,WR,,Active
13245,Jonathan Mendoza,Jonathan,Mendoza,T,,Active
13617,Luke Wysong,Luke,Wysong,WR,,Active
8445,Zion Johnson,Zion,Johnson,G,CLE,Active
12617,Demetrius Knight,Demetrius,Knight,LB,CIN,Active
600,Marshall Newhouse,Marshall,Newhouse,OL,,Inactive
11506,Jalen Moreno-Cropper,Jalen,Moreno-Cropper,WR,NO,Active
12781,Karene Reid,Karene,Reid,LB,DEN,Active
11712,Ty'Ron Hopper,Ty'Ron,Hopper,LB,GB,Active
4029,Dalvin Cook,Dalvin,Cook,RB,,Active
11097,John Ojukwu,John,Ojukwu,OT,PHI,Active
267,Zach Strief,Zach,Strief,T,,Inactive
12797,Ahmani Marshall,Ahmani,Marshall,RB,CLE,Active
13813,Laith Marjan,Laith,Marjan,K,PIT,Active
579,Linval Joseph,Linval,Joseph,DT,,Active
3581,Marquis Lucas,Marquis,Lucas,OT,,Active
3580,Julian Whigham,Julian,Whigham,CB,,Active
13051,K.C. Ossai,K.C.,Ossai,LB,HOU,Active
7890,Javon McKinley,Javon,McKinley,WR,,Inactive
8814,Zein Obeid,Zein,Obeid,G,,Injured Reserve
13750,TJ Harden,TJ,Harden,RB,CLE,Active
11278,Eli Ricks,Eli,Ricks,CB,,Active
5394,Terrell Williams,Terrell,Williams,FS,,Active
795,Marcell Dareus,Marcell,Dareus,DE,,Active
13547,Skyler Gill-Howard,Skyler,Gill-Howard,DT,DET,Active
5374,Justin Watson,Justin,Watson,WR,HOU,Active
13856,Darryl Peterson,Darryl,Peterson,LB,LAR,Active
8508,Trenton Gill,Trenton,Gill,P,,Active
2231,Tre Mason,Tre,Mason,RB,,Inactive
8454,Luke Goedeke,Luke,Goedeke,OL,TB,Active
4818,Corin Brooks,Corin,Brooks,G,,Active
7773,Larnel Coleman,Larnel,Coleman,T,,Active
5159,Deatrick Nichols,Deatrick,Nichols,CB,,Inactive
10967,Chris Smith,Chris,Smith,DB,,Active
3690,Antwane Grant,Antwane,Grant,WR,,Inactive
5047,Brian O'Neill,Brian,O'Neill,T,MIN,Active
11555,Alex Matheson,Alex,Matheson,LS,,Active
597,Morgan Burnett,Morgan,Burnett,SS,,Injured Reserve
12968,Jack Conley,Jack,Conley,OL,CLE,Active
11619,Ja'Lynn Polk,Ja'Lynn,Polk,WR,,Active
408,Chris Canty,Chris,Canty,DE,,Inactive
12047,Ro Torrence,Ro,Torrence,DB,,Active
2336,Stephone Anthony,Stephone,Anthony,LB,,Active
8043,Jordyn Peters,Jordyn,Peters,DB,,Active
11982,Isaiah Washington,Isaiah,Washington,WR,,Active
7044,Julian Blackmon,Julian,Blackmon,DB,NO,Active
10916,Kobie Turner,Kobie,Turner,DT,LAR,Active
9756,Jordan Addison,Jordan,Addison,WR,MIN,Active
5508,Chris Lammons,Chris,Lammons,CB,,Active
1199,Matt Daniels,Matt,Daniels,SS,,Inactive
2834,Tom Obarski,Tom,Obarski,K,,Inactive
8368,Sam Williams,Sam,Williams,DL,DAL,Active
4639,Jessamen Dunker,Jessamen,Dunker,G,,Active
8452,Ed Ingram,Ed,Ingram,G,HOU,Active
7574,Larry Rountree,Larry,Rountree,RB,,Active
1097,Kendall Wright,Kendall,Wright,WR,,Inactive
13511,Jalon Kilgore,Jalon,Kilgore,CB,BUF,Active
445,Thomas Morstead,Thomas,Morstead,P,,Active
6736,Sean Smith,Sean,Smith,CB,,Inactive
6890,Kamal Martin,Kamal,Martin,LB,,Active
8726,Brenden Schooler,Brenden,Schooler,DB,NE,Active
6118,Quinnen Williams,Quinnen,Williams,DT,DAL,Active
5281,Troy Williams,Troy,Williams,QB,,Inactive
7838,Larry Borom,Larry,Borom,OL,DET,Active
1322,Saalim Hakim,Saalim,Hakim,WR,,Inactive
3725,Tyler Kuder,Tyler,Kuder,NT,,Active
13642,Keeshawn Silver,Keeshawn,Silver,DT,NO,Active
4935,Charles Walker,Charles,Walker,DT,PHI,Active
7196,Marcus Willoughby,Marcus,Willoughby,LB,,Active
2067,Terrance Mitchell,Terrance,Mitchell,DB,,Active
10891,Devon Witherspoon,Devon,Witherspoon,DB,SEA,Active
1525,Micah Hyde,Micah,Hyde,DB,,Active
4033,David Njoku,David,Njoku,TE,LAC,Active
13974,Malcolm DeWalt,Malcolm,DeWalt,CB,ATL,Active
5669,Sharif Finch,Sharif,Finch,LB,,Inactive
7303,Bryan Wright,Bryan,Wright,LB,,Active
13621,Dillon Bell,Dillon,Bell,WR,MIN,Active
13732,Aaron Graves,Aaron,Graves,DT,BAL,Active
4152,Marlon Mack,Marlon,Mack,RB,,Active
12799,Bryson Green,Bryson,Green,WR,ARI,Active
7,Kurt Warner,Kurt,Warner,QB,,Inactive
1581,Carter Bykowski,Carter,Bykowski,G,,Inactive
3194,Vernon Hargreaves,Vernon,Hargreaves,DB,,Active
6471,Larry Allen Jr.,Larry,Allen Jr.,G,,Inactive
5180,Danny Ezechukwu,Danny,Ezechukwu,OLB,,Inactive
11658,Darius Robinson,Darius,Robinson,DL,ARI,Active
13324,Matt Hibner,Matt,Hibner,TE,BAL,Active
3497,Darion Griswold,Darion,Griswold,TE,,Active
4595,Dontez Ford,Dontez,Ford,WR,,Active
2032,Carlos Fields,Carlos,Fields,LB,,Inactive
8762,Jabari Ellis,Jabari,Ellis,DT,,Active
866,Cecil Shorts,Cecil,Shorts,WR,,Inactive
3011,Antoine Everett,Antoine,Everett,OT,,Inactive
561,Cassius Vaughn,Cassius,Vaughn,CB,,Inactive
2213,Nate Askew,Nate,Askew,OLB,,Inactive
6683,D'Andre Payne,D'Andre,Payne,CB,,Active
11142,Timarcus Davis,Timarcus,Davis,CB,,Active
13341,Akheem Mesidor,Akheem,Mesidor,DL,LAC,Active
4360,Fred Ross,Fred,Ross,WR,,Inactive
514,Brandon Deaderick,Brandon,Deaderick,DE,,Inactive
4670,Artavis Scott,Artavis,Scott,WR,,Active
5836,Tre' Williams,Tre',Williams,OLB,,Active
6441,Duplicate Player,Duplicate,Player,NT,,Inactive
11432,Markees Watts,Markees,Watts,DE,,Active
1585,Quinton Dial,Quinton,Dial,NT,,Inactive
11465,Adam Plant,Adam,Plant,DE,,Active
3564,Tre Madden,Tre,Madden,RB,,Inactive
13298,KC Concepcion,KC,Concepcion,WR,CLE,Active
12128,Isaac Ukwu,Isaac,Ukwu,DE,,Active
1228,Trenton Robinson,Trenton,Robinson,FS,,Inactive
300,Willis McGahee,Willis,McGahee,RB,,Inactive
959,Da'Quan Bowers,Da'Quan,Bowers,DT,,Inactive
277,Daniel Fells,Daniel,Fells,TE,,Inactive
13873,Sam Scott,Sam,Scott,RB,NYJ,Active
12078,Jaylon Allen,Jaylon,Allen,DL,,Active
4267,Jylan Ware,Jylan,Ware,OT,,Inactive
3692,Alex Redmond,Alex,Redmond,OG,NE,Inactive
4643,Calvin Munson,Calvin,Munson,LB,,Active
13861,Daniel Sobkowicz,Daniel,Sobkowicz,WR,HOU,Active
691,Derek Anderson,Derek,Anderson,QB,,Injured Reserve
7803,Trey Hill,Trey,Hill,C,WAS,Active
13777,Ademola Faleye,Ademola,Faleye,TE,,Active
9491,Ty Scott,Ty,Scott,WR,,Active
5802,Allenzae Staggers,Allenzae,Staggers,WR,,Inactive
7502,Dominique Dafney,Dominique,Dafney,TE,,Active
7464,Connor Slomka,Connor,Slomka,RB,,Active
2582,Cole Stoudt,Cole,Stoudt,QB,,Active
2729,Corey Grant,Corey,Grant,RB,,Inactive
3429,Darien Harris,Darien,Harris,OLB,,Active
7549,CJ Marable,CJ,Marable,RB,,Active
5849,Kyler Murray,Kyler,Murray,QB,MIN,Active
11361,Broughton Hatcher,Broughton,Hatcher,LS,,Active
13783,Raylen Sharpe,Raylen,Sharpe,WR,IND,Active
5409,Tanner Hudson,Tanner,Hudson,TE,CIN,Active
13663,Wesley Grimes,Wesley,Grimes,WR,SF,Active
13752,Tyreak Sapp,Tyreak,Sapp,DE,CLE,Active
1796,Taylor Hart,Taylor,Hart,T,,Inactive
12361,Aeneas Dennis,Aeneas,Dennis,QB,,Active
4429,Dwayne Thomas,Dwayne,Thomas,CB,,Active
5037,Breeland Speaks,Breeland,Speaks,DE,,Active
1296,Cory Harkey,Cory,Harkey,TE,,Inactive
6028,Derwin Gray,Derwin,Gray,T,,Active
1458,Quanterus Smith,Quanterus,Smith,DE,,Inactive
13172,Keyon Martin,Keyon,Martin,CB,BAL,Active
12751,Howard Cross,Howard,Cross,DT,CIN,Active
12889,Beaux Collins,Beaux,Collins,WR,NYG,Active
8325,Arnold Ebiketie,Arnold,Ebiketie,DL,PHI,Active
6603,Marquez Tucker,Marquez,Tucker,OT,,Active
8641,De'Shaan Dixon,De'Shaan,Dixon,LB,,Active
12256,Baylor Cupp,Baylor,Cupp,TE,,Active
7233,Andre Baccellia,Andre,Baccellia,WR,,Active
11412,Jacob Sykes,Jacob,Sykes,DE,PHI,Active
10952,Colby Wooden,Colby,Wooden,DE,IND,Active
6112,Martez Ivey,Martez,Ivey,OT,,Active
13912,Niklas Henning,Niklas,Henning,T,LV,Active
7639,Rashawn Slater,Rashawn,Slater,T,LAC,Active
346,Brandon Tate,Brandon,Tate,WR,,Inactive
2556,Terrence Magee,Terrence,Magee,RB,,Inactive
5992,Jonathan Crawford,Jonathan,Crawford,FS,,Active
587,Logan Paulsen,Logan,Paulsen,TE,,Active
7648,Nick Bolton,Nick,Bolton,LB,KC,Active
2423,Ramik Wilson,Ramik,Wilson,LB,,Active
12625,Justin Walley,Justin,Walley,CB,IND,Active
6440,Jordan Thompson,Jordan,Thompson,DT,,Active
7985,Pro Wells,Pro,Wells,TE,,Active
6960,Tyler Johnson,Tyler,Johnson,WR,DAL,Active
1770,Ray-Ray Armstrong,Ray-Ray,Armstrong,LB,,Active
3959,Greg Roman,Greg,Roman,,,Inactive
4293,Daniel Brunskill,Daniel,Brunskill,OL,,Active
4380,Cody Heiman,Cody,Heiman,ILB,,Active
4838,Austin Albrecht,Austin,Albrecht,OL,TB,Active
11068,Mitch Tinsley,Mitch,Tinsley,WR,CIN,Active
13887,Nyzier Fourqurean,Nyzier,Fourqurean,CB,LAR,Active
11991,Avery Jones,Avery,Jones,C,,Active
8655,Seth Vernon,Seth,Vernon,P,,Active
6101,Brian Peavy,Brian,Peavy,CB,,Active
13917,Marlen Sewell,Marlen,Sewell,DB,,Active
368,Jason McCourty,Jason,McCourty,DB,,Active
13168,Jerrin Thompson,Jerrin,Thompson,DB,,Active
1215,Jarius Wright,Jarius,Wright,WR,,Active
11401,DJ Dale,DJ,Dale,DT,,Active
5410,Evan Perrizo,Evan,Perrizo,DE,,Active
11816,Javontae Jean-Baptiste,Javontae,Jean-Baptiste,DL,WAS,Active
541,Damian Williams,Damian,Williams,WR,,Inactive
3029,S Green,S,Green,OLB,,Inactive
4252,Isaiah Ford,Isaiah,Ford,WR,,Inactive
6819,Michael Pittman,Michael,Pittman,WR,PIT,Active
6124,Montez Sweat,Montez,Sweat,DE,CHI,Active
12008,DeShawn Gaddie,DeShawn,Gaddie,CB,,Active
1940,Avery Williamson,Avery,Williamson,LB,,Active
6376,James Folston,James,Folston,OLB,,Active
12208,Theo Benedet,Theo,Benedet,OT,CHI,Active
3300,DeAndre Washington,DeAndre,Washington,RB,,Inactive
1354,Jelani Jenkins,Jelani,Jenkins,LB,,Inactive
13791,Wesley Bissainthe,Wesley,Bissainthe,LB,KC,Active
193,Justin Durant,Justin,Durant,LB,,Inactive
2166,David Yankey,David,Yankey,G,,Inactive
8795,D'Anthony Bell,D'Anthony,Bell,DB,SEA,Active
11575,Ray Davis,Ray,Davis,RB,BUF,Active
7334,Earnest Edwards,Earnest,Edwards,WR,,Inactive
3917,Kendal Thompson,Kendal,Thompson,WR,,Inactive
2115,Will Sutton,Will,Sutton,DT,,Inactive
2289,Cordarro Law,Cordarro,Law,LB,,Inactive
12430,Malik Fisher,Malik,Fisher,DE,,Active
13002,Ben Dooley,Ben,Dooley,OL,,Active
11245,Patrick Murtagh,Patrick,Murtagh,TE,,Active
12931,Johnathan Baldwin,Johnathan,Baldwin,DB,GB,Active
3115,Dowell Loggains,Dowell,Loggains,,,Inactive
1663,Abry Jones,Abry,Jones,DT,,Injured Reserve
483,Jonathan Casillas,Jonathan,Casillas,LB,,Inactive
1263,Bernard Pierce,Bernard,Pierce,RB,,Inactive
1573,Zac Stacy,Zac,Stacy,RB,,Inactive
7002,Juwan Johnson,Juwan,Johnson,TE,NO,Active
11889,Tyler Smith,Tyler,Smith,OL,,Active
1694,Ryan Allen,Ryan,Allen,P,,Active
12485,Tez Johnson,Tez,Johnson,WR,TB,Active
8885,Tucker Fisk,Tucker,Fisk,TE,,Active
13981,Kolbe Katsis,Kolbe,Katsis,WR,DEN,Active
4991,James Daniels,James,Daniels,OL,,Active
2081,Emmanuel Dieke,Emmanuel,Dieke,DE,,Inactive
6549,Damion Willis,Damion,Willis,WR,,Active
3895,Marvin Hall,Marvin,Hall,WR,,Active
3354,Derek Watt,Derek,Watt,FB,,Active
2110,Christian Jones,Christian,Jones,LB,,Active
11640,Jermaine Burton,Jermaine,Burton,WR,,Active
265,DeAngelo Hall,DeAngelo,Hall,FS,,Inactive
4341,Fish Smithson,Fish,Smithson,FS,,Inactive
519,Brandon Spikes,Brandon,Spikes,ILB,,Inactive
8501,Nick Zakelj,Nick,Zakelj,OL,SF,Active
13541,Lewis Bond,Lewis,Bond,WR,HOU,Active
310,Heath Miller,Heath,Miller,TE,,Inactive
7058,Jaylinn Hawkins,Jaylinn,Hawkins,SS,BAL,Active
11680,Patrick Paul,Patrick,Paul,OL,MIA,Active
8282,Delarrin Turner-Yell,Delarrin,Turner-Yell,DB,,Active
13097,TaMuarion Wilson,TaMuarion,Wilson,CB,,Active
13181,Payton Page,Payton,Page,DT,NYJ,Active
125,Calais Campbell,Calais,Campbell,DE,BAL,Active
1482,Manti Te'o,Manti,Te'o,LB,,Inactive
11284,Cody Chrest,Cody,Chrest,WR,,Active
6745,Duplicate Player,Duplicate,Player,G,MIA,Inactive
13913,Patrick Gurd,Patrick,Gurd,TE,LV,Active
4019,Jason Garrett,Jason,Garrett,,,Inactive
10930,Riley Moss,Riley,Moss,DB,DEN,Active
12738,Phil Mafah,Phil,Mafah,RB,DAL,Active
6387,Nsimba Webster,Nsimba,Webster,WR,,Active
3402,Zac Brooks,Zac,Brooks,RB,,Active
5670,Nick DeLuca,Nick,DeLuca,TE,,Inactive
516,Aaron Hernandez,Aaron,Hernandez,TE,,Inactive
3605,Matthias Farley,Matthias,Farley,DB,,Active
2249,Anthony Steen,Anthony,Steen,G,,Inactive
13819,Kevin Jobity,Kevin,Jobity,DL,PIT,Active
11585,Player Invalid,Player,Invalid,RB,,Inactive
13381,Jaishawn Barham,Jaishawn,Barham,LB,DAL,Active
3153,Amy Adams-Strunk,Amy,Adams-Strunk,,,Inactive
11852,TJ Franklin,TJ,Franklin,DL,,Active
2201,Khairi Fortt,Khairi,Fortt,OLB,,Inactive
5309,Rod Taylor,Rod,Taylor,G,,Active
9496,Sam James,Sam,James,WR,,Active
1061,Deonte Thompson,Deonte,Thompson,WR,,Inactive
8862,Josh Valentine-Turner,Josh,Valentine-Turner,DB,,Active
6691,Ray Gene smith,Ray Gene,smith,RB,,Inactive
1807,Matt Simms,Matt,Simms,QB,,Inactive
8764,Darren Evans,Darren,Evans,DB,,Active
11454,Otis Reese,Otis,Reese,LB,,Active
4139,Amara Darboh,Amara,Darboh,WR,,Active
7217,Trevontae Hights,Trevontae,Hights,WR,,Active
11902,Nouri Nouili,Nouri,Nouili,OL,,Active
5724,Joseph Este,Joseph,Este,S,,Active
8753,Cortez Davis,Cortez,Davis,DB,,Active
7475,Napoleon Maxwell,Napoleon,Maxwell,RB,,Inactive
3596,Kivon Cartwright,Kivon,Cartwright,TE,,Active
8879,Kenneth George,Kenneth,George,DB,,Active
11025,Jalen Graham,Jalen,Graham,DB,SF,Active
11715,Zak Zinter,Zak,Zinter,OL,CLE,Active
816,Kenrick Ellis,Kenrick,Ellis,DT,,Inactive
11070,Kazmeir Allen,Kazmeir,Allen,WR,,Active
5846,DK Metcalf,DK,Metcalf,WR,PIT,Active
2176,Yawin Smallwood,Yawin,Smallwood,ILB,,Inactive
7146,Vernon Scott,Vernon,Scott,DB,,Active
6987,Hakeem Adeniji,Hakeem,Adeniji,G,,Active
6468,Matthew Eaton,Matthew,Eaton,WR,,Active
7699,Quinn Meinerz,Quinn,Meinerz,OL,DEN,Active
13384,AJ Haulcy,AJ,Haulcy,DB,IND,Active
8081,Jake Curhan,Jake,Curhan,T,,Active
3704,Ryan Mack,Ryan,Mack,OT,,Inactive
8155,Breece Hall,Breece,Hall,RB,NYJ,Active
8175,Reggie Roberson,Reggie,Roberson,WR,,Active
2934,Jonathon Rumph,Jonathon,Rumph,WR,,Active
13126,Devonte O'Malley,Devonte,O'Malley,DT,,Active
11220,Arquon Bush,Arquon,Bush,CB,,Active
6915,Alton Robinson,Alton,Robinson,DE,,Active
789,Curtis Marsh,Curtis,Marsh,CB,,Inactive
6336,Jesse Aniebonam,Jesse,Aniebonam,OLB,,Active
6814,Laviska Shenault,Laviska,Shenault,WR,,Active
12031,Leonard Taylor,Leonard,Taylor,DL,NE,Active
1892,Jeremy Hill,Jeremy,Hill,RB,,Inactive
1838,Shamiel Gary,Shamiel,Gary,FS,,Inactive
7516,Hunter Niswander,Hunter,Niswander,P,DAL,Active
6939,Binjimen Victor,Binjimen,Victor,WR,,Active
7172,Mikey Daniel,Mikey,Daniel,RB,,Active
2788,Nick Harwell,Nick,Harwell,WR,,Inactive
3970,John Fox,John,Fox,,,Inactive
7477,Tyler Clark,Tyler,Clark,DT,,Active
4560,J.D. Harmon,J.D.,Harmon,CB,,Active
13879,Jameson Geers,Jameson,Geers,TE,ARI,Active
2217,Robert Herron,Robert,Herron,WR,,Inactive
8422,Player Invalid,Player,Invalid,RB,,Inactive
5387,Jerod Fernandez,Jerod,Fernandez,OLB,,Inactive
12227,Elias Neal,Elias,Neal,LB,LAR,Active
11137,Dequan Jackson,Dequan,Jackson,LB,,Active
179,Reggie Bush,Reggie,Bush,RB,,Inactive
74,Mike Adams,Mike,Adams,FS,,Injured Reserve
4841,Whitney Richardson,Whitney,Richardson,DE,,Active
4284,Brad Seaton,Brad,Seaton,OT,,Active
11013,Luke Wypler,Luke,Wypler,OL,CLE,Active
12760,Rashod Owens,Rashod,Owens,WR,,Active
8469,Daniel Faalele,Daniel,Faalele,T,NYG,Active
13610,Jordan Botelho,Jordan,Botelho,LB,,Active
5437,Corey Griffin,Corey,Griffin,S,,Active
725,Clint Gresham,Clint,Gresham,LS,,Inactive
4320,James Quick,James,Quick,WR,,Active
13437,Noah Whittington,Noah,Whittington,RB,HOU,Active
4919,Josh Latham,Josh,Latham,LS,,Active
322,Antonio Gates,Antonio,Gates,TE,,Injured Reserve
3441,Matt Skura,Matt,Skura,C,,Active
6872,Kyle Dugger,Kyle,Dugger,DB,CIN,Active
1626,Will Compton,Will,Compton,LB,,Active
2576,Cody Fajardo,Cody,Fajardo,QB,,Active
12103,Jordan Miller,Jordan,Miller,DT,DEN,Active
583,Brandon Graham,Brandon,Graham,DE,,Active
4067,Jarrad Davis,Jarrad,Davis,LB,,Active
2870,Ray Hamilton,Ray,Hamilton,TE,,Active
8853,Jordan Williams,Jordan,Williams,DT,,Active
3893,Reece Horn,Reece,Horn,WR,,Active
4304,Chris Odom,Chris,Odom,OLB,,Inactive
8535,David Anenih,David,Anenih,DE,,Active
1328,Cam Johnson,Cam,Johnson,DE,,Inactive
3546,Mike Hilton,Mike,Hilton,CB,,Active
8661,Matt Hankins,Matt,Hankins,CB,,Active
1298,Anthony Levine,Anthony,Levine,DB,BAL,Active
4411,R.J. Shelton,R.J.,Shelton,WR,,Inactive
6065,Cody Barton,Cody,Barton,LB,TEN,Active
8364,Trent McDuffie,Trent,McDuffie,DB,LAR,Active
11303,Caleb Johnson,Caleb,Johnson,LB,,Active
12439,Willie Roberts,Willie,Roberts,CB,,Active
1103,Whitney Mercilus,Whitney,Mercilus,LB,GB,Active
12935,Jakobie Keeney-James,Jakobie,Keeney-James,WR,,Active
6667,Jordan Agasiva,Jordan,Agasiva,G,,Active
KC,,Kansas City,Chiefs,DEF,KC,
11913,Devron Harper,Devron,Harper,WR,,Active
308,JohnnieLee Higgins,JohnnieLee,Higgins,WR,,Inactive
12000,Keni-H Lovely,Keni-H,Lovely,CB,JAX,Active
1692,Lowell Rose,Lowell,Rose,CB,,Inactive
12427,Dondrea Tillman,Dondrea,Tillman,DT,DEN,Active
6992,Michael Warren,Michael,Warren,RB,DET,Inactive
3143,Todd Haley,Todd,Haley,,,Inactive
3927,Jamal Golden,Jamal,Golden,SS,,Inactive
1420,Daimion Stafford,Daimion,Stafford,SS,,Inactive
3236,Maliek Collins,Maliek,Collins,DT,CLE,Active
12972,Roc Taylor,Roc,Taylor,WR,,Active
6499,Jhavonte Dean,Jhavonte,Dean,CB,,Active
13200,Max Hurleman,Max,Hurleman,CB,PIT,Active
7783,Quincy Roche,Quincy,Roche,LB,,Active
1809,Ross Cockrell,Ross,Cockrell,CB,,Active
443,Garry Williams,Garry,Williams,OT,,Inactive
3830,Garrick Mayweather,Garrick,Mayweather,G,,Inactive
12639,Malachi Moore,Malachi,Moore,DB,NYJ,Active
7716,John Bates,John,Bates,TE,WAS,Active
12659,Chris Paul,Chris,Paul,LB,SEA,Active
7041,Robert Hunt,Robert,Hunt,OL,CAR,Active
12577,Anthony Belton,Anthony,Belton,OT,GB,Active
2325,Nelson Agholor,Nelson,Agholor,WR,,Active
2455,Jarvis Harrison,Jarvis,Harrison,G,,Inactive
1567,Tavon Austin,Tavon,Austin,WR,,Active
7305,Jalen Julius,Jalen,Julius,CB,,Active
12986,Wilfried Pene,Wilfried,Pene,DT,,Active
4980,Leighton Vander Esch,Leighton,Vander Esch,LB,,Active
984,Konrad Reuland,Konrad,Reuland,TE,,Inactive
3287,Deiondre' Hall,Deiondre',Hall,SS,,Inactive
11723,Dominick Puni,Dominick,Puni,OL,SF,Active
5597,Brogan Roback,Brogan,Roback,QB,,Active
7135,Freddie Swain,Freddie,Swain,WR,,Inactive
4843,Willie Mays,Willie,Mays,LB,,Active
4731,Joe Bacci,Joe,Bacci,FB,,Active
3903,Warren Gatewood,Warren,Gatewood,CB,,Active
3994,Bill Musgrave,Bill,Musgrave,,,Inactive
6139,Jace Sternberger,Jace,Sternberger,TE,,Active
2435,Shaq Mason,Shaq,Mason,OL,,Active
4765,Chunky Clements,Chunky,Clements,NT,,Inactive
921,Willie Smith,Willie,Smith,OT,,Inactive
3613,Ronald Zamort,Ronald,Zamort,CB,,Inactive
6140,Kendall Sheffield,Kendall,Sheffield,DB,,Active
3821,Travis Britz,Travis,Britz,DT,,Inactive
3543,Spencer Pulley,Spencer,Pulley,C,MIA,Active
7401,Khalil Tate,Khalil,Tate,WR,,Inactive
10989,Jaquelin Roy,Jaquelin,Roy,DT,,Active
3630,Durron Neal,Durron,Neal,WR,,Active
8673,Joel Dublanko,Joel,Dublanko,LB,,Active
13553,Ryan Eckley,Ryan,Eckley,P,BAL,Active
6473,Derrick Puni,Derrick,Puni,OT,,Inactive
2598,Terrell Watson,Terrell,Watson,RB,,Inactive
12762,Payton Thorne,Payton,Thorne,QB,,Active
13333,Deion Burks,Deion,Burks,WR,IND,Active
5326,Jermaine Kelly,Jermaine,Kelly,CB,,Active
13949,Damon Bankston,Damon,Bankston,RB,NYG,Active
5921,Kris Boyd,Kris,Boyd,CB,,Active
14064,Roydell Williams,Roydell,Williams,RB,IND,Active
4025,Jack Del Rio,Jack,Del Rio,,,Inactive
12952,Kahzir Brown,Kahzir,Brown,CB,,Active
1297,Marshall McFadden,Marshall,McFadden,OLB,,Inactive
3377,Aaron Wallace,Aaron,Wallace,OLB,,Inactive
3038,Chris Reed,Chris,Reed,G,,Active
2794,Joel Ross,Joel,Ross,CB,,Inactive
1629,LaAdrian Waddle,LaAdrian,Waddle,T,,Active
4345,Bam Bradley,Bam,Bradley,ILB,,Inactive
2343,Preston Smith,Preston,Smith,LB,,Active
2730,Kenneth Harper,Kenneth,Harper,RB,,Active
739,Trent Edwards,Trent,Edwards,QB,,Inactive
12230,Cam Lampkin,Cam,Lampkin,DB,LAR,Active
7868,Mason Stokke,Mason,Stokke,FB,CAR,Active
12562,Nic Scourton,Nic,Scourton,DL,CAR,Inactive
6968,Jordan Fuller,Jordan,Fuller,DB,,Active
7966,Calvin Ashley,Calvin,Ashley,OT,,Active
7331,John Brannon,John,Brannon,CB,,Active
2604,Manasseh Garner,Manasseh,Garner,WR,,Inactive
2227,Aaron Donald,Aaron,Donald,DT,,Active
11174,Jack Colletto,Jack,Colletto,FB,,Active
1700,Jeff Heath,Jeff,Heath,DB,,Active
12325,Nash Fouch,Nash,Fouch,DB,,Active
3729,Herb Waters,Herb,Waters,WR,,Inactive
7429,Marcus Webb,Marcus,Webb,DE,,Inactive
2962,Zach D'Orazio,Zach,D'Orazio,WR,,Active
5638,Shaq Roland,Shaq,Roland,WR,CHI,Active
165,Brandon Bostick,Brandon,Bostick,TE,,Inactive
8038,Nick Guggemos,Nick,Guggemos,TE,,Active
12433,Ben Bryant,Ben,Bryant,QB,,Active
13125,Micah Bernard,Micah,Bernard,RB,,Active
4647,Colin Thompson,Colin,Thompson,TE,,Active
8588,De'Vante Cross,De'Vante,Cross,CB,,Active
2322,Arik Armstead,Arik,Armstead,DE,JAX,Active
10885,Lukas Van Ness,Lukas,Van Ness,DL,GB,Active
3834,K.J. Brent,K.J.,Brent,WR,,Inactive
2815,Cody Riggs,Cody,Riggs,CB,,Inactive
6530,Mark McLaurin,Mark,McLaurin,LB,,Active
7014,Joe Bachie,Joe,Bachie,LB,DET,Active
8166,Dontario Drummond,Dontario,Drummond,WR,,Active
8128,Player Invalid,Player,Invalid,TE,,Inactive
986,Aldon Smith,Aldon,Smith,DE,,Active
6427,Ashton Dulin,Ashton,Dulin,WR,IND,Active
13005,Anthony Torres,Anthony,Torres,TE,,Active
3004,Josh Francis,Josh,Francis,OLB,,Inactive
6806,J.K. Dobbins,J.K.,Dobbins,RB,DEN,Active
3944,Khaynin Mosley-Smith,Khaynin,Mosley-Smith,DT,,Inactive
4165,Julien Davenport,Julien,Davenport,T,,Active
5278,Jarvion Franklin,Jarvion,Franklin,RB,,Active
1615,Colin Kelly,Colin,Kelly,OT,,Inactive
4808,Maurice Swain,Maurice,Swain,DT,,Active
3915,Jack Gangwish,Jack,Gangwish,DE,,Inactive
440,Sherrod Martin,Sherrod,Martin,FS,,Inactive
13735,Dominic DeLuca,Dominic,DeLuca,LB,BAL,Active
11962,Tayvion Robinson,Tayvion,Robinson,WR,,Active
8281,Isaiah Thomas,Isaiah,Thomas,DL,,Active
7560,Pooka Williams,Pooka,Williams,RB,,Active
1028,Vinny Curry,Vinny,Curry,DE,,Active
75,Kendall Langford,Kendall,Langford,DE,,Inactive
11203,Matt Hembrough,Matt,Hembrough,LS,,Active
6813,Jonathan Taylor,Jonathan,Taylor,RB,IND,Active
11914,Jeremy Flax,Jeremy,Flax,OL,,Active
6052,Khalil Hodge,Khalil,Hodge,ILB,,Inactive
11564,Drake Maye,Drake,Maye,QB,NE,Active
12550,T.J. Maguranyanga,T.J.,Maguranyanga,DE,WAS,Active
7198,Jeff Hector,Jeff,Hector,CB,,Active
13194,Key'Shawn Smith,Key'Shawn,Smith,WR,,Active
3306,Jordan Howard,Jordan,Howard,RB,,Active
13312,Josh Kattus,Josh,Kattus,TE,CIN,Active
11854,Andrew Coker,Andrew,Coker,OL,CIN,Active
3196,Kevin Dodd,Kevin,Dodd,OLB,,Inactive
780,Tony Carter,Tony,Carter,CB,,Injured Reserve
8581,Trevon Bradford,Trevon,Bradford,WR,,Active
8827,Josh Seltzner,Josh,Seltzner,OL,,Inactive
4779,Bra'Lon Cherry,Bra'Lon,Cherry,WR,,Active
8744,Jack Snyder,Jack,Snyder,C,,Active
1494,Damontre Moore,Damontre,Moore,DE,CAR,Active
12989,Hudson Clark,Hudson,Clark,DB,,Active
4114,Tanoh Kpassagnon,Tanoh,Kpassagnon,DE,,Active
797,Justin Rogers,Justin,Rogers,CB,,Inactive
2515,Kristjan Sokoli,Kristjan,Sokoli,DT,,Inactive
958,Joe Morgan,Joe,Morgan,WR,,Inactive
6828,AJ Dillon,AJ,Dillon,RB,CAR,Active
12027,Michael Novitsky,Michael,Novitsky,C,,Active
7112,Tyre Phillips,Tyre,Phillips,G,CLE,Active
804,Clyde Gates,Clyde,Gates,WR,,Inactive
11051,Ethan Evans,Ethan,Evans,P,LAR,Active
8840,Cole Fotheringham,Cole,Fotheringham,TE,,Active
7545,Marlon Williams,Marlon,Williams,WR,,Inactive
5873,Riley Ridley,Riley,Ridley,WR,,Active
1985,Marcel Jensen,Marcel,Jensen,TE,,Inactive
4525,De'Chavon Hayes,De'Chavon,Hayes,CB,,Inactive
1421,Chance Warmack,Chance,Warmack,G,,Inactive
7442,Anthony McKinney,Anthony,McKinney,OT,,Active
480,Dannell Ellerbe,Dannell,Ellerbe,LB,,Inactive
8844,Sam Webb,Sam,Webb,CB,DEN,Active
7342,Michael Hoecht,Michael,Hoecht,DT,BUF,Active
5423,Trent Scott,Trent,Scott,T,WAS,Active
13184,Ladarius Tennison,Ladarius,Tennison,DB,,Active
11341,Nash Jensen,Nash,Jensen,OL,,Inactive
12265,Colton Spangler,Colton,Spangler,P,,Active
6717,Ka'John Armstrong,Ka'John,Armstrong,OT,,Inactive
10988,Cameron Mitchell,Cameron,Mitchell,DB,IND,Active
4494,Alonzo Moore,Alonzo,Moore,WR,,Inactive
13283,Hollywood Smothers,Hollywood,Smothers,RB,,Active
4661,Michael Davis,Michael,Davis,CB,,Active
7424,Anthony Jones,Anthony,Jones,RB,,Active
6038,Damian Prince,Damian,Prince,OT,,Active
3018,Tyrequek Zimmerman,Tyrequek,Zimmerman,FS,,Inactive
3962,Gary Kubiak,Gary,Kubiak,,,Inactive
5124,Alex McGough,Alex,McGough,QB,,Active
4741,Dan Arnold,Dan,Arnold,TE,,Active
8514,Andrew Stueber,Andrew,Stueber,OL,ATL,Active
7080,Omar Bayless,Omar,Bayless,WR,,Active
11987,Daniel Grzesiak,Daniel,Grzesiak,DL,,Active
6713,Jamarius Way,Jamarius,Way,WR,,Active
1549,Kawann Short,Kawann,Short,DT,,Active
11415,Tanner Taula,Tanner,Taula,TE,,Active
2806,Cameron Lynch,Cameron,Lynch,LB,,Inactive
925,J.T. Thomas,J.T.,Thomas,LB,,Injured Reserve
6406,Juwann Bushell-Beatty,Juwann,Bushell-Beatty,OT,,Active
8551,Brodarious Hamm,Brodarious,Hamm,T,,Active
2688,Chad Slade,Chad,Slade,OG,,Active
1253,Marquette King,Marquette,King,P,,Inactive
12074,Talik Keaton,Talik,Keaton,WR,,Active
13143,Dymere Miller,Dymere,Miller,WR,,Active
6913,Joe Reed,Joe,Reed,WR,,Active
12129,Jalon Calhoun,Jalon,Calhoun,WR,,Active
11820,Devin Culp,Devin,Culp,TE,TB,Active
13247,Ajani Carter,Ajani,Carter,DB,,Active
3443,Chris Swain,Chris,Swain,FB,,Active
1449,Denard Robinson,Denard,Robinson,RB,,Inactive
13481,Bryce Boettcher,Bryce,Boettcher,LB,IND,Active
11248,Chris Stoll,Chris,Stoll,LS,SEA,Active
2517,Christian Covington,Christian,Covington,DT,LAC,Active
8216,Player Invalid,Player,Invalid,QB,,Inactive
13743,Joseph Manjack,Joseph,Manjack,WR,DEN,Active
8396,Micah McFadden,Micah,McFadden,LB,NYG,Active
8053,Dareuan Parker,Dareuan,Parker,OL,,Active
633,Tramaine Brock,Tramaine,Brock,CB,,Active
7588,Javonte Williams,Javonte,Williams,RB,DAL,Active
4230,Brandon Wilson,Brandon,Wilson,DB,,Active
5152,Mat Boesen,Mat,Boesen,DE,,Active
3853,Terran Vaughn,Terran,Vaughn,G,,Active
8498,Devin Harper,Devin,Harper,LB,,Inactive
3948,Andrew Opoku,Andrew,Opoku,WR,,Inactive
2232,Demetrius Rhaney,Demetrius,Rhaney,C,,Inactive
2089,Kerry Wynn,Kerry,Wynn,DE,,Active
1130,Cyrus Gray,Cyrus,Gray,RB,,Inactive
5531,Christian DiLauro,Christian,DiLauro,T,,Active
5000,Chase Edmonds,Chase,Edmonds,RB,,Active
5183,Ola Adeniyi,Ola,Adeniyi,LB,,Active
12606,Ozzy Trapilo,Ozzy,Trapilo,OL,CHI,Active
13719,Corey Robinson,Corey,Robinson,OL,CIN,Active
11704,Christian Haynes,Christian,Haynes,OL,SEA,Active
373,Brian Cushing,Brian,Cushing,LB,,Inactive
1313,Michael Preston,Michael,Preston,WR,,Inactive
4016,Bill Belichick,Bill,Belichick,,,Inactive
13945,Nolan Rucci,Nolan,Rucci,OT,IND,Active
3839,Drew Iddings,Drew,Iddings,DE,,Inactive
13203,Jeremiah Walker,Jeremiah,Walker,CB,,Active
12942,Zemaiah Vaughn,Zemaiah,Vaughn,CB,MIN,Active
4272,Sam Tevi,Sam,Tevi,OT,,Active
3717,Joe Callahan,Joe,Callahan,QB,,Inactive
4727,Mitchell Paige,Mitchell,Paige,WR,,Active
12674,Jalen Rivers,Jalen,Rivers,OL,CIN,Active
11395,Keidron Smith,Keidron,Smith,DB,NYJ,Active
13231,Luke Felix-Fualalo,Luke,Felix-Fualalo,T,,Active
4812,Terence Waugh,Terence,Waugh,LB,,Active
3669,Brian Poole,Brian,Poole,CB,IND,Active
11694,Marshawn Kneeland,Marshawn,Kneeland,DL,,Active
594,Ndamukong Suh,Ndamukong,Suh,DT,,Active
8757,Rodney Williams,Rodney,Williams,TE,,Active
2991,Dillon Day,Dillon,Day,C,,Inactive
2657,John Lowdermilk,John,Lowdermilk,CB,,Inactive
7741,Caleb Huntley,Caleb,Huntley,RB,,Active
2621,Terron Ward,Terron,Ward,RB,,Inactive
1152,Evan Rodriguez,Evan,Rodriguez,TE,,Inactive
11115,Terrell Bynum,Terrell,Bynum,WR,,Active
6513,Joe Lowery,Joe,Lowery,G,,Active
4698,Trey Robinson,Trey,Robinson,FS,,Active
4998,DaeSean Hamilton,DaeSean,Hamilton,WR,,Active
6504,Ryan Anderson,Ryan,Anderson,P,,Active
5990,Terez Hall,Terez,Hall,LB,,Inactive
MIN,,Minnesota,Vikings,DEF,MIN,
11599,Cade Stover,Cade,Stover,TE,HOU,Active
667,Steve McLendon,Steve,McLendon,DT,,Active
4243,Malachi Dupre,Malachi,Dupre,WR,,Inactive
13754,Langston Patterson,Langston,Patterson,LB,DAL,Active
4506,Chris Bordelon,Chris,Bordelon,G,,Active
8188,Tyquan Thornton,Tyquan,Thornton,WR,KC,Active
7808,Ben Mason,Ben,Mason,FB,,Active
5241,Christian Blake,Christian,Blake,WR,,Active
10868,Leonard Johnson,Leonard,Johnson,CB,,Active
6703,Andrew Wellock,Andrew,Wellock,K,,Inactive
5460,Kaare Vedvik,Kaare,Vedvik,K,,Active
5954,Jordan Brailford,Jordan,Brailford,DE,,Active
13897,Christian Thomas,Christian,Thomas,LB,,Active
1965,Zach Kerr,Zach,Kerr,DE,,Active
2602,Darius Jennings,Darius,Jennings,WR,,Active
5297,Zach Sieler,Zach,Sieler,DT,MIA,Active
4936,Skyler Howard,Skyler,Howard,QB,SEA,Active
332,Jairus Byrd,Jairus,Byrd,FS,,Inactive
339,Brian Hartline,Brian,Hartline,WR,,Inactive
6788,Xavier McKinney,Xavier,McKinney,DB,GB,Active
3506,Ryan Malleck,Ryan,Malleck,TE,,Inactive
5623,Mike Love,Mike,Love,DE,,Active
7091,Aaron Parker,Aaron,Parker,WR,,Active
4754,Duplicate Player,Duplicate,Player,,BUF,Inactive
13076,Diwun Black,Diwun,Black,DE,,Active
9759,C.J. Johnson,C.J.,Johnson,WR,,Active
2009,Michael Schofield,Michael,Schofield,T,,Active
6026,Albert Huggins,Albert,Huggins,DT,,Active
338,Andrew Gardner,Andrew,Gardner,G,,Inactive
2334,Phillip Dorsett,Phillip,Dorsett,WR,LV,Active
7679,Alim McNeill,Alim,McNeill,NT,DET,Active
1987,Marqise Lee,Marqise,Lee,WR,,Inactive
2345,Dorial Green-Beckham,Dorial,Green-Beckham,WR,,Inactive
11800,Ryan Watts,Ryan,Watts,DB,,Active
3684,Derek Keaton,Derek,Keaton,WR,,Inactive
6562,Blake Camper,Blake,Camper,OT,,Active
753,Jason Williams,Jason,Williams,OLB,,Inactive
1402,Armonty Bryant,Armonty,Bryant,DE,,Inactive
12189,Xavier White,Xavier,White,WR,,Active
2724,Brandon King,Brandon,King,LB,,Active
2417,Arie Kouandjio,Arie,Kouandjio,G,,Inactive
11550,DaShaun White,DaShaun,White,LB,,Active
4158,Eddie Jackson,Eddie,Jackson,DB,,Active
12167,Sam Lockett,Sam,Lockett,DB,,Active
2971,Anthony Ezeakunne,Anthony,Ezeakunne,TE,,Inactive
13035,Amari Kight,Amari,Kight,OT,SEA,Active
6143,Marvell Tell,Marvell,Tell,CB,,Inactive
12293,Daniel Johnson,Daniel,Johnson,OL,,Active
11050,DeMarcco Hellams,DeMarcco,Hellams,DB,ATL,Active
13030,Torricelli Simpkins,Torricelli,Simpkins,OL,NO,Active
8231,Player Invalid,Player,Invalid,RB,,Inactive
13072,Stone Blanton,Stone,Blanton,LB,,Active
1788,Beau Allen,Beau,Allen,NT,,Active
2669,Alani Fua,Alani,Fua,LB,,Injured Reserve
1126,Brock Osweiler,Brock,Osweiler,QB,,Injured Reserve
11192,Malik Flowers,Malik,Flowers,WR,,Active
7756,Khyiris Tonga,Khyiris,Tonga,DT,KC,Active
311,Brandon Fields,Brandon,Fields,P,,Inactive
5493,Charvarius Ward,Charvarius,Ward,CB,IND,Active
6865,Colby Parkinson,Colby,Parkinson,TE,LAR,Active
3957,Blake Sims,Blake,Sims,QB,,Active
8887,Mike Greene,Mike,Greene,DT,,Active
7338,Cohl Cabral,Cohl,Cabral,C,,Active
11767,Xavier Thomas,Xavier,Thomas,DE,,Inactive
13294,Makai Lemon,Makai,Lemon,WR,PHI,Active
8036,Zeandae Johnson,Zeandae,Johnson,DT,,Active
6054,Derrick Baity,Derrick,Baity,CB,,Active
8876,Kevin Kassis,Kevin,Kassis,WR,,Active
253,James Jones,James,Jones,WR,,Inactive
586,Mike Kafka,Mike,Kafka,QB,,Inactive
159,Dwight Freeney,Dwight,Freeney,DE,,Inactive
5767,Adonis Alexander,Adonis,Alexander,DB,NO,Inactive
47,Jackie Battle,Jackie,Battle,FB,,Inactive
2157,Isame Faciane,Isame,Faciane,G,,Active
2246,Kelvin Palmer,Kelvin,Palmer,G,,Inactive
12515,Donovan Edwards,Donovan,Edwards,RB,MIA,Active
13788,Mitchell Melton,Mitchell,Melton,DE,IND,Active
286,Dwayne Bowe,Dwayne,Bowe,WR,,Inactive
1095,Coty Sensabaugh,Coty,Sensabaugh,CB,,Active
6233,Matt Sokol,Matt,Sokol,TE,,Active
2425,Josh Shaw,Josh,Shaw,SS,,Inactive
11530,Nick Williams,Nick,Williams,WR,,Active
11675,Kool-Aid McKinstry,Kool-Aid,McKinstry,DB,NO,Active
13672,Wydett Williams,Wydett,Williams,DB,ARI,Active
7476,Trevon McSwain,Trevon,McSwain,DT,,Inactive
625,Darian Stewart,Darian,Stewart,FS,,Active
6884,Logan Stenberg,Logan,Stenberg,G,,Active
10999,Josh Hayes,Josh,Hayes,CB,TB,Active
2438,Mark Glowinski,Mark,Glowinski,G,,Active
10216,Kenny McIntosh,Kenny,McIntosh,RB,,Active
7062,Rodrigo Blankenship,Rodrigo,Blankenship,K,,Active
6174,Chris Slayton,Chris,Slayton,DT,,Active
6520,Larry Williams,Larry,Williams,G,,Active
8786,Desmond Noel,Desmond,Noel,OL,,Inactive
6067,Ryan Pope,Ryan,Pope,OT,,Active
11386,Brandon Kipper,Brandon,Kipper,OL,,Active
1653,Josh Kline,Josh,Kline,G,,Active
3628,David Moala,David,Moala,DT,,Active
1283,Neiko Thorpe,Neiko,Thorpe,CB,,Active
7155,Tae Crowder,Tae,Crowder,LB,,Active
11662,Quinyon Mitchell,Quinyon,Mitchell,CB,PHI,Active
481,Michael Oher,Michael,Oher,T,,Inactive
12646,Barrett Carter,Barrett,Carter,LB,CIN,Active
4720,Dominique Hatfield,Dominique,Hatfield,CB,,Inactive
2757,Micajah Reynolds,Micajah,Reynolds,DT,,Active
6863,Lavert Hill,Lavert,Hill,CB,,Active
7922,Riley Patterson,Riley,Patterson,K,MIA,Active
4093,Marcus Maye,Marcus,Maye,DB,,Active
12859,Nate Noel,Nate,Noel,RB,,Active
2910,Tyler Rutenbeck,Tyler,Rutenbeck,WR,,Active
6231,John Lovett,John,Lovett,QB,,Active
12505,Jalen Royals,Jalen,Royals,WR,KC,Active
4917,Daryl Virgies,Daryl,Virgies,RB,,Active
4245,Kyle Fuller,Kyle,Fuller,OL,,Active
12303,Brady Weeks,Brady,Weeks,LS,,Active
8326,Jermaine Waller,Jermaine,Waller,DB,,Injured Reserve
11416,Chris Murray,Chris,Murray,OL,,Active
12501,Matthew Golden,Matthew,Golden,WR,GB,Active
1513,Ezekiel Ansah,Ezekiel,Ansah,DE,,Inactive
13489,Malik Muhammad,Malik,Muhammad,CB,CHI,Active
3140,Todd Monken,Todd,Monken,,,Inactive
3309,Wendell Smallwood,Wendell,Smallwood,RB,WAS,Active
3242,Kenyan Drake,Kenyan,Drake,RB,,Active
4500,Andrew Lauderdale,Andrew,Lauderdale,OT,,Active
402,Victor Butler,Victor,Butler,OLB,,Inactive
12358,Shon Stephens,Shon,Stephens,CB,,Active
8721,De'Montre Tuggle,De'Montre,Tuggle,RB,,Active
5697,Zach Olstad,Zach,Olstad,RB,,Inactive
6925,Essang Bassey,Essang,Bassey,CB,,Active
7887,D'Angelo Amos,D'Angelo,Amos,DB,DET,Active
8397,Juanyeh Thomas,Juanyeh,Thomas,DB,IND,Active
13412,Kendrick Law,Kendrick,Law,WR,DET,Inactive
4787,Jordan Westerkamp,Jordan,Westerkamp,WR,,Active
5014,Joseph Noteboom,Joseph,Noteboom,OL,,Active
278,Kevin Kolb,Kevin,Kolb,QB,,Inactive
6978,Reggie Corbin,Reggie,Corbin,RB,,Inactive
1731,Johnnie Troutman,Johnnie,Troutman,G,,Inactive
12323,Kameren Stewart,Kameren,Stewart,OT,,Active
6099,B.J. Blunt,B.J.,Blunt,ILB,,Active
6466,Daryle Banfield,Daryle,Banfield,NT,,Active
4237,Marquez White,Marquez,White,CB,,Active
6700,Marcelias Sutton,Marcelias,Sutton,RB,,Active
2180,Tyler Starr,Tyler,Starr,LB,,Inactive
13865,Dasan McCullough,Dasan,McCullough,LB,DEN,Active
7152,Sam Sloman,Sam,Sloman,K,,Active
12754,Drew Moss,Drew,Moss,OL,TEN,Active
6832,Kalija Lipscomb,Kalija,Lipscomb,WR,,Active
7038,Darius Anderson,Darius,Anderson,RB,,Inactive
12693,Jeremy Crawshaw,Jeremy,Crawshaw,P,DEN,Active
7434,Kemah Siverand,Kemah,Siverand,DB,,Inactive
6620,Javien Hamilton,Javien,Hamilton,CB,,Inactive
3736,Arturo Uzdavinis,Arturo,Uzdavinis,OT,,Active
7810,Ade Ogundeji,Ade,Ogundeji,LB,,Active
4401,Damore'ea Stringfellow,Damore'ea,Stringfellow,WR,,Active
5160,A.J. Howard,A.J.,Howard,SS,,Active
7945,Chris Garrett,Chris,Garrett,LB,,Active
11283,Darius Hagans,Darius,Hagans,RB,,Active
6372,Xavier Turner,Xavier,Turner,RB,,Active
5033,Dorian O'Daniel,Dorian,O'Daniel,LB,,Active
13994,Max Harris,Max,Harris,LB,,Active
5646,Tae Davis,Tae,Davis,LB,,Inactive
1473,Nick Kasa,Nick,Kasa,TE,,Inactive
8058,Nate McCrary,Nate,McCrary,RB,,Active
1834,Malcolm Butler,Malcolm,Butler,CB,,Inactive
1077,Travis Benjamin,Travis,Benjamin,WR,,Active
3371,Darius Jackson,Darius,Jackson,RB,,Active
13067,Joshua Pickett,Joshua,Pickett,CB,,Active
2251,Logan Thomas,Logan,Thomas,TE,,Active
327,Joe Thomas,Joe,Thomas,T,,Inactive
4234,Noah Brown,Noah,Brown,WR,,Active
3302,John Theus,John,Theus,OT,,Inactive
11223,John Hall,John,Hall,WR,,Active
6643,Charles Holland,Charles,Holland,WR,,Active
5567,Janarion Grant,Janarion,Grant,WR,,Inactive
4504,John Robinson-Woodgett,John,Robinson-Woodgett,RB,,Active
5212,Hercules Mata'afa,Hercules,Mata'afa,DE,,Active
5620,Elijaah Goins,Elijaah,Goins,FS,,Active
7719,Jordan Smith,Jordan,Smith,DE,,Active
12845,Car'lin Vigers,Car'lin,Vigers,CB,WAS,Active
5843,Devin Bush,Devin,Bush,LB,CHI,Active
12557,Jahdae Barron,Jahdae,Barron,DB,DEN,Active
1185,Travaris Cadet,Travaris,Cadet,RB,,Inactive
5385,Alec Bloom,Alec,Bloom,TE,,Active
7209,Garrett Taylor,Garrett,Taylor,S,,Active
663,Benjamin Watson,Benjamin,Watson,TE,,Injured Reserve
4910,Quincy McDuffie,Quincy,McDuffie,WR,,Active
4810,Kwayde Miller,Kwayde,Miller,OT,,Active
918,Niles Paul,Niles,Paul,TE,,Injured Reserve
1591,Alvin Bailey,Alvin,Bailey,G,,Inactive
6744,Greg Ward,Greg,Ward,WR,,Active
3992,Dave Caldwell,Dave,Caldwell,,,Inactive
